序号,谚语,原谚,拼音,注释,释义,附记,市县,大类,小类,页码,录入者,校对者
'0001,月光处处光，异国思故乡。,,,,,,福州市,时政类,祖国、家乡,2,子善,
'0002,"有土{才,乍}有花，有国{才,乍}有家。",,,,,,福州市,时政类,祖国、家乡,2,子善,
'0003,"七{蹓,遛}八{蹓,遛}，{不如,无拆}福州。",,,,出外走了许多地方，还是福州好。表明闽籍华侨眷恋故乡之情的深厚。,,福州市,时政类,祖国、家乡,2,子善,
'0004,"彩云追月，游子想{奶,嬭}①。",,"{奶,嬭}，福州话，读{lei,nē}。",①想母亲,,,福州市,时政类,祖国、家乡,2,子善,
'0005,"久居异地必思祖，人{到,遘}花甲恋故土。",,,,,,福州市,时政类,祖国、家乡,2,子善,
'0006,"齐困①{一,蜀}床帐，台湾属福建②。",,,①同睡一起。②历史上台湾是一个府，隶属福建省管辖。,,,福州市,时政类,祖国、家乡,2,子善,
'0007,本山牛食本山草。,,,,,,福州市,时政类,祖国、家乡,2,子善,
'0008,铁打延平府，纸褙①福州城。,,褙，福州话，读bǔi。,①纸糊的。,,延平即今天的福建南平市。从地貌上说，延平居闽江上游，山高水险入侵者不易攻取.抗日时期福州两度沦陷，南平均巍然不动，历史往上溯，更是交通闭塞，延平当然更为固若金汤，福州居闽江下游，又是面临海口，同时又是兵家必争之地，地势上无险可守，易为入侵者所攻取。〔纸褙福州城一打就破，铁打延平府固若金汤〕“纸褙福州城”另一解释：由于旧时代福州建筑物百分之八十是土木结构，经不起火灾，一烧就是几十成百间的一大片。如今福州新建筑群均是钢骨水泥，不怕火灾，纸褙福州城成为过去的历史。现代化战争不存在前方后方。铁打延平府，也不能再夸口了，这条谚语有着极为明显的时代标志。,福州市,时政类,祖国、家乡,2,子善,
'0009,"本乡鸟啄本地虫，本乡人{吃,食}本乡水。",,,,,,福州市,时政类,祖国、家乡,p.2-3,子善,
'0010,台湾兵假勇。,,,,台湾处亚热带的海洋性气候，穿着多以单薄凉爽夏衣为主。台湾兵制服均以短袖短裤。闽人谓不怕冷者皆以此谚对之。以此表明台闽关系之深。,,鼓楼区,时政类,祖国、家乡,3,子善,
'0011,"台湾钱，台湾{用,使}。",,,,清代初闽省置台湾为府，福州人多滞留台地谋生，由于往返水路往返不便，只好将在台湾赚的钱用在台湾。此谚作证台湾在历史上与我省渊源之深。,,鼓楼区,时政类,祖国、家乡,3,子善,
'0012,"牛头马面是娘{奶,嬭}，胭脂拍粉是别{人,侬}。",,,,父母长得再难看，还是自己的亲人。别人纵使涂脂抹粉赛美人，还是别人。,,福州市,时政类,祖国、家乡,3,子善,
'0013,金同安，银漳浦。,,,,同安与漳浦县都是产粮区。,,,时政类,祖国、家乡,3,子善,
'0014,三坊七巷出乡绅。,,,,旧时，福州士宦之家，多聚居在城内南后街的三坊七巷内。南后街西侧的衣锦坊、文儒坊、光禄坊称三巷；东侧的杨桥巷、朗官巷、塔巷、黄巷、安民巷、吉庇巷称七巷。,,鼓楼区,时政类,祖国、家乡,p.3-4,子善,
'0015,福州八卦地。,,,,,,鼓楼区,时政类,祖国、家乡,4,子善,
'0016,走马仓前看走马，番船浦前泊番船。,,,,五口通商后，福州仓前山成为租界，山上辟有跑马场（今市体育馆地址），供洋人赛马娱乐之用。仓山临江泛船浦地界，原名番船浦，当时乃洋船集泊港，因而有此谚。,,鼓楼区,时政类,祖国、家乡,4,子善,
'0017,"陈林{一,蜀}大半，黄郑满街摆。",,,,陈林两大姓，占去旧福州人口一半。黄郑二姓到处都是。这四姓很早就从中原迁居福州。,,鼓楼区,时政类,祖国、家乡,4,子善,
'0018,余府三缸金，长池十八癞。,,,,余府巷与长池巷均福州西门的巷名，而且两巷相邻。宋朝一个宰相姓余的就住在今余府巷内，家有三缸金，为福州巨富。而长池巷却是贫民窟，生活条件差，多生癞，故有此谚。,,鼓楼区,时政类,祖国、家乡,4,子善,
'0019,"{背,𩩍}后{狗,犬}，咬死{人,侬}。",,,,讽喻：对施放暗箭的歹类，要有充分的警惕性。,,福州市,时政类,阶级、敌我,p.4-5,子善,
'0020,"回头鼠，咬死{人,侬}。",,,,讽喻：对丑类不要因其挨打而放松应有的警惕，招来不测之祸。,,福州市,时政类,阶级、敌我,5,子善,
'0021,"门限{又,复}高{狗,犬}{又,复}大。",,,,"{旧时,}权贵者住宅都是高门大限，深宅大院，一般都豢养有看门狗，一般平民百姓休想进去。",,福州市,时政类,阶级、敌我,5,子善,
'0022,蚂蜞吮血。,,,,"喻高利贷者为吸血{鬼,蚂蜞}。",,福州市,时政类,阶级、敌我,5,子善,
'0023,"夫人{奶,嬭}抽签，碰著卖线①。",,卖线，福州话，念mè siǎng。,①指神明不灵。“不灵”福州话音同“儥圣”，不灵验也。因谐音故谓之。,原书注释逻辑不顺，待进一步调查。,,福州市,时政类,阶级、敌我,5,子善,
'0024,龙虎相斗，虾鳖做灾。,,,,大人物互斗，必然殃及普通老百姓。,,福州市,时政类,阶级、敌我,p.5-6,子善,
'0025,手插炭瓮,,,,讥贪官污吏，一手黑脏。,,鼓楼区,时政类,阶级、敌我,6,子善,
'0026,犬食猪屎，尾症①。,,,①尾症：最后的病症。指末路，将死的症候。,连猪屎都吃的狗，说明它饿慌了，事迫无奈。,,福州市,时政类,阶级、敌我,6,子善,
'0027,"羊死目未{克,䀫}①。",,未䀫，福州话，读mè káik。,①不闭,羊死，其目不闭。喻明智无济于事，犹尽力为之，与“死不甘心”同义。,,鼓楼区,时政类,阶级、敌我,6,子善,
'0028,"扫帚也{要,着}过刀。",,,,相传清军入关，屠城，人死殆尽，见物也乱加砍杀。,,鼓楼区,时政类,阶级、敌我,6,子善,
'0029,"斧头砍自{脚,骹}",,,,与“搬起石头砸自己的脚”同义。,,鼓楼区,时政类,阶级、敌我,6,子善,
'0030,"{吃,食}信①老鼠乱钻。",,食信，福州话，念,①指砒霜毒物,喻惊恐万状到处乱钻。,,鼓楼区,时政类,阶级、敌我,6,子善,
'0031,政策政策，时时刻刻。,,,,讽刺政策多变。,,福州市,时政类,政策,7,子善,
'0032,人心如铁，官法如炉。,,,,,,鼓楼区,时政类,政策,7,子善,
'0033,"衙门有大{小,嫩}，法度总一般。",,,,国家法律不因衙门大小而不同，在我国封建社会所鼓吹的在法律面前人人平等。如“王子犯法与百姓同”。这是迷人的欺骗性。不然孔夫子提倡的“刑不上大夫”怎么解释？,,鼓楼区,时政类,政策,7,子善,
'0034,"宁可绝嗣，不可玩{遇,誉}①。",,玩誉，福州话，读nguàng ngë̂ü。,①生子不肖做出意料之外的不体面事。,,,福州市,时政类,时事事态,7,子善,
'0035,"{一,蜀}条香插三{个,只}炉。",,,,一个男孩，要做三家的继承人。讽刺重男轻女畸形事态。,,福州市,时政类,时事事态,7,子善,
'0036,"养{仔,囝}学做戏，不如{没,无}出世。",,,,旧社会艺人没地位，生活又没保障，所以人人贱视这个职业，生下孩子千万不要学演戏。,,福州市,时政类,时事事态,p.7-8,子善,
'0037,"龙眼核看{人,侬}{代,逮}①。",,逮，福州话，读dâi。,①扔,龙眼核扔人看贫富，势利鬼嘴脸。福州多产龙眼，过去季节到了街旁路上都是人们吃剩的龙眼核。,,福州市,时政类,时事事态,8,子善,
'0038,"迎亲长长阵，拜堂{只,㑚}两{人,侬}。",,,,,,福州市,时政类,时事事态,8,子善,
'0039,"穷人{卖吃,儥食}①四两肉。",,①儥，福州话，读mâ,①不能够吃,穷人吃了四两肉，就会引起人们怀疑钱的来路。,,福州市,时政类,时事事态,8,子善,
'0040,"{一,蜀}回做贼百回疑。",,,,,,福州市,时政类,时事事态,8,子善,
'0041,"{一,蜀}时韭菜{一,蜀}时葱。",,,,韭菜与葱系闽地常青蔬菜。但是他不能当主菜，均为配料之用。因此，表明善于随机应变之意。,,福州市,时政类,时事事态,8,子善,
'0042,"{一,蜀}样米，{吃,食}百样{人,侬}。",,,,一种米，养活的是各种各样的人，善恶愚聪各不相同，喻人类的复杂性。,,福州市,时政类,时事事态,8,子善,
'0043,"{一,蜀}代富，扎袖卷裤；二代富，长衫马裤；三代富，有裙{没,无}裤。",,,,扎起袖子，卷起裤管劳动的人就能使一代人致富。第二代继承父辈财产的便懂得长衫马裤的享受。到了第三代多导致倾家荡产有裙袂裤。“有群没裤”在闽形容破落户的丑态。此谚说明好逸恶劳者，不管你怎么富也富不过三代。,,福州市,时政类,时事世态,p.8-9,"子善, Loser & Humberger",
'0044,下界爷爬儥上横案桌。,,,①迷信中的菩萨神明，有上界下界之分。上界是玉帝星君天兵天将之类，下界系阎王土地阴魂冥鬼等等。,闽俗下界神明不上供案的，只能在地上吃香火。喻下等人捧不上桌面。,,福州市,时政类,时事世态,9,"子善, Loser & Humberger",
'0045,一不做媒，二不做保。,,,,做媒和为人家担保，责任大，闲话也多，明哲保身者不干此事。,,福州市,时政类,时事世态,9,"子善, Loser & Humberger",
'0046,手中无把米，告鸡鸡儥来。,,,,比喻不给人好处，就不能叫得人来。,,福州市,时政类,时事世态,9,"子善, Loser & Humberger",
'0047,一人得道，鸡犬升天。,,,,,汉，王充《论衡·道虚》一书记载：淮南王刘安修道炼丹，吃了仙丹成仙，余下丹药为他家鸡犬吃了也随他升天得道。此谚喻人世间的裙带风之盛由来已久。,福州市,时政类,时事世态,9,"子善, Loser & Humberger",
'0048,年难过，难过年。年年难过，年年过。,,,,,,福州市,时政类,时事世态,9,"子善, Loser & Humberger",
'0049,牛儥仈角弯，马儥仈角长。,,,,自己不知道自己的短处。,,福州市,时政类,时事世态,9,"子善, Loser & Humberger",
'0050,凤凰落地不如鸡。,,,,比喻有权势的人，一旦失去权势，还不如一般人。,,福州市,时政类,时事世态,p.9-10,"子善, Loser & Humberger",
'0051,无林不开榜。,,,,旧时福州林姓素享望族，历代科举人才最盛，几乎科科都有福州林。,,鼓楼区,时政类,时事世态,10,Loser & Humberger ,
'0052,无福不成衙。,,,,谓旧时台湾的大小官衙，都有福州人任职。以此说明闽台关系由来已久。,,鼓楼区,时政类,时事世态,10,Loser & Humberger ,
'0053,跟人比，气半死。,,,,,,福州市,时政类,时事世态,10,Loser & Humberger ,
'0054,船欹①众人踏。,,欹：方言，读kī。,歪斜一边。,船歪斜一边众人也踏倒在这一边。讥有些势利人南风南斜，北风北斜的可耻行为。,,鼓楼区,时政类,时事世态,10,Loser & Humberger ,
'0055,江心这么大，船头会相碰。,,,,,,福州市,时政类,时事世态,10,Loser & Humberger ,
'0056,打狗欺主人。,,,,,,鼓楼区,时政类,时事世态,10,Loser & Humberger ,
'0057,府里又误县里又误。,,,,,,鼓楼区,时政类,时事世态,10,Loser & Humberger ,
'0058,又浅又泼渍。,,,,“泼渍”福州方言，指泼落之意。本来东西不多，而又受意外损耗，喻人遭遇不测。,,福州市,时政类,时事世态,10,Loser & Humberger ,
'0059,又穷又出鬼。,,,,谓遭遇坎坷，与祸不单行同义。,,福州市,时政类,时事世态,10,Loser & Humberger ,
'0060,钱财不可露眼。,,,,,,,时政类,时事世态,11,Loser & Humberger ,
'0061,奶奶死钦钦橐橐，老爹死寂寂寞寞。,,,,“钦钦橐橐”做法事的乐器之声。谓当官的妻死，有人巴结，为她治丧，热闹一场。而到了官老爷本人死了，失其权势，就美人理睬，冷冷清清。,,鼓楼区,时政类,时事世态,11,Loser & Humberger ,
'0062,生不带来，死不带去。,,,,钱财身外物，给为富不仁者一记耳光。,,,时政类,时事世态,11,Loser & Humberger ,
'0063,城里人怕吃，乡下人怕捏。,,捏，方言，念liē,,旧时，城里人也不富裕，所以很怕客人来吃饭。过去农村人非常怕事、诞下，因而非常怕官府来抓人。国民党统治时期抓壮丁，年轻农民一闻讯都躲到山上森林中区，由于封建思想束缚，不敢公开反抗，只好消极躲避。此谚再现了当时城乡人民生活面貌。,,福州市,时政类,时事世态,11,Loser & Humberger ,
'0064,先留人情，以后好相见。,,,,,,福州市,时政类,时事世态,11,Loser & Humberger ,
'0065,亲戚姜姆汤。,,,,亲戚之间利害冲突，同样关系也会紧张起来的，好像姜姆一样辛辣无情。,,鼓楼区,时政类,时事世态,11,Loser & Humberger ,
'0066,黄瓜鱼放春子，一代不如一代，,,,,,,鼓楼区,时政类,时事世态,11,Loser & Humberger ,
'0067,犬仔抱过门限也要钱。,,,,讥苛捐杂税。,,鼓楼区,时政类,时事世态,11,Loser & Humberger ,
'0068,犬吠褴褛人。,,,,讥势利之徒。,,鼓楼区,时政类,时事世态,p.11-12,Loser & Humberger ,
'0069,犬藉老虎威。,,,,,,鼓楼区,时政类,时事世态,12,Loser & Humberger ,
'0070,长乐济，有阔无长。,,,,苧麻所织的夏布谓之“济”，闽地产于长乐县。布幅宽阔，而每匹的尺度较强，故“有阔无长”之谚语。此谚也借讽刺有权势的人虽然今天阔了，终于不得久长。,,鼓楼区,时政类,时事世态,12,Loser & Humberger ,
'0071,先生管斋不管街。,,,,旧时老师只管课堂，不管在路途中的行为。现在的老师什么都官。说明老师责任之大。,,鼓楼区,时政类,时事世态,12,Loser & Humberger ,
'0072,刘伯温寻无主。,,,,元末刘伯温，饱学多才，欲择主而事，长期无所从。后遇朱元璋，配合起义，做了一番事业。喻觅主艰难。,,鼓楼区,时政类,时事世态,12,Loser & Humberger ,
'0073,未见严嵩，先见严年。,,,,明嘉靖宰相严嵩专横，看门奴严年把门纳贿，大发横财。喻官吏贪赃枉法，其手下役吏（今谓经办人）尤为凶恶。,,鼓楼区,时政类,时事世态,12,Loser & Humberger ,
'0074,文官把笔安天下，武将持刀定太平。,,,,,,鼓楼区,时政类,时事世态,12,Loser & Humberger ,
'0075,大王补库，弟子出钱。,,,,旧时，福州美国街道谓之“境”，每境均供有地方神大王爷。大王一掌冥财，二庇平安。时不时举行“大王补库”仪式，以冥钱火化补充大王爷所掌管的库银。此笔开支均由当地信男善女出资募捐。,,鼓楼区,时政类,时事世态,p.12-13,Loser & Humberger ,
'0076,同行三分仇，隔行如隔山。,,,,,,福州市,时政类,时事世态,13,Loser & Humberger ,
'0077,人随王法草随风。,,,,喻法制健全可使人民顺服，好比野草随风倒伏一样道理。,,鼓楼区,时政类,时事世态,13,Loser & Humberger ,
'0078,先留人情，日后好相见。,,,,,,鼓楼区,时政类,时事世态,13,Loser & Humberger ,
'0079,人情似张张薄，世事如棋局局新。,,,,叹息旧社会人情淡泊，世事无常。,,鼓楼区,时政类,时事世态,13,Loser & Humberger ,
'0080,富人过年欢喜欢，穷人过年爬刀山。,,,,,,鼓楼区,时政类,时事世态,13,Loser & Humberger ,
'0081,富贵如龙，贫穷似虎。,,,,,,鼓楼区,时政类,时事世态,13,Loser & Humberger ,
'0082,理毫压倒英雄汉。,,,,,,鼓楼区,时政类,时事世态,13,Loser & Humberger ,
'0083,举人无手，进士无脚。,,,,旧时以科举取士。省会地方考谓之乡试，中者为举人，中举后就有很多人帮手做事，无须劳碌，所以不用手。到京都考试谓会试、殿试，考取三名内为状元、榜眼、探花。三名后为进士。不仅不用手劳动，同时行则做轿骑马，两脚也不要动了。讥知识分子“饭来张口，衣来穿手”。,,鼓楼区,时政类,时事世态,13,Loser & Humberger ,
'0084,老鼠会变牛。,,,,喻神通广大。,,鼓楼区,时政类,时事世态,13,Loser & Humberger ,
'0085,老爹①讲错再讲起，百姓讲错打半死。,,,①指官老爷。,封建社会人与人之间旧时如此不平等,,鼓楼区,时政类,时事世态,13-14,Loser & Humberger ,
'0086,有理无理，干证先死,,,,“干证”指证人。为人作证。多受累吃亏。明哲保身的观点反映。,,鼓楼区,时政类,时事世态,14,Loser & Humberger ,
'0087,秀才管读书，屠户管宰猪。,,,,各行各业都有自己的业务专长，与“行行出状元”同义。,,鼓楼区,时政类,时事世态,14,Loser & Humberger ,
'0088,有天没日天。,,,,讥旧社会黑暗。,,鼓楼区,时政类,时事世态,14,Loser & Humberger ,
'0089,有状元学生，无状元先生。,,,,科举时代，中了状元，必做大官，谁也不会区当清苦的教书匠。,,鼓楼区,时政类,时事世态,14,Loser & Humberger ,
'0090,有钱讲话响叮当，无钱讲话无人听。,,,,,,鼓楼区,时政类,时事世态,14,Loser & Humberger ,
'0091,时衰鬼弄人。,,,,,,鼓楼区,时政类,时事世态,14,Loser & Humberger ,
'0092,有势使势，无势讨势。,,,,处事要能屈能伸。,,鼓楼区,时政类,时事世态,14,Loser & Humberger ,
'0093,穷居闹市无人问，富在深山有远亲。,,,,,,鼓楼区,时政类,时事世态,14,Loser & Humberger ,
'0094,伴君如伴虎。,,,,伴皇帝，皇帝反复无常，随时都有危险。,,鼓楼区,时政类,时事世态,14,Loser & Humberger ,
'0095,身在矮檐下，不得不低头。,,,,,,鼓楼区,时政类,时事世态,14,Loser & Humberger ,
'0096,堂上交椅轮流坐。,,,,,,鼓楼区,时政类,时事世态,15,Loser & Humberger ,
'0097,七科八进士，三代五尚书。,,,,,明朝正德年间，福州东郊林浦乡林翰一家七科中了八个进士，三代陆续除了五个尚书，官运亨通，甲于海内。,福州市,其它,,15,Loser & Humberger ,
'0098,一世做官七世愆。,,,,旧时人民对做官者均不怀好感。做了一世官，积累下来的罪恶等于七世愆孽。多么概况的咀咒。,,福州市,其它,,15,Loser & Humberger ,
'0099,眠床下赐毽子平平高。,,,,闽人儿童喜爱踢毽子运动。男孩踢的毽子是鸭毛编制的，底夹锡线增强弹性，踢起来丈余高，运动量较大。女孩子喜爱羊毛编制的扁毽，底铺铜线增加重量，运动量不大，踢姿优美，边哼毽谣边运动，《一手心，二手背》就是当时极为流行的谣曲。此谚喻人才受压抑。,,福州市,其它,,15,Loser & Humberger ,
'0100,马蹄踏破御街水，举人出去状元回。,,,,明万历年间，我省闽侯县（今属福州市郊区）洪塘乡翁正春大魁天下，得中状元衣锦荣乡。当时洪塘流行此谚。,,福州市,其它,,15,Loser & Humberger ,
'0101,马上也是人，马下也是人。,,,,“马上”指当官的，“马下”指百姓，两者都是人，所不同者一个有权，治人，一个无权，治于人。,,福州市,其它,,15-16,Loser & Humberger ,
'0102,四眼开，状元来。,,,,清乾隆时，福州邓启元，赵晋，吴文焕，林枝春先后榜眼及第，到了道光年间，福州林鸿年中了状元，一个地方能连续出四个榜眼，一个状元，可谓人文繁庶，地灵人杰，十分体面。此谚流行于道光光绪年间之榕城。,,鼓楼区,其它,,16,Loser & Humberger ,
'0103,越穷越慷慨，越富越奸宄①。,,奸宄，方言，读gān giǔ,,①吝啬,,福州市,事理类,真理、规律,18,溯朔,
'0104,贻顺哥只留烛蒂。,,,,,传说清嘉庆年间，福州南台三保街有个名马贻顺丝线店老板，性格吝啬，到中年时方讨个年轻貌美的寡妇春香为妾，虽然说春香前夫行船失水而亡，但没有捞到尸体，死否无法证实。因而洞房花烛夜春香与之有约，如果日后前夫一旦生还，必须无条件让她回到前夫春生那里。婚后十载，果然春生生还，春香要贻顺践约，贻顺不放，告到地方官王绍兰判决。前夫后夫各说道理，争夺春香，王绍兰设计令春香假死。贻顺见尸认为无利可图，反赔了埋葬费，不合算，故而放弃领尸，王绍兰赐一红包让马贻顺离去，走到衙门口，春香活着与春生出来，贻顺见之大骇，打开红包一看，原来，留一截烛蒂，一个老婆只换一截烛蒂，悔之晚矣。“贻顺哥只留烛蒂”。挪输吝啬人只重钱财不重人的结果。,福州市,事理类,真理、规律,18,溯朔,
'0105,话讲不算数，船过水没痕。,,,,,,福州市,事理类,真理、规律,18,溯朔,
'0106,宁作太平犬，不作乱世人。,,,,,,福州市,事理类,真理、规律,18,溯朔,
'0107,脱裙脱裤，做死不富。,,,,不从事正常劳动的人，一生富不起来的。,,福州市,事理类,真理、规律,18,溯朔,
'0108,好刀磨石不用水，好仔讨亲不花钱。,,,,,,,事理类,真理、规律,19,溯朔,
'0109,家无流浪子，官从何处来。,,,,,,福州市,事理类,真理、规律,19,溯朔,
'0110,好铁不打钉，好仔不当兵。,,,,旧社会当兵无出路，新社会当兵光荣。“一人参军，全家光荣”成了新谚。,,福州市,事理类,真理、规律,19,溯朔,
'0111,衣裳爱新人爱旧。,,,,喜新厌旧人之常情，“器唯求新”与此同义。,,福州市,事理类,真理、规律,19,溯朔,
'0112,嘴舌和牙都会相碰。,,,,舌与牙亲密无间，然而有时也会发生矛盾的。说明矛盾之普遍性。,,福州市,事理类,真理、规律,19,溯朔,
'0113,靴破底厚。,,,,,,鼓楼区,事理类,真理、规律,19,溯朔,
'0114,有理无理，瞒不了乡里。,,,,,,鼓楼区,事理类,真理、规律,19,溯朔,
'0115,佬虽佬①还抓一把豆。,,,①佬音漏，老也。,人虽老，但仍有其作用。,,鼓楼区,事理类,真理、规律,19,溯朔,
'0116,有死罪，无饿罪。,,,,,,鼓楼区,事理类,真理、规律,19,溯朔,
'0117,坐食山崩。,,,,,,鼓楼区,事理类,真理、规律,19,溯朔,
'0118,手指难做门闩。,,,,,,鼓楼区,事理类,真理、规律,19,溯朔,
'0119,世上只有船拢岸，没有见过岸拢船。,,,,,,鼓楼区,事理类,真理、规律,19,溯朔,
'0120,孝顺还生孝顺子，忤逆必生忤逆儿。,,,,,,鼓楼区,事理类,真理、规律,19,溯朔,
'0121,富人无大仔，穷人无大猪。,,,,富人纵子为非，不少尚未长大就先死。穷人养猪因无本钱，未大先卖。,,鼓楼区,事理类,真理、规律,20,溯朔,
'0122,人行有脚印，马过有落毛。,,,,,,鼓楼区,事理类,真理、规律,20,溯朔,
'0123,人急造反，狗急跳墙。,,,,,,鼓楼区,事理类,真理、规律,20,溯朔,
'0124,三十六行，行行出状元。,,,,,,鼓楼区,事理类,真理、规律,20,溯朔,
'0125,大树下好歇凉。,,,,,,鼓楼区,事理类,真理、规律,20,溯朔,
'0126,长赌必输。,,,,长期参赌者，绝对必输，这是铁的规律。,,鼓楼区,事理类,真理、规律,20,溯朔,
'0127,手指伸出有长短。,,,,,,鼓楼区,事理类,真理、规律,20,溯朔,
'0128,官无三日紧。,,,,指官方办事，经常是虎头蛇尾，开头抓很紧，后来就慢慢放松了，甚至不了而了。,,鼓楼区,事理类,真理、规律,20,溯朔,
'0129,有百年的社员，没有百年的社长。,,,,,,福州市,事理类,真理、规律,20,溯朔,
'0130,村看村，户看户，群众看党员，党员看干部。,,,,,,福州市,事理类,真理、规律,20,溯朔,
'0131,人不同心，蛤不同花。,,,,海产贝类花蛤壳面花纹无一相同，人心不齐，有如花蛤之纹各异。,,鼓楼区,事理类,真理、规律,20,溯朔,
'0132,手指里拗里不拗出。,,,,向内屈的，不可能向外屈。喻对人难免有亲疏之分，内外有别。,,鼓楼区,事理类,真理、规律,20-21,溯朔,
'0133,先得而后不得。,,,,有“捷足先登”之意。,,鼓楼区,事理类,真理、规律,21,溯朔,
'0134,嘴舌无骨牙无肉。,,,,喻不要随便说人。,,鼓楼区,事理类,真理、规律,21,溯朔,
'0135,老子偷鸡摸狗，儿子杀人放火。,,,,意谓父亲坏，儿子更坏。,,,事理类,真理、规律,21,溯朔,
'0136,井水不汲不出泉。,,,,井水不用，时间久了就会断了水源，与“户枢不橐，流水不腐”同义。,,福州市,事理类,真理、规律,21,溯朔,
'0137,一山不容二虎。,,,,,,福州市,事理类,真理、规律,21,溯朔,
'0138,一鸡死，一鸡鸣。,,,,天下这么大，凡事都是后继有人的。,,福州市,事理类,真理、规律,21,溯朔,
'0139,穷人没病就是富，富人没病便是仙。,,,,,,福州市,事理类,真理、规律,21,溯朔,
'0140,虎落平洋被犬欺。,,,,老虎原是拜寿之尊，下到平原地带连狗都会来欺侮的。喻人才得不到施展本领的环境，同样也会遭到一些平庸之辈的欺侮。,,鼓楼区,事理类,真理、规律,21,溯朔,
'0141,等汤难滚，等仔难大。,,,,等着烧开水，仿佛汤水很难沸腾，同样地等儿子长大，也觉得天长地久。表明人们等待的心理状态。,,福州市,事理类,真理、规律,21,溯朔,
'0142,石头会长，仔会大。,,,,,,福州市,事理类,真理、规律,22,溯朔,
'0143,打蛇打七寸，擒贼要擒王。,,,,,,鼓楼区,事理类,真理、规律,22,溯朔,
'0144,人不可貌相，海不可斗量。,,,,,,鼓楼区,事理类,真理、规律,22,溯朔,
'0145,人无完人，金无足赤。,,,,,,鼓楼区,事理类,真理、规律,22,溯朔,
'0146,人无头不走，鸟无头不飞。,,,,,,鼓楼区,事理类,真理、规律,22,溯朔,
'0147,人不求人一般大，水不下滩一展平。,,,,,,鼓楼区,事理类,真理、规律,22,溯朔,
'0148,人死如灯灭。,,,,,,鼓楼区,事理类,真理、规律,22,溯朔,
'0149,人多好做事，人少好食饭。,,,,,,鼓楼区,事理类,真理、规律,22,溯朔,
'0150,人生一世，草生一秋。,,,,,,鼓楼区,事理类,真理、规律,22,溯朔,
'0151,人外有人，天外有天。,,,,,,鼓楼区,事理类,真理、规律,22,溯朔,
'0152,人有失足，马有闪蹄。,,,,,,鼓楼区,事理类,真理、规律,22,溯朔,
'0153,人都好心，狗不吃屎。,,,,世上人人都是好心的，那么狗也会改变吃屎的天性。喻人间善恶不齐。,,鼓楼区,事理类,真理、规律,22,溯朔,
'0154,人算不如天算。,,,,,,鼓楼区,事理类,真理、规律,22,溯朔,
'0155,人往高处走，水往低处流。,,,,,,鼓楼区,事理类,真理、规律,22,溯朔,
'0156,人老精，姜老辣。,,,,,,鼓楼区,事理类,真理、规律,22,溯朔,
'0157,人有善愿，天必从之。,,,,,,鼓楼区,事理类,真理、规律,22,溯朔,
'0158,藕接蔗。,,,,藕与蔗不同类所以不能接的。与“牛头不对马嘴”同义。,,鼓楼区,事理类,真理、规律,22,溯朔,
'0159,纸糊拦干。,,,,纸糊拦干不能依靠。,,鼓楼区,事理类,真理、规律,22,溯朔,
'0160,众眼是秤，众言是尺。,,,,众眼是秤，可以衡量一切。众言是尺可以论长短。封人们的眼睛和嘴巴，客观上是做不到的。与“皇帝难封众人口”同义。,,福州市,事理类,真理、规律,22-23,溯朔,
'0161,一枝草配一滴露。,,,,,,福州市,事理类,真理、规律,23,溯朔,
'0162,一山头一鹧鸪。,,,,,,福州市,事理类,真理、规律,23,溯朔,
'0163,稻看收成，人看结果。,,,,此谚意为稻谷的好坏，以收成来判断，人的评价，以最后的结局为准。有“盖棺论定”的意思。,,福州市,事理类,真理、规律,23,溯朔,
'0164,花巷到南营，行当这样行。,,,,花巷与南营，相通的一条巷总是这么一种走法。喻墨守成规。,,福州市,事理类,真理、规律,23,溯朔,
'0165,自己文章，别人老婆。,,,,,,福州市,事理类,真理、规律,23,溯朔,
'0166,女子心事头发长。,,,,喻女子多思。,,福州市,事理类,真理、规律,23,溯朔,
'0167,老虎未吃人，土地公先画号，,,,,老虎虽霸于一方，然而吃人还得征求土地神的同意。喻每事均有所制约。,,鼓楼区,事理类,真理、规律,23,溯朔,
'0168,杀人偿命，欠债还钱。,,,,,,鼓楼区,事理类,真理、规律,23,溯朔,
'0169,老实人有老实饭吃。,,,,,,鼓楼区,事理类,真理、规律,23,溯朔,
'0170,坎爿碎①也中垫桌跤②。,,①坎爿碎，方言，读kán bén cuài,①瓦砾。②桌脚。,就是瓦砾也会派上用场。喻人都会有用处。,,鼓楼区,事理类,真理、规律,23-24,溯朔,
'0171,宁可养贼子，不要生歞①奴。,,,①傻瓜。,,,福州市,事理类,思维,24,溯朔,
'0172,用千用万，尿壶没掼①。,,没掼，方言，读mò guàng。,①没有提把。,什么大钱都花了，就是舍不得去买一个新的尿壶，宁可抱着缺提把的尿壶小便。,,福州市,事理类,思维,24,溯朔,
'0173,有嘴讲别人，没咀讲自己。,,,,,,福州市,事理类,思维,24,溯朔,
'0174,三家夹①五桶。,,夹，方言，读gà（韵母a声调应为入声）。,①共,三户人家共买五只桶，怎么分也分不均。,,福州市,事理类,思维,24,溯朔,
'0175,柴换炭，齐好看。,,,,喻封建社会所谓礼尚往来的虚伪性。,,福州市,事理类,思维,24,溯朔,
'0176,弹迷梦①吃老羊蹄。,,弹迷梦，方言，念dān mīn měng。,①做美梦。,做梦也想在那儿啃吃着美味的羊瓜子。另一种解释：有人看见他熟睡，故意用羊瓜子让他去吃，他闻到香味一边假装熟睡的样子，一边照样啃吃着羊蹄。喻明知伪装不知之意。与福州谚语假“盘数”同义，也与“大智若愚”同义。,,鼓楼区,事理类,思维,24-25,溯朔,
'0177,大错不犯，小错不断。,,,,一种平庸无为者的哲学。,,福州市,事理类,思维,25,溯朔,
'0178,乞丐养画眉。,,,,已沦为乞丐了，挣扎在死亡线上，还有心绪养画眉玩鸟，真是不识时务。与“死不知倒”闽谚同义。,,福州市,事理类,思维,25,溯朔,
'0179,青盲猫①抱死鼠。,,青盲，方言，念Piāng màng。,①瞎猫,讥讽教条主义和狭隘经验主义，与“抱着象腿以为就是大柱”同义。,,福州市,事理类,思维,25,溯朔,
'0180,猪宰白①讲价。,,宰，方言，念tài。,①宰好剥毛后。,猪宰好剥毛后给你论价钱，只好卖贱价。,,福州市,事理类,思维,25,溯朔,
'0181,吃饱做事，不管闲事。,,,,持明哲保身者观点，与“只管打扫门前雪，不管他人瓦上霜”同义。,,鼓楼区,事理类,思维,25,溯朔,
'0182,七哥问八哥差不多。,,,,两相无须比较，高矮差不了多少，与“不怕不识货，只怕货比货”成反义，是保守主义的观点。,,鼓楼区,事理类,思维,25-26,溯朔,
'0183,鸭姆混在凤凰飞。,,,,无自知之明，实际上也飞不起来。,,福州市,事理类,思维,26,溯朔,
'0184,近庙欺神。,,,,讥舍近求远的思想。,,鼓楼区,事理类,思维,26,溯朔,
'0185,犬仔想吃豆腐骨。,,,,喻不切实际的想法。,,鼓楼区,事理类,思维,26,溯朔,
'0186,亲母自受脚腿白。,,,,自受即自夸。自夸腿白讥盲目自炫。,,鼓楼区,事理类,思维,26,溯朔,
'0187,没睡过三条席子的夫妻，相互之间还不可能得到完全了解。,没困①三领②席，心事摸卖着③。,卖着，方言，读（m-u-e）miē duō。,①睡。②三条。③互不了解。,福州的草席一般较为牢固，一条席子可用两三年，三条席子就能够睡八、九年。夫妻间不相处八、九年，不可能达到互相理解。喻人心的深度难于捉摸。,,福州市,事理类,实践,26-27,溯朔,
'0188,金苍蝇屎腹。,,,,外表堂皇，实际草包。,,福州市,事理类,实践,27,溯朔,
'0189,老婆跟知县相好名声好听。,,,,知县官是自己老婆的情夫，外人认为有权有势，实际上从中没有得到多少实惠。,,福州市,事理类,实践,27,溯朔,
'0190,做贼难瞒乡里，偷吃不瞒嘴只①。,,嘴只，方言，读cuì jì。,①嘴巴。,惯偷者瞒不了邻居人们，偷吃东西细看嘴巴必留痕迹。,,福州市,事理类,实践,27,溯朔,
'0191,讨着没好姆①，一世无处躲。,,姆，方言，读mǒ。,①老婆。,娶着不贤的妻，一生受苦。,,福州市,事理类,实践,27,溯朔,
'0192,没仔挨①孙，没叫天苍②。,,挨，方言，读ǎi。,①依赖。②苍天。,没有儿子，想依赖孙子，无奈何徒喊苍天。说明封建社会的孝字的虚无性。,,福州市,事理类,实践,27,溯朔,
'0193,田园日日去，亲戚淡淡行。,,,,田园天天勤奋耕耘，总是有所收获的，亲戚可不要经常来往，免得惹是非。这是过去社会生活的有益总结。,,,事理类,实践,27-28,溯朔,
'0194,讨亲讨卖着①，好比吃错药。,,卖着，方言，读miē duō。,①不理想。娶错了。,老婆找错了，好比吃错了药，祸患无穷。,,福州市,事理类,实践,28,溯朔,
'0195,画人难画手，画树难画柳。,,,,,,福州市,事理类,实践,28,溯朔,
'0196,画虎画皮难画骨，知人知面不知心。,,,,,,福州市,事理类,实践,28,溯朔,
'0197,出头损角。,,,,,,鼓楼区,事理类,实践,28,溯朔,
'0198,贼偷贼，不明白。,,,,贼偷贼，互相不敢声张，只好不明不白了结。,,福州市,事理类,实践,28,溯朔,
'0199,抓紧又怕捏死，放松又怕飞走。,,,,,,鼓楼区,事理类,实践,28,溯朔,
'0200,男爱动手，女爱动口。,,,,男的性格一般较为务实，说干就干，有的甚至不说就干。女的通病爱说话，有关无关的话都爱挂在嘴上，站在路旁街口可以说上一两个小时有关无关的话。话多是非也多，影响团结与关系。,,福州市,事理类,实践,28,溯朔,
'0201,发财容易，趁食①艰难。,,,,①趁食：发财靠机遇，有钱人越挣钱越有钱，产生了致富不困难的说法，然而想要糊口就不是那么轻松，糊口本身就是穷人，越穷越出鬼，没本钱什么事都难办。,,鼓楼区,事理类,实践,28,溯朔,
'0248,学好数理化，走遍天下都不怕。,,,,,,福州市,事理类,知识,33,缪若佳,
'0249,屋雅何须大，花香不在多。,,,,,,福州市,事理类,知识,33,缪若佳,
'0250,一技在身，不饿本身。,,,,,,福州市,事理类,知识,33,缪若佳,
'0251,家有千金，不如一技在身。,,,,,此谚源于清末民初闽剧《卓文君》一戏中卓文君赠金司马相如时，相如对文君道：“深感小姐大德，但小人不敢拜领，俗语有讲：‘家有千金，不如一艺在身’。”这里所指的俗语，可能就是当时的谚语。,福州市,事理类,知识,33,缪若佳,
'0252,十八岁见廿四代。,,,,讽刺不懂装懂，误人不浅。,,鼓楼区,事理类,知识,33,缪若佳,
'0253,出出有，样样无。,,,,讥笑没有真才实学的人，样样都不懂。,,鼓楼区,事理类,知识,33,缪若佳,
'0254,饭不知道是米煮的。,,,,讥不识世事者。,,鼓楼区,事理类,知识,33,缪若佳,
'0255,好记忆，不如烂笔头。,,,,,,鼓楼区,事理类,知识,33,缪若佳,
'0256,摸着油垢，以为诸娘。,,,,旧时妇女头发多擦油。摸着油垢，以为是诸娘。讥以偏概全。,,鼓楼区,事理类,知识,33,缪若佳,
'0257,皇帝认错保长公。,,,,把最大的皇帝误认为是最小的地保。与“有眼不识泰山”同义。,,鼓楼区,事理类,知识,33-34,缪若佳,
'0258,牛面前读契。,,,,对无知者讲道理白费心机。与“对牛弹琴”同义。,,鼓楼区,事理类,知识,34,缪若佳,
'0259,一身都是屎，何在一泡尿。,,,,喻犯严重错误的人破罐子破摔的心理状态。,,福州市,事理类,是非,34,缪若佳,
'0260,粪坑石，又臭又硬。,,,,喻有些人们明知行为失检，犯了错误，但又不肯认错改过。,,福州市,事理类,是非,34,缪若佳,
'0261,但爿状告死人。,,,,偏听偏信的危害可致人死命的。,,鼓楼区,事理类,是非,34,缪若佳,
'0262,牛头不对马嘴。,,,,,,鼓楼区,事理类,是非,34,缪若佳,
'0263,时时翻，刻刻变。,,,,,,鼓楼区,事理类,是非,34,缪若佳,
'0264,捉奸在床，抓贼凭脏。,,,,,,鼓楼区,事理类,是非,34,缪若佳,
'0265,黄狗偷吃，白狗当罪。,,,,,根据《闽都别记》传说中云：有二小偷，一名叫黄狗，一名白狗。当时闽王王宫属官国计使薛文杰长女薛品玉，因不甘与父同流合污抗婚死于非命。小偷黄狗以为薛奸相富可敌国，女必死有贵重随葬品，偷开棺木后始知品玉因虐待而亡毫无随葬品。空手而回。随后小偷白狗也到此盗棺，见棺已开，内面空空如也，不甘心白来，随后拣了一床垫褥而回，搁在家里床底下。以后薛文杰借这个机会，向全城富绅大肆进行敲诈勒索，发动全城大搜查，在白狗家中搜出品玉用的床褥，诬其盗棺元凶，把白狗打的死去活来。此谚流传，故事就出在这里，讥某些人是非不分。,福州市,事理类,是非,34-35,缪若佳,
'0266,眉毛虽无用，却占眼上风。,,,,,,福州市,事理类,是非,35,缪若佳,
'0267,无话三句讲。,,,,讥捏造事实无事生非之人。,,鼓楼区,事理类,是非,35,缪若佳,
'0268,礼多人必诈。,,,,,,福州市,事理类,爱憎,35,缪若佳,
'0269,呆①瓜多只②，呆人多礼。,,呆dāi。,①坏。②籽。,不好的西瓜内多籽，奸诈的人多礼。,,福州市,事理类,爱憎,35,缪若佳,
'0270,好心照明月，明月照沟渠。,,,,以德报怨，好心得不到好报。,,福州市,事理类,爱憎,35,缪若佳,
'0271,油嘴剃刀心。,,,,,,福州市,事理类,爱憎,35,缪若佳,
'0272,见蛇不打三分罪。,,,,看见毒蛇，你不打它，它必然会毒害许多人，比喻见到坏人，流氓，如包庇他，就有罪责。与养虎伤人养鼠咬布袋之意略同。,,福州市,事理类,爱憎,36,缪若佳,
'0273,没菁也要切开你的肉。,没菁①鞋②起沛③。,菁，方言，读qiāng。鞋起沛，方言，读à kī Puì。,①菁：闽地野生植物，叶长丈余，叶边锋利如刀片，会刺人。②会。③如利器般将身上的肉成片切开。,没有菅菁，也会刺破你的手，切开你的肉。喻挑剔成性者无事生非的险恶居心。,,福州市,事理类,爱憎,36,缪若佳,
'0274,口吐莲花，心存刀叉。,,,,,,福州市,事理类,爱憎,36,缪若佳,
'0275,仔①亲腹生，牛用钱买。,,仔，方言，读giǎng（声调为入声）。,①儿子。,儿子必须亲自生的，显得可爱。牛偷的不敢公开用之耕地，必须用钱买。,,福州市,事理类,爱憎,36,缪若佳,
'0276,父母疼歹子，皇帝爱奸臣。,罢奶①疼呆②仔，皇帝爱奸臣。,罢奶，方言，读bá rě;呆，方言，读làl。,①父母。②坏。,善于花言巧语的坏孩子，不管他怎么不肖，一般都会得到父母的偏爱。善于逢迎的奸臣一样也会得到皇帝的宠信。,,福州市,事理类,爱憎,36-37,缪若佳,
'0277,尾仔尾珍珠，好疼又好摸。,细仔①细珍珠，好疼又好摸。,细仔，方言。读sè（入声）giáng。,①最小的儿子。,通常情况下，父母都比较偏爱最小的儿子。,,福州市,事理类,爱憎,37,缪若佳,
'0278,凶拳难打笑脸。,,,,,,福州市,事理类,爱憎,37,缪若佳,
'0279,蚊子叫哼哼，又要吃又要撑①。,,撑，方言，象声词，读cēn。,呻吟、嘀咕、骂人。,蚊子咬了人家还要骂出声音。,,福州市,事理类,爱憎,37,缪若佳,
'0280,好猫管九家，凶狗爱管百人家。,,,,勤快的猫，可以抓尽好几家的老鼠；不会看家的狗，却爱到处人惹事生非。“九”“百”虚指，表多数。,,福州市,事理类,爱憎,37,缪若佳,
'0281,一脚站两条船。,,,,一个人占据两条船，一脚一条船，表面看他占了便宜，船一开走，他就落水了。讽刺贪心人的可悲结局。,,福州市,事理类,爱憎,37,缪若佳,
'0282,财主身，乞食①命。,,,乞丐。,财主虽然钱很多，由于吝啬，变成乞丐命，讥有钱舍不得花者。,,鼓楼区,事理类,爱憎,37-38,缪若佳,
'0283,跟猴拔钻①一样。,,猴拔钻，方言，gāo bèi zuàn。,①深钻在木头里的钻子，叫猴子拔出来，既费劲而又难看。,讥吝啬掏钱的一种难看表情。,,鼓楼区,事理类,爱憎,38,缪若佳,
'0284,乞丐嫌麻疯人臭腥味。,乞食嫌枯老①臭腥臊。,枯老念gū lō。,①麻疯病患者。,自己肮脏还嫌别人臭味。,,福州市,事理类,爱憎,38,缪若佳,
'0285,又偷吃又野吠。,,,,讥小人言行不端，斥其如狗。,,福州市,事理类,爱憎,38,缪若佳,
'0286,十矮九作疾①。,,作疾，方言，读zǔo jí。,①足智多谋。,喻个子矮小的人多数聪明。,,福州市,事理类,爱憎,38,缪若佳,
'0287,白面厝①，挂灯笼。,,,①妓院,妓院是下流所在，却高挂灯笼夸耀自己，不知耻。与“又要当婊子，又要树牌坊”同义。,,鼓楼区,事理类,爱憎,38,缪若佳,
'0288,生无见，死无啼。,,,,谓人际之间关系紧张，大有生死不相往来之概。,,鼓楼区,事理类,爱憎,38-39,缪若佳,
'0289,五帝怕坏人。,,,,,相传明朝，福州城内有一穷秀才陈三，为了接待远地来投之友，杀了自家的公鸡作为酒宴。恰巧隔邻当天却丢了一只鸡，诬赖陈三盗杀。陈三有口难辩，要求邻居到黄鹤巷五帝庙去公断，赌咒。这位恶邻居一到五帝庙先大声喝道：“你五帝若不公断，我便砍了你的头！”。陈三捧一块碗在神案前下跪道：“五帝爷明察，弟子如果杀的鸡是偷的，碗落地无损，如不是偷的碗下地就破。”赌嘴完摔碗下地，奇怪的很，碗却落地不破。陈三却被诬为盗了。把他气得七窍生烟，众邻里替陈三抱不平，骂五帝惊呆人。事过三载，陈三出仕了，任命东南三省巡按，视察榕城，见了黄鹤巷五帝庙，勾起过去的怨恨，一怒之下剑斩五帝神像之首，并将五帝庙改建为关公庙，纪念关羽讲信义。“五帝惊呆人”之谚典故出在此。,福州市,事理类,爱憎,39,缪若佳,
'0290,鸭母脚扒进。,,,,吝啬之人，好象鸭姆脚只扒进不扒出。,,鼓楼区,事理类,爱憎,39,缪若佳,
'0291,麻疯院有进无出。,,,,旧社会，患了麻疯病症永远不会治愈，进了麻疯院就不见再出来。此谚却借题发挥，用来讽刺吝啬人只知挣钱不懂花钱，或是解释为贪心无厌。,,福州市,事理类,爱憎,39,缪若佳,
'0292,妲妃害人猫。,,,,,,鼓楼区,事理类,爱憎,39,缪若佳,
'0293,拉屎碰到狗。,,,,狗是吃屎的，你在拉大便，它却跑来在你的屁股下窜来窜去讨屎吃，招人厌烦，有触霉之感。,,鼓楼区,事理类,爱憎,39-40,缪若佳,
'0202,拉尿看风势。,,,,,,鼓楼区,事理类,实践,29,圈圈圆圆圈圈,
'0203,小姑教兄嫂断脐带。,,,,不懂装懂，必然坏了事，吃苦头的。,,鼓楼区,事理类,实践,29,圈圈圆圆圈圈,
'0204,巴掌再大也难掩人嘴巴。,,,,,,鼓楼区,事理类,实践,29,圈圈圆圆圈圈,
'0205,贼偷十次，不如火烧一回。,,,,,,鼓楼区,事理类,实践,29,圈圈圆圆圈圈,
'0206,上半盲财主，下半盲穷户。,,,,旧时福州住屋，均以土木结构，易发生火灾。一烧烧个精光，由财主沦为穷户就在一夜之间。此谚讽刺富者不要趾高气昂。,,鼓楼区,事理类,实践,29,圈圈圆圆圈圈,
'0207,不做媒，不做保，一世少烦恼。,,,,,,鼓楼区,事理类,实践,29,圈圈圆圆圈圈,
'0208,牛尾难遮牛屁股。,,,,自己保不住自己。,,鼓楼区,事理类,实践,29,圈圈圆圆圈圈,
'0209,路靠嘴问。,,,,,,福州市,事理类,实践,29,圈圈圆圆圈圈,
'0210,死嫖活赌。,,,,嫖妓所花的钱有去无回谓之死嫖。赌博有输有赢，所以叫做“活赌”。这是为赌徒找借口之谚，不足取。,,鼓楼区,事理类,实践,29,圈圈圆圆圈圈,
'0211,墙倒基未倒。,,,,,,鼓楼区,事理类,实践,29,圈圈圆圆圈圈,
'0212,老实和歞①隔壁。, ,,①傻瓜,人如果机械地老实，反多吃亏，因而有人认为就是傻瓜。,,鼓楼区,事理类,实践,29,圈圈圆圆圈圈,
'0213,心急马倒退，欲速则不达。,,,,,,福州市,事理类,实践,30,圈圈圆圆圈圈,
'0214,贪便宜去倒长①。,,,①去：损失；倒长：更多。,贪小失大。,,鼓楼区,事理类,实践,30,圈圈圆圆圈圈,
'0215,盐瓮自生虫。,,,,内部起变化，这是致命伤。,,鼓楼区,事理类,实践,30,圈圈圆圆圈圈,
'0216,官急莫抵私急。,,,,官再急不如私人大小便急。,,福州市,事理类,实践,30,圈圈圆圆圈圈,
'0217,府误县又误。,,,,,,鼓楼区,事理类,实践,30,圈圈圆圆圈圈,
'0218,人未行，钱先行。,,,,拜金主义者认为“凡办一事，非财莫举”。在现实生活中屡见不鲜。,,福州市,事理类,实践,30,圈圈圆圆圈圈,
'0219,人在人情在。,,,,公共关系主要表现在人情关系上，中国社会传统习惯人情关系尤其赤裸。俗谚说：“一人得道，鸡犬升天”，“一把凉伞会遮一批人”，“夫贵妻荣”，“福荫子孙”等等均为人情关系的注解。,,福州市,事理类,实践,30,圈圈圆圆圈圈,
'0220,人多乱，龙多旱，母鸡多了难孵蛋，媳妇多了婆煮饭。,,,,人多心不齐反而误事。,,鼓楼区,事理类,实践,30,圈圈圆圆圈圈,
'0221,人多口舌多。,,,,,,鼓楼区,事理类,实践,30,圈圈圆圆圈圈,
'0222,人穷当街卖艺，虎饿拦路伤人。,,,,,,鼓楼区,事理类,实践,30,圈圈圆圆圈圈,
'0223,人穷见知己。,,,,人到穷困潦倒的时候，才能显现知己者。,,鼓楼区,事理类,实践,31,圈圈圆圆圈圈,
'0224,人情剔得透，有鼎又没灶。,,,,这里所谓“人情”指喜丧事应酬礼金。如果面面俱到应付得人们都满意，所耗酬金，必然造成生活困难。送红包之害由来已久。,,鼓楼区,事理类,实践,31,圈圈圆圆圈圈,
'0225,人怕理，马怕鞭，蚊子怕烟。,,,,,,鼓楼区,事理类,实践,31,圈圈圆圆圈圈,
'0226,人命大如天。,,,,,,鼓楼区,事理类,实践,31,圈圈圆圆圈圈,
'0227,人怕老，债怕讨。,,,,,,鼓楼区,事理类,实践,31,圈圈圆圆圈圈,
'0228,人命跨天三尺。,,,,,,鼓楼区,事理类,实践,31,圈圈圆圆圈圈,
'0229,人言可畏。,,,,喻群众舆论的威力。,,鼓楼区,事理类,实践,31,圈圈圆圆圈圈,
'0230,人是鱼，钱是水。,,,,,,鼓楼区,事理类,实践,31,圈圈圆圆圈圈,
'0231,人听甜言易上当，马踏软底易失蹄。,,,,,,鼓楼区,事理类,实践,31,圈圈圆圆圈圈,
'0232,人直不富，港直不深。,,,,在旧社会老实人永远富不了，说明当时尔虞我诈的人际关系何等可怕。,,鼓楼区,事理类,实践,31,圈圈圆圆圈圈,
'0233,人善多人欺，马善多人骑。,,,,,,鼓楼区,事理类,实践,31,圈圈圆圆圈圈,
'0234,三爷酒，不好吃。,,,,闽地“三爷”指舅爷、姑爷、师爷，旧时在官衙内均是有权势之人。,,鼓楼区,事理类,实践,31,圈圈圆圆圈圈,
'0235,子不嫌母丑，犬不怨主贫。,,,,,,鼓楼区,事理类,实践,31,圈圈圆圆圈圈,
'0236,三个鸦片鬼，抵一个诸葛亮。,,,,抽大烟的人，精力亢进，思路灵活，机智有时赛过错。,,鼓楼区,事理类,实践,32,圈圈圆圆圈圈,
'0237,大桥无栏井无盖。,,,,人若轻生，到处都可以自尽。,,鼓楼区,事理类,实践,32,圈圈圆圆圈圈,
'0238,男藏女现,,,,男女二人同样高度，看过去女的好象要比男的高。,,鼓楼区,事理类,实践,32,圈圈圆圆圈圈,
'0239,千日晴不厌，一日雨讨厌。,,,,,,鼓楼区,事理类,实践,32,圈圈圆圆圈圈,
'0240,不当家不知柴米贵。,,,,,,鼓楼区,事理类,实践,32,圈圈圆圆圈圈,
'0241,眼不见未净，水过三清。,,,,,,鼓楼区,事理类,实践,32,圈圈圆圆圈圈,
'0242,养仔算饭顿，无比失算。,,,,,,鼓楼区,事理类,实践,32,圈圈圆圆圈圈,
'0243,倒运大夫看病头，行运先生看病尾。,,,,人初病时，不易诊断，医师碰上这号病人，疗效认倒霉。反之，病久了则症自明，医师易于辩症投药，疗著，人们都夸这个医师技高。,,鼓楼区,事理类,实践,32,圈圈圆圆圈圈,
'0244,草鞋也有三日新。,,,,,,鼓楼区,事理类,实践,32,圈圈圆圆圈圈,
'0245,善恶到头终有报。,,,,,,鼓楼区,事理类,实践,32,圈圈圆圆圈圈,
'0246,财落君子手，米落乞食袋。,,,,财到了君子手，容易散尽不留；米进了乞食袋，容易无余。,,鼓楼区,事理类,实践,32,圈圈圆圆圈圈,
'0247,树老根多，人老话多。,,,,,,鼓楼区,事理类,实践,32,圈圈圆圆圈圈,
'0293,拉屎遇到狗。,,,,狗是吃屎的，你在拉大便，它却跑来在你的屁股下窜来窜去讨屎吃，招人厌烦，有触霉之感。,,鼓楼区,事理类,爱憎,39-40,圈圈圆圆圈圈,
'0294,拉屎不臭，鼓屎更臭。,,,,拉的大便不觉太丑，搅动的大便，臭气冲天，喻坏事张扬的恶果。,,鼓楼区,事理类,爱憎,40,圈圈圆圆圈圈,
'0295,饱狗占屎。,,,,吃饱的狗，霸占着大便，自己不吃，也不让他狗吃，与“占着粪坑不拉屎”同义。,,福州市,事理类,爱憎,40,圈圈圆圆圈圈,
'0296,金龟又没叔又没。,,,,,闽剧《金龟母》，描述一个男孩得了异宝金龟，嫂见宝起异心，谋害小叔，结果金龟变为土龟。在最后一出戏中，嫂子痛哭流涕唱到：“金龟又没叔又没”！,福州市,事理类,爱憎,40,圈圈圆圆圈圈,
'0297,大汉做乞食贪闲。,,,,,,鼓楼区,事理类,爱憎,40,圈圈圆圆圈圈,
'0298,犬嘴无饭粒施。,,,,到犬嘴的粮食，岂能轻易遗落。,,鼓楼区,事理类,爱憎,40,圈圈圆圆圈圈,
'0299,跌一倒，土沙抓一把。,,,,讥吝啬人做事不肯吃亏，跌倒了也要抓一把土沙来补偿。,,鼓楼区,事理类,爱憎,40,圈圈圆圆圈圈,
'0300,跌倒赖土地。,,,,不慎跌倒，也要怪土地公，讥失误者常推诿客观原因。,,鼓楼区,事理类,爱憎,40,圈圈圆圆圈圈,
'0301,看人上，看人下。,,,,人家登天就吹捧，人家落井就添石。势利小人的卑劣行为。,,鼓楼区,事理类,爱憎,41,圈圈圆圆圈圈,
'0302,猴头老鼠耳。,,,,形容狡滑不善之流。,,鼓楼区,事理类,爱憎,41,圈圈圆圆圈圈,
'0303,看你又受怪①，吃饱又作怪。,,受怪，方言读xiū guài。,①可怜相。,同情你的可怜相，一转机你又装模作样。,,鼓楼区,事理类,爱憎,41,圈圈圆圆圈圈,
'0304,猴人①假正经。,,猴人，方言读gāo rùn。,①不正派的人。,外表道貌岸然，实乃男盗女娼。,,福州市,事理类,爱憎,41,圈圈圆圆圈圈,
'0305,输人老婆，贴人枕头。,,,,讥妇女偷汉，其夫最倒霉，赔了夫人又贴了枕头。,,鼓楼区,事理类,爱憎,41,圈圈圆圆圈圈,
'0306,猴戴帽不象人形。,,,,,,鼓楼区,事理类,爱憎,41,圈圈圆圆圈圈,
'0307,厝里犬，咬门限。,,,,与“养鼠咬布袋”同义。,,鼓楼区,事理类,爱憎,41,圈圈圆圆圈圈,
'0308,好犬不当路，坏犬把路头。,,,,,,鼓楼区,事理类,爱憎,41,圈圈圆圆圈圈,
'0309,吃饱弄朝做皇帝。,,,,指饱食终日，张威作福的霸行者。,,鼓楼区,事理类,爱憎,41-42,圈圈圆圆圈圈,
'0310,铁公鸡一毛不拔。,,,,,,鼓楼区,事理类,爱憎,42,圈圈圆圆圈圈,
'0311,逐犬打乞食。,,,,什么都要做。,,鼓楼区,事理类,爱憎,42,圈圈圆圆圈圈,
'0312,海贼做普渡。,,,,讥恶人发善心，一片假慈悲。,,鼓楼区,事理类,爱憎,42,圈圈圆圆圈圈,
'0313,雷公困落眠①。,,困落眠，方言，读kǒn lò mǐn。,①睡觉了。,古人认为，凡是不孝的人都会遭到雷公打击。此谚表明有的不孝者照样逍遥“雷打”之外，照样生活在世上。此时只好怪雷公睡觉了。,,鼓楼区,事理类,爱憎,42,圈圈圆圆圈圈,
'0314,脚闲手闲嘴也闲。,,,,讥懒惰者最终得挨饿。,,鼓楼区,事理类,爱憎,42,圈圈圆圆圈圈,
'0315,争妻夺田，视死如归。,,,,有的人为了个人利益，甚至置生命于不顾。,,鼓楼区,事理类,爱憎,42,圈圈圆圆圈圈,
'0316,时时翻，刻刻变。,,,,讥无主心的人多变。,,鼓楼区,事理类,爱憎,42,圈圈圆圆圈圈,
'0317,纸人仔露骨。,,,,伪装的人易被识破。纸老虎本相一现，人人就不怕它了。,,鼓楼区,事理类,爱憎,42-43,圈圈圆圆圈圈,
'0318,龟莫笑鳖，鳖勿笑龟。,,,,二者同类，不须互相嘲笑。,,鼓楼区,事理类,爱憎,43,圈圈圆圆圈圈,
'0319,绿帽满天飞，戴上无奈何。,,,,老婆偷汉子，男人就要戴绿帽变成乌龟。这是一种形容词，事实上戴绿帽是不存在的。,,鼓楼区,事理类,爱憎,43,圈圈圆圆圈圈,
'0320,银是白的，眼珠是黑的。,,,,乌黑的眼珠对雪白的银子，富有敏感性。讥贪财者。,,鼓楼区,事理类,爱憎,43,圈圈圆圆圈圈,
'0321,瘦猪拉硬屎。,,,,讥无能而强装有能者。,,鼓楼区,事理类,爱憎,43,圈圈圆圆圈圈,
'0322,胆小疑心重。,,,,,,鼓楼区,事理类,爱憎,43,圈圈圆圆圈圈,
'0323,犬肉不上盘。,,,,指犬肉乃下等菜肴，不能上酒席的。,,鼓楼区,事理类,爱憎,43,圈圈圆圆圈圈,
'0324,无益鸡啄蚶。,,,,,,福州市,事理类,爱憎,43,圈圈圆圆圈圈,
'0325,鸡姆啄秤锤一无所得。,,,,,,鼓楼区,事理类,爱憎,43,圈圈圆圆圈圈,
'0326,死鸡刺无血。,,,,在死鸡身上采不到血的。喻做事白费力。,,鼓楼区,事理类,爱憎,43,圈圈圆圆圈圈,
'0327,拍屁股，放钱债。,,,,拍屁股福州人即身无分文者，却想放高利贷，毫不自量。,,鼓楼区,事理类,爱憎,43-44,圈圈圆圆圈圈,
'0328,虱姆落在破棉絮内。,,,,虱子掉在破棉絮内，甚得其所，走好运。,,鼓楼区,事理类,爱憎,44,圈圈圆圆圈圈,
'0329,使牛去逐马。,,,,马比牛跑得快，牛追马，明摆着追不上的。与“菜篮挑水一场空。”同义。,,鼓楼区,事理类,爱憎,44,圈圈圆圆圈圈,
'0330,火烧厝好看，难为东家。,,,,,,福州市,事理类,爱憎,44,圈圈圆圆圈圈,
'0331,牛头不对马嘴。,,,,,,鼓楼区,事理类,爱憎,44,圈圈圆圆圈圈,
'0332,有时碰无时。,,,,这里所谓的时，指时运的时。运气不为人们所掌握，事情的成败，只好靠遭遇而定。,,鼓楼区,事理类,爱憎,44,圈圈圆圆圈圈,
'0333,乌猪变白尾。,,,,乌猪不可能有白尾巴。此谚讥坏人难以变好。,,鼓楼区,事理类,爱憎,44,圈圈圆圆圈圈,
'0334,鹅姆对番鸭雄。,,,,,,鼓楼区,事理类,爱憎,44,圈圈圆圆圈圈,
'0335,韭菜命，一长就割。,,,,福州用此谚自叹命不好，十分形象。韭菜一长就割下用。难于积钱成富翁。,,鼓楼区,事理类,爱憎,44,圈圈圆圆圈圈,
'0336,皇帝要吃公鸡蛋。,,,,不要认为自己权倾朝野，便可为所欲为，皇帝想吃公鸡蛋，办不到还是办不到。,,鼓楼区,事理类,爱憎,44,圈圈圆圆圈圈,
'0337,姜太公钓鱼，愿者上钩。,,,,,,鼓楼区,事理类,爱憎,44,圈圈圆圆圈圈,
'0338,唤赌必输。,,,,,,鼓楼区,事理类,其他,45,圈圈圆圆圈圈,
'0339,富烧香，穷看命。,,,,,,鼓楼区,事理类,其他,45,圈圈圆圆圈圈,
'0340,看命先生半路死，地理先生无处埋。,,,,此谚无情揭穿了算命与风水的迷信面纱。,,,事理类,其他,45,圈圈圆圆圈圈,
'0341,祸和福隔壁庴。,,,,意谓祸和福相邻近，可以互相转化。,,福州市,事理类,其他,45,圈圈圆圆圈圈,
'0342,一把米摔璧，没一粒加粒①。,,加粒，方言，读gā là。,①粘住。,喻无任何牵连的关系。,,福州市,事理类,其他,45,圈圈圆圆圈圈,
'0343,七疤八瘤做夫人。,,疤，方言，读bā。瘤，方言，读líǚ。,,能当上贵妇人的，容貌不一定漂亮，反之，“红颜多薄命”。,,福州市,事理类,其他,45,圈圈圆圆圈圈,
'0344,猪头吃过耳。,,,,吃了过头粮，不知顾后。,,福州市,事理类,其他,45,圈圈圆圆圈圈,
'0345,大炮打麻雀。,,,,喻大材小用，与“宰鸡何用牛刀”同义。,,福州市,事理类,其他,45-46,圈圈圆圆圈圈,
'0346,四四十四，落咯①。,,落咯，方言，念lō gō。,①落入圈套，受尽熬煎。,“四”与“死”方言之谐音，“十”与“是”是谐音。喻所碰到的字都是死，死路一条，陷入困境，只好受尽熬煎或任其敲竹扛。,,鼓楼区,事理类,其他,46,圈圈圆圆圈圈,
'0347,羊毛出在羊身上。,,,,,,福州市,事理类,其他,46,圈圈圆圆圈圈,
'0348,将这土塑这佛。,,,,,,鼓楼区,事理类,其他,46,圈圈圆圆圈圈,
'0349,锣仔掼①过山打。,,掼，方言，读guǎn。,①提。,此谚指旧社会渣滓二流子做坏事也得到外地去做，在本乡本土作恶是低能儿。,,福州市,事理类,其他,46,圈圈圆圆圈圈,
'0350,秀才碰着兵，有理说不清。,,,,,,鼓楼区,事理类,其他,46,圈圈圆圆圈圈,
'0351,雷公打死闪电。,,,,自己打自己是不可能的事。,,鼓楼区,事理类,其他,46,圈圈圆圆圈圈,
'0352,扫庴扫庴角，洗面洗耳角。,,,,喻做事要全面周到。,,鼓楼区,事理类,其他,46,圈圈圆圆圈圈,
'0353,张天师问鬼无法可治。,,,,张天师是抓鬼的大法师。到了天师向鬼请教的地步，说明大法师已无法可治了。,,,事理类,其他,46,圈圈圆圆圈圈,
'0354,鸡屎落地三寸气。,,,,,,福州市,修养类,理想、立志,48,简兮,
'0355,穷无根，富无核。,,,,“核”即种子。劝喻人发奋创业。穷富主要由人的因素决定。此谚具有朴素的反宿命论的思想。,,福州市,修养类,理想、立志,48,简兮,
'0356,肯做有卜①。,,,①有成功的希望。,肯努力办一件事，必然有成功的希望。,,福州市,修养类,理想、立志,48,简兮,
'0357,教师只怕泥使猪①。,,泥使猪，方言，读lē sāi dǖ。,①指自学成才者。,这里的教师指拳术师。有个别人虽然没接受过武术教练，然而他靠体质好力大勇敢和韧性也会把教师打败。,,福州市,修养类,理想、立志,48,简兮,
'0358,人不可貌相，海水不可斗量。,,,,,,福州市,修养类,理想、立志,48,简兮,
'0359,人看志气，书看材。,,,,,,鼓楼区,修养类,理想、立志,48,简兮,
'0360,人老骨头硬。,,,,,,鼓楼区,修养类,理想、立志,48,简兮,
'0361,人老心不老。,,,,,,鼓楼区,修养类,理想、立志,48,简兮,
'0362,破布包珍珠。,,,,喻不重外表重内材者。,,鼓楼区,修养类,理想、立志,48,简兮,
'0363,吃马屎假癫。,,,,装疯作傻，忍一时之屈，伸百年志。,,鼓楼区,修养类,理想、立志,48,简兮,
'0364,炮仗失心人失志。,,,,鞭炮丢了导火线，当然不会爆响，而人失了意志，同样也得不到发展。,,鼓楼区,修养类,理想、立志,49,简兮,
'0365,将相本无种，男儿当自强。,,,,,,鼓楼区,修养类,理想、立志,49,简兮,
'0366,人穷志不穷。,,,,,,鼓楼区,修养类,理想、立志,49,简兮,
'0367,人死留名，虎死留皮。,,,,,,鼓楼区,修养类,理想、立志,49,简兮,
'0368,不受苦中苦，难为人上人。,,,,,,鼓楼区,修养类,理想、立志,49,简兮,
'0369,牛仔跌九倒。,,,,初生牛犊，几经跌倒，然后渐能站立。此谚喻幼受锻炼。必然成材。,,鼓楼区,修养类,理想、立志,49,简兮,
'0370,檐前滴水石成穿。,,,,与“滴水穿石”同义。加上“檐前”二字更见深刻。檐前不常滴水，然而日久月深，也能使石成穿的。可见恒心之重要。,,鼓楼区,修养类,理想、立志,49,简兮,
'0371,争气不争财。,,,,,,鼓楼区,修养类,理想、立志,49,简兮,
'0372,有志不在年高。,,,,,,鼓楼区,修养类,理想、立志,49,简兮,
'0373,皇天不负有心人。,,,,,,鼓楼区,修养类,理想、立志,49,简兮,
'0374,做乞食行大路。,,,,,,鼓楼区,修养类,理想、立志,49,简兮,
'0375,船里老鼠，堵里讨食。,,,,船中鼠，只能在舱中觅食。讥无志者。,,鼓楼区,修养类,理想、立志,49,简兮,
'0376,秦正打郎罢①，只看这一下。,,郎罢，方言，读róng bà。,①父亲。,,福建民间传说，古代有个孝子秦正，对父母毕恭毕敬，尤其对严父惧怕十分，不敢正视。有人与之打赌，敢不敢打一下父亲。秦正性又好强，勉为其难。当父亲午间坐着打瞌睡时，想轻轻打那么一下，表示自己的胆量，但是当他举起手来的时候，腿发软，手发抖，被父亲一个呼噜吓瘫在地，这一下终于不敢打。,福州市,修养类,德行,50,简兮,
'0377,上半盲①肖鸡，下半盲肖鸭。,,,①夜。,讥多变者。,,鼓楼区,修养类,德行,50,简兮,
'0378,心肝生胼①。,,胼，方言，读Piān。,①背。,讥人违背良心。,,鼓楼区,修养类,德行,50,简兮,
'0379,心肝拍拍，不怕菩萨。,,,,谓问心无愧，不怕鬼神。,,鼓楼区,修养类,德行,50,简兮,
'0380,吃鱼应记金钩钓，吃笋应记栽竹人。,,,,此谚讽喻，饮水思源，不可忘本。,,福州市,修养类,德行,50,简兮,
'0381,让人三分不算输。,,,,,,鼓楼区,修养类,德行,51,简兮,
'0382,没位争当中。,,,,没有你的位置，却钻进中间正位落座。喻篡位者可耻。,,鼓楼区,修养类,德行,51,简兮,
'0383,人开井，伊食水。,,,,讥坐享其成的人。,,鼓楼区,修养类,德行,51,简兮,
'0384,人上楼，伊拔梯。,,,,别人上楼，搬掉梯子，喻伺机陷害。,,鼓楼区,修养类,德行,51,简兮,
'0385,人无廉耻，不如一死。,,,,,,鼓楼区,修养类,德行,51,简兮,
'0386,人见利而不见害，鱼见饵而不见钩。,,,,,,鼓楼区,修养类,德行,51,简兮,
'0387,老鼠爬天平自称自夸。,,,,,,鼓楼区,修养类,德行,51,简兮,
'0388,君子动口不动手，小人动手不动口。,,,,,,鼓楼区,修养类,德行,51,简兮,
'0389,新娘一过门，媒人丢过墙。,,,,达到目的，忘了恩人。与“过桥丢拐”同义。,,鼓楼区,修养类,德行,51,简兮,
'0390,南风南斜，北风北斜。,,,,摇摆不定，没有立场。,,鼓楼区,修养类,德行,51,简兮,
'0391,好心有好报。,,,,,,鼓楼区,修养类,德行,51,简兮,
'0392,侯人①难经三回惹。,,侯人，方言，读hēi rùn。,①骚货。,骚货的女人经不超男人挑逗，很容易跟人发生不正当关系。,,鼓楼区,修养类,德行,51,简兮,
'0393,破船装私盐。,,,,破缸破摔，铤而走险。,,鼓楼区,修养类,德行,52,简兮,
'0394,真侯假定。,,,,风骚的女人闽人谓“侯”，表面伪装文静庄重借以迷惑男子。,,鼓楼区,修养类,德行,52,简兮,
'0395,丈奶伤寒，灸女婿后脚眼。,,,,闽人丈母娘都很嘻爱自己的女婿，女婿有半爿仔（即半个儿子）之称。丈母娘与之亲近，无人非议。有些不正经的丈母娘，乘机与女婿发生了不正当关系，二人睡在一铺，丈母娘得了伤寒病，灸错了女婿的脚后跟，此谚今已罕见。,,鼓楼区,修养类,德行,52,简兮,
'0396,未食三天菜，就想上西天。,,,,,,鼓楼区,修养类,德行,52,简兮,
'0397,无鲎睨乃①。,,睨乃，方言，读hé lāi。,①看着小篮子。,喻无中生有。,,鼓楼区,修养类,德行,52,简兮,
'0398,无姆等人死，无位等人起。,,,,为了自己得到好处，总盼望着有机可乘，是自私的妄想。,,鼓楼区,修养类,德行,52,简兮,
'0399,见着先生就算命。,,,,闽称以五行八字推算一生命运者为“看命先生”。此谚讥善于钻营的人，有机会都钻。,,鼓楼区,修养类,德行,52,简兮,
'0400,欠人钱债慢慢还，吃了肥白街上环。,,,,借了钱债不守信，有余钱先图自己享受，讥赖债者。,,鼓楼区,修养类,德行,53,简兮,
'0401,见糟就醉。,,,,讥好色之徒。,,鼓楼区,修养类,德行,53,简兮,
'0402,当面是人，背后是鬼。,,,,闽谓男女非法姘居为“夹纱挂”夹纱重马挂，讥姘居者混帐可耻。,,鼓楼区,修养类,德行,53,简兮,
'0403,夹纱重马挂。,,,,,,鼓楼区,修养类,德行,53,简兮,
'0404,救急没救穷。,,,,救急，是民间的一种传统道德，诸如抉贫济困，见义勇为，劫富济贫等。“穷”指不思进取，荒唐颓废，自甘落后的废人。此谚反映福州民间的一种道德观。,,福州市,修养类,德行,53,简兮,
'0405,李闯打天下，顺治坐朝。,,,,世上有不少人不劳而获坐享其成或夺享其成，可耻。,,福州市,修养类,德行,53,简兮,
'0406,岂能尽如人意，但求无愧我心。,,,,,,福州市,修养类,德行,53,简兮,
'0407,一槌打两橛。,,橛，方言，读kuō。,①截成段。,喻一举两得。,,福州市,修养类,智慧,54,简兮,
'0408,头弹尾翘。,,,,头脑反映迅速，思路灵敏。,,鼓楼区,修养类,智慧,54,简兮,
'0409,一手抓钱，一手抓命。,一手妈①钱，一手妈命。,妈，方言，读mā。,①抓,讥贪财而又怕死的人。,,福州市,修养类,胆识,54,简兮,
'0410,又惊猫又惊鼠。,,,,没有胆识的人，顾虑重重，与“前怕狼后怕虎”同义。,,福州市,修养类,胆识,54,简兮,
'0411,胭脂马不好骑。,,,,胭脂色泽的马，属烈性骏马，一般人不易驾驭。喻刚强的人才，也是不易驾驭。有胆识者便会运用这种人材。,,鼓楼区,修养类,胆识,54,简兮,
'0412,心肝用磨层压。,,,,磨的上层谓之磨层，表明重量之沉。有胆识者心中安然。,,鼓楼区,修养类,胆识,55,简兮,
'0413,无禁无忌，做事都是。,,,,禁忌是迷信的行为表现。有胆识者无禁无忌。,,鼓楼区,修养类,胆识,55,简兮,
'0414,不知天高地厚。,,,,,,鼓楼区,修养类,胆识,55,简兮,
'0415,牛仔不识虎。,,,,,,鼓楼区,修养类,胆识,55,简兮,
'0416,鼻孔脚未插不哈嚏。,,,,与“牛仔未穿鼻不知厉害”同义。,,鼓楼区,修养类,胆识,55,简兮,
'0417,反山东，劫皇杠。,,,,男子汉大丈夫必有惊人之举。反山东，劫皇杠是唐朝程咬金起义故事。,,鼓楼区,修养类,胆识,55,简兮,
'0418,做贼靠胆大。,,,,,,鼓楼区,修养类,胆识,55,简兮,
'0419,宁作太平犬，不作乱世人。,,,,在混乱不安的时代，人民沦于水深火热之中，过着牛马不如的生活，此谚反映几千年来，人民群众盼望安定，盼望过太平日子的愿望。,,鼓楼区,修养类,胆识,55,简兮,
'0432,三十盲晡学拳头，正月初一早使。,,,,刚学到的东西，自以为得意，第二天就付诸实践，结果居多碰壁。与“浅尝辄止”同义。,,鼓楼区,修养类,学习,56,简兮,
'0433,是师要拜，是𥻗①要挼②。,,𥻗，方言，读ziǎ。挼，方言，读vuì。,①湿磨的米粉或湿拌的面粉均谓“𥻗”。②挼，动词，反复推压绞拌。,人家有本事就得老实拜人为师，要想学本事就得磨练。,,福州市,修养类,学习,56,简兮,
'0434,学坏容易，学好艰难。,,,,,,福州市,修养类,学习,56,简兮,
'0435,学如逆水行舟。,,,,,,福州市,修养类,学习,56,简兮,
'0436,活到老，学到老。,,,,,,福州市,修养类,学习,56,简兮,
'0437,九十九还要问一百。,,,,,,福州市,修养类,学习,56,简兮,
'0438,学问学问即学必问。,,,,,,福州市,修养类,学习,56,简兮,
'0439,三人同行必有我师。,,,,,,福州市,修养类,学习,56,简兮,
'0440,没学打虎艺，不敢上山岗；没学拎龙术，不敢下深渊。,,,,喻未学会某种技术，就不敢做某项事。要想办好一件事，首先要学好本领。,,福州市,修养类,学习,56,简兮,
'0420,一等光根朱光龙。,,,,相传清乾隆时，某官衙名保镖朱光龙，为人黠智，善骗多谋。此谚讽狡诈之人。,,福州市,修养类,其他,57,简兮,
'0421,一去沙婆陀①。,,,①传说中的佛教西天圣地。,喻不辞而别的人踪迹杳然，有如上了西天。,,福州市,修养类,其他,57,简兮,
'0422,一斤元宝灰①，出四两锡。,,,①福州迷信用的纸钱，纸上涂有锡箔，金色谓金，银色谓银，焚化后，锡箔沉淀，一斤元宝灰一般可留四两锡。,锡与式，福州土话谐音。喻惯耍花招的小人。,,福州市,修养类,其他,57,简兮,
'0423,四块棺材板，搬到三块半。,,,,谓日迫西山人将死，没有什么值得威风。,,鼓楼区,修养类,其他,57,简兮,
'0424,空宽①没尺寸。,,空宽，方言，读kūn kuǎn。,声腔粗大。,唱高调，吹牛皮，说大话到了无边无际的程度。福州方言讥谓“空宽没尺寸”。,,福州市,修养类,其他,57,简兮,
'0425,人哄①趁人哄。,,人哄，方言，读rùn hùn。,①人们议论纷纷。,人家说什么自己就跟着起哄，没有主见。与“人云亦云”同义。,,鼓楼区,修养类,其他,58,简兮,
'0426,祠堂鼓自擂。,,,,讥自吹自擂者。,,鼓楼区,修养类,其他,58,简兮,
'0427,江山易改，癖气难移。,,,,,,福州市,修养类,其他,58,简兮,
'0428,炮仗信①一点就着。,,炮仗信，方言，读bāo tuò sèn。,①鞭炮的引线。,喻性格爽直者，被人一挑逗，马上就动火发脾气。,,鼓楼区,修养类,其他,58,简兮,
'0429,老虎虽凶不食子。,,,,,,鼓楼区,修养类,其他,58,简兮,
'0430,真金不怕火。,,,,,,鼓楼区,修养类,其他,58,简兮,
'0431,贼性不改。,,,,,,鼓楼区,修养类,其他,58,简兮,
'0692,单身哥还嫌家发①大。,,,①家庭人口生活开支。,个人挣钱个人花还应付不了。喻懒惰者低能。,,福州市,生活类,衣食住行,92,海水江崖,
'0693,开饭店还怕大吃饭。,,,,,,福州市,生活类,衣食住行,92,海水江崖,
'0694,山食鹧鸪麑鹿獐，海食油翅马鲛鲳。,,,,言闽中山珍海味之美。麑鹿獐今已属稀有动物，油翅就是鲥鱼，味美不亚马鲛、鲳鱼。,,福州市,生活类,衣食住行,92,海水江崖,
'0695,风吹单条竹，饿死单身哥。,,,,,,福州市,生活类,衣食住行,92,海水江崖,
'0696,靠着大河有水吃，靠近大山有柴烧。,,,,比喻倚仗某种势力就能获益。,,鼓楼区,生活类,衣食住行,92,海水江崖,
'0697,头是门面，脚是厅。,,,,谓妇女头上妆饰极关主要，是装门面的，足部的穿戴也不宜简慢。富足与否，大厅的摆设，便可见之一二。故有“品头评足”之说。,,鼓楼区,生活类,衣食住行,92,海水江崖,
'0698,寅吃卯粮。,,,,食粮无计划，致寅年预吃到卯年的粮，喻吃过头粮。,,鼓楼区,生活类,衣食住行,92,海水江崖,
'0699,出路由路。,,,,上了旅途，行程无法精确预计，只能走了算。,,鼓楼区,生活类,衣食住行,92,海水江崖,
'0700,三分人样七分装，七分人样不用装。,,,,,,福州市,生活类,衣食住行,92-93,海水江崖,
'0701,女大不中留，留了结冤仇。,,,,,,鼓楼区,生活类,衣食住行,93,海水江崖,
'0702,蜻蜓自吃尾。,,,,,,福州市,生活类,衣食住行,93,海水江崖,
'0703,腹饱不如心宽。,,,,,,鼓楼区,生活类,衣食住行,93,海水江崖,
'0704,新粪坑好拉屎。,,,,,,福州市,生活类,衣食住行,93,海水江崖,
'0705,有钱买饼当街咬。,,,,,,鼓楼区,生活类,衣食住行,93,海水江崖,
'0706,客气吃没吃乇①。,,乇，方言，念lō。,①东西、食物。,过份客气了吃不到东西，自己吃亏。,,鼓楼区,生活类,衣食住行,93,海水江崖,
'0707,吃粥看戏，吃饭做大计①。,,,①劳动、做事。,要想吃好吃饱，必须积极劳动生产，一心想玩看戏，只好吃稀饭度日。,,福州市,生活类,衣食住行,93,海水江崖,
'0708,菜里三碗荤，荤里三碗菜。,,,,这里的菜，即素食类。佛家认为葱、蒜、韭虽然是蔬菜类，然而食之能刺激性器官，故谓淫菜，当做荤味来禁。水产海带、海苔、紫菜虽然味荤，可是却滋阴，故列素食，僧家可用。,,鼓楼区,生活类,衣食住行,93,海水江崖,
'0709,肉吃肉做，菜吃菜做。,,,,,,福州市,生活类,衣食住行,93,海水江崖,
'0710,吃一夹二睨三。,,,,贪吃的人上酒席，吃菜的丑相。嘴巴在吃第一箸菜，箸子又夹第二块好肉，眼睛又在留意第三块的好料。多么深刻的描写。,,福州市,生活类,衣食住行,93,海水江崖,
'0711,吃茬茬①，做懒懒，每月工资凡在。,,茬茬，方言，念jai jai。,①吃饱饱的。,揭露怠工者的阴暗心理状态。这是“吃大锅饭”的产物。,,福州市,生活类,衣食住行,94,海水江崖,
'0712,毡头褥毯，莫抵“人简”①。,,“人简”，方言，读yùn gān。,①稻草。,农家编织稻草为垫以御寒，十分暖和，一般毡毯不一定比得上。另一角度此谚在某种意义上反映农民守旧意识。,,福州市,生活类,衣食住行,94,海水江崖,
'0713,穿靴用鞋拔。,,,,穿靴用不上鞋拔的，讥多此一举。,,鼓楼区,生活类,衣食住行,94,海水江崖,
'0714,金被罩鸡笼。,,,,谓外表好看，内实空虚。,,鼓楼区,生活类,衣食住行,94,海水江崖,
'0715,未上床，先争被。,,,,,,鼓楼区,生活类,衣食住行,94,海水江崖,
'0716,火腿猪头鹅。,,,,福州谢神大礼必备佳品。,,鼓楼区,生活类,衣食住行,94,海水江崖,
'0717,大鼎饭，小鼎菜。,,,,米多则饭香，菜少而味佳。今之所谓“小灶”，就是说有高质量的菜肴。,,鼓楼区,生活类,衣食住行,94,海水江崖,
'0718,斤鸡马蹄鳖。,,,,一斤多的鸡与马蹄般大小的鳖，其肉最嫩，其味最美。,,鼓楼区,生活类,衣食住行,94-95,海水江崖,
'0719,长脚穿鞋，短脚出钱。,,,,,,鼓楼区,生活类,衣食住行,95,海水江崖,
'0720,手捷口快喉咙宽。,,,,讥在宴席上抢食菜肴的狼狈相。,,鼓楼区,生活类,衣食住行,95,海水江崖,
'0721,无钱也要腹圆。,,,,无金钱代价，也要图一餐酒醉饭饱。,,鼓楼区,生活类,衣食住行,95,海水江崖,
'0722,无菜不吃饭。,,,,,,鼓楼区,生活类,衣食住行,95,海水江崖,
'0723,自嘴没沾，那有食物分厝边。,,,,自己没东西吃，用什么分给乡里食用。谓自顾不暇，何恤他人！,,鼓楼区,生活类,衣食住行,95,海水江崖,
'0724,明里施舍，暗中分赃。,,,,,,鼓楼区,生活类,衣食住行,95,海水江崖,
'0725,有日天堂，无日地狱。,,,,,,鼓楼区,生活类,衣食住行,95,海水江崖,
'0726,有鸟有栏杆。,,,,喻妇女有所归宿。,,鼓楼区,生活类,衣食住行,95,海水江崖,
'0727,有米煮饭不怕迟。,,,,,,鼓楼区,生活类,衣食住行,95,海水江崖,
'0728,佛要金装，人要衣装。,,,,,,鼓楼区,生活类,衣食住行,95,海水江崖,
'0729,有勤不俭枉徒劳，有俭不勤空受饿。,,,,,,福州市,生活类,持家经营,95,海水江崖,
'0730,一分钱要俭，一千钱要花。,,,,,,福州市,生活类,持家经营,95,海水江崖,
'0731,一狮①一法门，一家一家规。,,狮，方言，念sāi。,①法师或道士。,每个法师都有自己特有的法术，每个家庭也有它自己的家规，不能强求一致，谓事物的复杂性。,,福州市,生活类,持家经营,96,海水江崖,
'0732,七个吃饭，八人当家。,,,,讽政出多门。,,福州市,生活类,持家经营,96,海水江崖,
'0733,九十九整一百。,,,,讽鄙吝的人，深恐积钱不多。,,福州市,生活类,持家经营,96,海水江崖,
'0734,会扒卖算，买饼当顿。,,,,不会计算的人，买饼当饭吃，这样花钱就更多了。,,福州市,生活类,持家经营,96,海水江崖,
'0735,大吃不穷失算穷。,,,,,,鼓楼区,生活类,持家经营,96,海水江崖,
'0736,卖货不吃货。,,,,做小买卖者，舍不得吃自己贩卖的食品。,,鼓楼区,生活类,持家经营,96,海水江崖,
'0737,手里趁，手里使。,,,,收入不多，随赚随用，手头没有余款。,,鼓楼区,生活类,持家经营,96,海水江崖,
'0738,早起三朝当一工。,,,,三天早起，可抵得一天工夫。,,鼓楼区,生活类,持家经营,96,海水江崖,
'0739,鼻屎当盐食。,,,,讥吝啬之人。,,鼓楼区,生活类,持家经营,96-97,海水江崖,
'0740,“夹”字不好写。,,,,这个“夹”字解释为合伙。凡合办的事情免不了口舌。此谚主张凡事还是独营好。,,鼓楼区,生活类,持家经营,97,海水江崖,
'0741,蚬壳掏得染缸干。,,,,蚬壳体质小，然而长久不断掏舀，也会把染缸中染料水舀干的。,,鼓楼区,生活类,持家经营,97,海水江崖,
'0742,闲工补笊篱①。,,笊篱，方言，读zia lie。,①厨具，竹制漏瓢。,笊篱的功能在于漏水，把笊篱补密，讥浪费时间人力。,,鼓楼区,生活类,持家经营,97,海水江崖,
'0743,常将有日思无日，莫将无时思有时。,,,,提倡积谷防饥，反对浪费。,,鼓楼区,生活类,持家经营,97,海水江崖,
'0744,家上八口难当。,,,,,,鼓楼区,生活类,持家经营,97,海水江崖,
'0745,前人种地，后人收成。,,,,,,鼓楼区,生活类,持家经营,97,海水江崖,
'0746,讨姆①讨会着②，还胜吃补药。,,会着，方言，读è duò。,①娶老婆。②满意、理想。,,,福州市,生活类,恋爱婚姻,97,海水江崖,
'0747,做花莫做夹竹桃，做人莫做人细婆①。,,细婆se bò。,①妾。,夹竹桃的花草只能栽在路旁与住宅的周围作为篱笆点缀，不为人们所重视。做人家的妾室偏房同样被人轻视。表明旧社会一夫多妻制的残酷性。,,福州市,生活类,恋爱婚姻,97-98,海水江崖,
'0748,一夫一妻多合理，夫妻恩爱百年长。,,,,,,福州市,生活类,恋爱婚姻,98,海水江崖,
'0749,一儿一女一枝花，多儿多女累死妈。,,,,喻计划生育的好处。,,福州市,生活类,恋爱婚姻,98,海水江崖,
'0750,一夜夫妻百夜恩。,,,,颂扬崇高情义之人，就是做一夜夫妻，一生也不背弃。对于玩弄感情，把神圣的爱情当作逢场作戏者是一个鲜明的对照。,,福州市,生活类,恋爱婚姻,98,海水江崖,
'0751,一个女儿领两家礼。,,,,一女两婿，在旧社会也是不允许的。讽刺贪财父母胡作非为。,,福州市,生活类,恋爱婚姻,98,海水江崖,
'0752,一年嫁九婿，无婿中过年。,,,,一年嫁了九个丈夫，可没有一个能赖以过年的。讥某些妇女对待婚姻轻率的结果。,,福州市,生活类,恋爱婚姻,98,海水江崖,
'0753,一朵花插在牛屎巴。,,,,,传说很久以前，福州西郊凤凰池地方出一对夫妻，男的是个走街串巷的卖布劳动者，品貌不扬。女的却是个多才多艺天姿国色的美娘子，缝制衣服巧夺天工，并且能写一手好字。无人不钦佩她的才、色、艺。邻村有个私塾老师见之生妒，以一朵鲜花插在牛屎巴上作为红包赠给她。此女知道这个老先生耻笑她嫁个不配对的丈夫，欲与其夫分离。私塾先生原意在于戏弄，不料却拆散人家姻缘，觉得过于缺德，遂在此女回娘家路上泼泥水不让过去，寓泼水难收之意，并用诗歌喻以红线系脚故事，使她顾及结发夫妻情义，回心转意，与原夫破镜重圆。,福州市,生活类,恋爱婚姻,98-99,海水江崖,
'0754,卖菜看篮底，讨姆看丈奶①。,,姆，方言，读mǎ。丈奶，方言，读duǎng yiie（入）。,①丈母娘。,从丈母娘的为人，可以约略估测其女的性格与善恶。,,福州市,生活类,恋爱婚姻,99,海水江崖,
'0755,爱的嫌不了，嫌的爱不进。,,,,,,福州市,生活类,恋爱婚姻,99,海水江崖,
'0756,热饭损菜，热姆①损婿②。,,姆，方言，念mǒ。,①刚娶的老婆。②这里婿作为丈夫解释。,,,福州市,生活类,恋爱婚姻,99,海水江崖,
'0757,圣朝天子文章贵，恩爱夫妻日月长。,,,,闽剧科班，以此二语，作为唱腔练音之用，久而久之，流传成谚。,,鼓楼区,生活类,恋爱婚姻,99,海水江崖,
'0758,一刷刷①二落落②三该索③。,,刷，念shóu。落，念lōu。该索，念gài shóu。,①部队军官。②机关干部。③农民。,五十年代女子找对象，最理想找部队军官，其次找机关干部，最低标准才和农民结合。,,福州市,生活类,恋爱婚姻,99-100,海水江崖,
'0759,头嫁不知嫁，二嫁拣选嫁，三嫁搭架嫁。,,,,讥某些妇女把爱情视为商品，挑三拣四找对象，均以金钱为目标。,,福州市,生活类,恋爱婚姻,100,海水江崖,
'0760,拣而又拣，拣到没尾犬。,,,,讥某些女子选择对象不切实际，高不成，低不就，错过青春，到了大龄，自我降低条件，违心地与不理想者结合，遣恨终身。,,福州市,生活类,恋爱婚姻,100,海水江崖,
'0761,一台胞、二港澳、三番客。,,,,某些拜金主义者，选择对象，谁最富把谁列在最前头，上述的选择便见端倪。,,福州市,生活类,恋爱婚姻,100,海水江崖,
'0762,招姐做新妇。,,,,福州民间传说，古时福州有一姑娘名招姐，做事一贯慌慌张张，带有三分傻痴。婚姻高不成低不就，拖到三十岁那年，才跟一个冒充大家子弟的和尚结婚。办喜事当天，招姐忙里忙外，慌慌张张闹出许多笑话。所以闽人谓人们临事慌张的神态皆以“招姐做新妇”形容之。新妇即新娘的称谓。,,福州市,生活类,恋爱婚姻,100,海水江崖,
'0763,贪财嫁老婿。,,,,因贪人钱财，小姑娘嫁给老年婿。,,鼓楼区,生活类,恋爱婚姻,100,海水江崖,
'0764,三哥嫁一妹，满头珍珠穗。,,,,三哥者年岁较大也。岁数大的男子多已立业，手头有锁积余，妆奁必丰。,,鼓楼区,生活类,恋爱婚姻,100-101,海水江崖,
'0765,腿伸别人桌下。,,,,婚姻变调，移爱他人。另一解释有吃别人饭替别人做事的意思。,,鼓楼区,生活类,恋爱婚姻,101,海水江崖,
'0766,花对花，柳对柳，畚箕对扫帚。,,,,喻门当户对。,,鼓楼区,生活类,恋爱婚姻,101,海水江崖,
'0767,琵琶弹别调。,,,,喻妇女改嫁，另觅知音。,,鼓楼区,生活类,恋爱婚姻,101,海水江崖,
'0768,容仔①咬奶头。,,,①溺爱纵容儿子。,,福州民间传说，古时有个骄子，自幼母亲百般溺爱，纵容护短，小时偷鱼偷菜，母亲却认为儿子机智有本事，不责不骂，偷盗成性，长大后却沦为江洋大盗，遭了杀身之祸。临刑时母亲法场祭奠。儿子因恨母只养不教，刑前要求其母让他再吃最后一口奶，母亲溺爱成性，满足了儿子的要求，结果却被儿子咬断奶头，破口骂其母：“是你害死了我！”。动人的传说后被搬上闽剧舞台。《咬奶头》这本戏流行至今不衰，富有教育意义。,福州市,生活类,子女教育,101,海水江崖,
'0769,无好大，害着细①。,,细，方言，读xà。,①幼辈或晚辈。,,,鼓楼区,生活类,子女教育,101-102,海水江崖,
'0770,书包寄字纸炉。,,,,旧时有敬惜字纸之风，读书人见到字纸就要捡起来，集中放特设的字纸炉（多设在街头巷尾交通要道边）内焚化。此举是为尊重孔夫子，尊重创字始祖仓颉，自古以来便提倡不乱丢纸屑之风。儿童逃学，书包没地方寄存，便放在公共场所字纸炉内。现在虽然字纸炉不存在了，但是此谚还在流行中。,,鼓楼区,生活类,子女教育,102,海水江崖,
'0771,大犬爬墙，小犬学样。,,,,,,鼓楼区,生活类,子女教育,102,海水江崖,
'0772,一个仔伲①有饭吃，两个仔伲轮换吃，三个仔伲没饭吃。,,仔伲，方言，读giang lie。,①儿子。,独子赡养父母无法推辞，两个兄弟父母只好轮换到其家吃饭，三个儿子，便互相推诿，父母就没地方吃饭了。此谚辛辣讽刺“多子多福”。,,福州市,生活类,子女教育,102,海水江崖,
'0773,伲仔糖①搬饭甑。,,伲仔糖，方言。,①十三四岁少年。,十三四岁的少年，正在发育期，食量很大，故谓“搬饭甑”。,,鼓楼区,生活类,子女教育,102,海水江崖,
'0774,伲仔没假病。,,,,,,鼓楼区,生活类,子女教育,102,海水江崖,
'0775,伲仔痞①大人灾。,,伲仔痞，方言。,①小孩吵架。,小孩子吵架，家长应当明理先管教自己孩子。否则双方互为指责，必然会导致大灾。,,,生活类,子女教育,102-103,海水江崖,
'0911,做田没工夫，只知脚手粗。,,,,,,福州市,生产类,农,125,陈雨芬,
'0912,播田播到夏，刈稻刈两下。,,,,错过栽种的季节，必然减产。,,福州市,生产类,农,125,陈雨芬,
'0913,山里红，田里空。,,,,,荔枝逢旱增产，稻谷遭旱绝收。满山荔枝红，当然田里稻谷空。,福州市,生产类,农,125,陈雨芬,
'0914,千年田地八百主。,,,,人事变化无常，富者不可能长期霸占田产。,,福州市,生产类,农,125,陈雨芬,
'0915,人养人只是骨，天养人肥确确。,,,,靠天吃饭的人生观，社会进化中它的存在价值也逐渐在贬值中。,,鼓楼区,生产类,农,125,陈雨芬,
'0916,水无一点不为用。,,,,闽多梯田，明代开始兴修水利，山渠自高而下，便于灌溉，此谚兴。,,鼓楼区,生产类,农,125,陈雨芬,
'0917,雷打秋，晚无收。,,,,秋天响雷，气候反常，可能导致农业歉收。,,鼓楼区,生产类,农,125,陈雨芬,
'0918,早稻看龙舟，晚稻看中秋。,,,,早稻丰收否，端午节时便见分晓。晚稻在中秋节时也能看出端倪。,,鼓楼区,生产类,农,126,陈雨芬,
'0919,好水不流别人田。,,,,,,鼓楼区,生产类,农,126,陈雨芬,
'0920,拣猪屎遇着猪病泻。,,病泻，方言，读bàn xia。,①拉稀。,机遇不好。,,鼓楼区,生产类,农,126,陈雨芬,
'0921,二月十九关蛎门。,,,,,福建沿海所产的海蛎，有着极严格的时令，秋末上市至次年仲春为止。故有“九月十九开蛎门，二月十九关蛎门”之谚。,福州市,生产类,渔,126,陈雨芬,
'0922,一头鱏得①搅翻一池鱼。,,鱏得，方言，读tan dái,①鲇鱼，性活泼善钻游，可搅翻一池鱼。,喻小人兴风作浪，成为害群之马。,,福州市,生产类,渔,126,陈雨芬,
'0923,三月白力小鲥翅。,,,,暮春时的白力鱼肉味最腰美，不亚于高档海味鲥翅。,,鼓楼区,生产类,渔,126,陈雨芬,
'0924,起风才识马祖婆婆。,,,,相传我省莆田妈祖庙供奉的妈祖婆婆是一位神奇的女海神，能平风息浪为渔民和船户造福。闽台两地极为崇奉。一年一度的妈祖诞，极尽观光。此渔谚流行已久，讥讽到危险时刻才认识到有所作用的人。,,鼓楼区,生产类,渔,127,陈雨芬,
'0925,生鲟活鲎，未死先臭。,,,,鲟和鲎都是海产贝类，营养丰富，一旦死了，极易变质，戒吃。,,鼓楼区,生产类,渔,127,陈雨芬,
'0926,挑盐盐海。,,,,喻某些人不切实际，爱干劳而无功多余之事。与“画蛇添足”同义。,,鼓楼区,生产类,渔,127,陈雨芬,
'0927,科题请亲家，不是鱼就是虾。,,,,“科题”即船民的俗称。船民的主要职业是讨鱼，他们请客当然以海产为主菜。,,鼓楼区,生产类,渔,127,陈雨芬,
'0928,当被单，买“横三”①。,,,①即黄瓜鱼。,此渔谚反映：旧时春季发海的黄瓜鱼价廉物美市丰，极受人们欢迎。就是穷人也要典当了被单来购买“横三”吃。今天黄瓜鱼却价昂市少（比旧时贵30多倍），一般人很难吃到。,,福州市,生产类,渔,127,陈雨芬,
'0929,糊鲨藉皮厚。,,,,,,鼓楼区,生产类,渔,127,陈雨芬,
'0930,琅岐蟳，好大交①。,,,①好大腿,闽江口琅岐岛产蟳，腿特大，故有此谚。,,福州市,生产类,渔,127,陈雨芬,
'0931,茉莉花赶头水①。,,,①最先上市。,办事要果断，抢先不落后。,,鼓楼区,生产类,园艺,128,陈雨芬,
'0932,三月枇杷出好世。,,,,福州盛产枇杷，并且早熟，三月登市，在诸果之先。喻人之得时者。,,鼓楼区,生产类,园艺,128,陈雨芬,
'0933,大暑荔枝小暑鲎。,,,,鲎为闽海水产珍品，小暑发海。荔枝则盛熟于大暑季节。,,鼓楼区,生产类,园艺,128,陈雨芬,
'0934,死蛇又臭命又长，兰花又香命又短。,,,,“死蛇”是一种花名，臭味难闻，然而寿命颇长。兰花幽香，易夭折。,,鼓楼区,生产类,园艺,128,陈雨芬,
'0935,死蜂活针。,,,,蜂虽死，其屁股的尾尖尚能毒人。,,鼓楼区,生产类,园艺,128,陈雨芬,
'0936,有钱难买六月蔗。,,,,盛夏爱吃甘蔗，季节已过，当然无处买。,,鼓楼区,生产类,园艺,128,陈雨芬,
'0937,荔枝爱花不爱子，龙眼爱子不爱花。,,,,,,鼓楼区,生产类,园艺,129,陈雨芬,
'0938,线面①未做架光排。,索面①昧做架光排。,昧，方言，读muei,①面粉拌少许盐研制而成的一种福州特有的面食，细如丝线，谓之线面。福州人祝寿均用之，取线面之长，祝福人们长寿。,因为此面须放在一种特质的木架上才能拉成面条，此架不可或缺。面未做而架先排，嘲笑某种人事未做架子先排的可笑行为。,,福州市,生产类,副业,129,陈雨芬,
'0939,工夫全，家司①半,,家司，方言，读gā ní。,①工具。,工夫好坏，工具优劣占一半功劳。,,福州市,生产类,工,129,陈雨芬,
'0940,本匠的门破了用篾匝。,都神，①门扇用篾箍②。,都神，方言，读nìng。箍，方言，读kū。,①木匠。,木匠天天为别人造房，就是没有时间修理自己的破门，只好用竹篾箍扎应付使用，说明旧社会的木工生活的艰苦。,,福州市,生产类,工,129,陈雨芬,
'0941,没拜师傅的木匠，生产过程中经常出问题。,白捏白捏①，不豹②便折。,捏，方言（读lie）入声。豹，方言，读bǎo。便折，方言，读biàn xié（入声）,,无师的木匠，制作的木零件，不是凸出来，安装不进去，便是易于折断的。嘲笑不学技艺者的低能。,,福州市,生产类,工,130,陈雨芬,
'0942,修补抵不上原样。,“台补①卖②铁③原痕。”,“台补卖铁”，方言，读bài buó muē tié。,①填补，整块紧密地填补。②不，不会。③抵，卖铁，抵不上。,从前，福州有修补缺碗，鼎锅的手工艺人，经常挑着担子，（补碗担）走街穿巷，兜揽生意，其修补方法，选用子钉、铁片，油灰等材料，将原有的裂缝碎块穿孔，加固、补牢。修后，虽不大美观，但依然耐用，很受平民的欢迎。该行业现已绝迹。此谚讽喻修补的再牢固，也比不上原来的东西。,,福州市,生产类,工,130,陈雨芬,
'0943,一扛扛，二染缸，三当店，四钱庄。,,,,,清末民初，人民生活贫困，社会上四种行业流行。即“扛扛”指酒库，穷人没出路，只好饮酒混日子，所以酒肆林立。“染缸”指染坊，穷人衣服穿旧了，染色如新，再继续穿用。“钱庄”典当行均属放高利贷者。此谚可以再现当时社会原貌。,福州市,生产类,工,130,陈雨芬,
'0944,斧头打凿凿打柴。,,,,层层追究责任。与“郎罢使仔仔使孙”有某种相似性。,,福州市,生产类,工,131,陈雨芬,
'0945,桶塌无下箍。,,,,喻一事物彻底瓦解。下箍没有了，当然整个桶都要塌散了。,,鼓楼区,生产类,工,131,陈雨芬,
'0946,工字无凸透①。,,凸透，方言，读tū taó,①突出。,旧社会工人靠出卖劳动力收入，一般都不会突出发财。,,福州市,生产类,工,131,陈雨芬,
'0947,洪塘仔不识爹。,,,,历史上的福州市郊洪塘乡乡民，男性多在外做苦工，早出晚归，女性在乡务农，守在家中，造成孩子知娘不知爹的怪现象。,,鼓楼区,生产类,工,131,陈雨芬,
'0948,三年卖一件，一件吃三年。,,,,旧时，福州古董店利润最厚，相传只要三年卖出一件东西，便可维持三年生活开支。,,鼓楼区,生产类,工,131,陈雨芬,
'0949,无针不引线。,,,,,,鼓楼区,生产类,工,132,陈雨芬,
'0950,干千年，湿千年，不干不湿只半年。,,,,杉木风干只须半年，浸在水中可长期保存。,,鼓楼区,生产类,工,132,陈雨芬,
'0951,工半料半。,,,,谓各种工艺制成的成品，在旧时均以原料和工资各一半计算。,,鼓楼区,生产类,工,132,陈雨芬,
'0952,无铁打破锅。,,,,破锅取铁原是笑话，然而在现实生活中却随处存在。,,鼓楼区,生产类,工,132,陈雨芬,
'0953,光厅暗房。,,,,旧时居房建筑提倡厅堂光线明朗，卧室要求以幽暗为主。,,鼓楼区,生产类,工,132,陈雨芬,
'0954,做别人是事，学自己工。,,,,,,鼓楼区,生产类,工,132,陈雨芬,
'0955,理发做光饼，一世不成仔。,,,,旧时看轻理发行业和制饼师傅，讥其不成才。,,鼓楼区,生产类,工,132,陈雨芬,
'0956,城里灯笼向下骨。,,,,,,鼓楼区,生产类,工,132,陈雨芬,
'0957,看正凿歪。,,,,愿望与现实矛盾，同“事与愿违”同义。,,鼓楼区,生产类,工,132,陈雨芬,
'0958,神仙难赚兴化钱。,,,,宋太平兴国四年（979年）改太平军置兴化军。所在兴化（福建莆田北）。后移莆田（今莆田市）。宋元时泉州对外贸易商货，多经转运内地。历史下兴化县人善于经商，精打细算，就是神仙也算不过他们。,,福州市,生产类,商,133,陈雨芬,
'0959,千赊不如八百现。,,,,赊欠账目，偿还有待，拖了时日，货币贬值，千金有时还升不了八百。此谚表明，旧社会甚至远古封建社会早就存在着货币贬值问题。,,福州市,生产类,商,133,陈雨芬,
'0960,海水无门限。,,,,形容大海是无边无岸的。福州人们习惯用此谚喻买卖上的漫天要价。,,鼓楼区,生产类,商,133,陈雨芬,
'0961,店里有老板，寺里有主持。,,,,,,鼓楼区,生产类,商,133,陈雨芬,
'0962,卖油诸娘水梳头。,,,,,,鼓楼区,生产类,商,133,陈雨芬,
'0963,无兴不成镇。,,,,谓兴化（今福建莆田）人多旅外经商，许多集镇闹市均有兴化人。,,鼓楼区,生产类,商,133,陈雨芬,
'0964,不怕不识货，只怕货比货。,,,,,,鼓楼区,生产类,商,133,陈雨芬,
'0965,分明趁，暗中蚀。,,,,表面看来是挣钱的，实际上暗中却亏本了。,,鼓楼区,生产类,商,133,陈雨芬,
'0966,酱𩸞挣钱补蔬菜。,,,,建国后，蔬菜与酱（鱼奇）行业合营为蔬酱公司，酱（鱼奇）行业挣的钱多半都贴补上蔬菜的亏本。,,福州市,生产类,商,134,陈雨芬,
'0967,熟熟熟，卖贵肉。,,,,,,鼓楼区,生产类,商,134,陈雨芬,
'0968,猪姆肉卖乡里。,,,,,,福州市,生产类,商,134,陈雨芬,
'0969,篮里拣花，目看生花。,,,,花篮中拣花，说明花之多，当然要看得眼花缭乱。,,鼓楼区,生产类,商,134,陈雨芬,
'0970,延平枕，宁德剪，沙县诸娘不用拣。,,,,延平即今福建南平市，过去产品名牌皮枕，本省宁德县生产的剪刀也是当时的名牌货。我省沙县地方出美女，故当地找对象不用挑选。,,鼓楼区,生产类,商,134,陈雨芬,
'0971,摊上无摆，担上无卖。,,,,市上买不到的罕见东西喻怪物。,,鼓楼区,生产类,商,134,陈雨芬,
'0972,当店的利会吃死人。,,,,旧时当店以盘剥利息为主，穷人经不起剥削。,,鼓楼区,生产类,商,134,陈雨芬,
'0973,连江鸡筑该①。,,筑该，方言，读dē gaī。,①鸡项下食囊，塞满食物胀大如球。,连江产菜鸡，售市时，为了家中鸡的重量，以沙土塞满鸡食囊，谓之“筑该”。讥讽好商成性者经不起激将的。,,鼓楼区,生产类,商,134,陈雨芬,
'0974,啼买笑卖。,,,,哭丧着脸买货，微笑着卖货，这是旧时做生意的诀窍。,,鼓楼区,生产类,商,135,陈雨芬,
'0975,住了新饭店，才识旧主人。,,,,,,鼓楼区,生产类,商,135,陈雨芬,
'0976,兴三败二。,,,,旧俗，不动产买卖的介绍人润金分成。买方为“兴”，出份三成，卖方为“败”，出份二成。,,福州市,生产类,商,135,陈雨芬,
'0977,同行三分仇。,,,,,,福州市,生产类,其它行业,135,陈雨芬,
'0978,隔行如隔山。,,,,,,福州市,生产类,其它行业,135,陈雨芬,
'0979,一年起厝三年续。,,,,旧时闽人，特别是农村建房大部分均非一次性落成，第一年建了房屋的主体部分，然后几年慢慢续建，整座落成，大约前后须要三、四年时间，这是穷办法建房，可佐证旧时闽地贫穷状况。,,福州市,生产类,其它行业,135,陈雨芬,
'0980,前门进，后门出。,,,,做见不得人的事，多是怕人看到，前门进屋不敢再从前门出来，只好以后门偷偷溜走。旧社会半开门的暗娼接客多属这类性质。,,鼓楼区,生产类,其它行业,135,陈雨芬,
1010,未注生，先注死。,,,,宿命论者胡说八道。,,鼓楼区,偏见类,封建伦理,141-142,山月,
1011,上身长，坐公堂，下身长，走忙忙。,,,,迷信相法：身长主贵有官做，腿长主贱，一生奔走劳碌。,,鼓楼区,偏见类,封建伦理,142,山月,
1012,买臣妈十八败。,,,,,相传历史上朱买臣早年穷困潦倒，皆归咎其妻命苦。离异后，买臣出仕了，其妻连续改嫁十七次皆贫困不已，接连死夫死子，最后与高官显爵的朱买臣遭遇街头。要求与买臣复婚，买臣不依，却以怜恤为借口赐彩扛（礼物）三扛，让其挑选。买臣妈只挑到不值钱的文房四宝。自认命苦得不到好处。朱买臣最后让其马头泼水马尾收，当然收不来，买臣妈撞死马前。此谚是典型的宿命论观点。,福州市,偏见类,封建伦理,142,山月,
1013,鬼当神敬。,,,,,,鼓楼区,偏见类,封建伦理,142,山月,
1014,三代不骂天，养仔中状元。,,,,旧时农民靠天吃饭。自然灾害造成农民颠沛流离，所以农民不骂天的没有。三代不骂天的更是绝无仅有。不骂天，文盲的农家孩子也会中状元。此谚是尊天思想的反映，以另一角度也看出骂天是消极的反抗，并不能解决实际问题。,,鼓楼区,偏见类,封建伦理,142,山月,
1015,不戴荠荠菜，小鬼拖裙带。,,,,旧俗三月三上巳节，妇女要戴荠荠菜，迷信谓可避鬼邪。此谚今已不传。,,鼓楼区,偏见类,封建伦理,142,山月,
1016,道士收花彩①，多少都会使②。,,会使，读è sǎí,①小费。②都可以。,,,福州市,偏见类,宗教迷信,143,山月,
1017,道士摇铃铃，有嘴没心。,,,,道士摇着铃子念经，是漫不经心的。,,福州市,偏见类,宗教迷信,143,山月,
1018,阎王多放一年，事情多做多少。,,,,,,鼓楼区,偏见类,宗教迷信,143,山月,
1019,阎王注定三更死，定不留人到四更。,,,,,,鼓楼区,偏见类,宗教迷信,143,山月,
1020,阎罗王遗失传票。,,,,埋怨坏人不死，因阎王传票丢失了。,,鼓楼区,偏见类,宗教迷信,143,山月,
1021,东岳做普渡六十年一次。,,,,福州旧时盛行普渡赛会，所谓驱瘟赶魔。东郊康山有一东岳庙，专供阎王鬼神菩萨，六十年要做一次超度。这里所指“六十年一次”，谓机会难得，不可错过的意思。,,鼓楼区,偏见类,宗教迷信,143,山月,
1022,四月八，无闲和尚。,,,,旧历四月初八为浴佛节，寺庙僧众皆参加庆典，因而该日和尚无闲人。,,鼓楼区,偏见类,宗教迷信,143,山月,
1023,有棺材，无灵位。,,,,喻有名无实。,,鼓楼区,偏见类,宗教迷信,143-144,山月,
1024,老鸦叫，别人死。,,,,福州习俗都认为，闻到老鸦鸣声有生死不测之祸。,,福州市,偏见类,私利观念,144,山月,
1025,自己仔金仔银仔，别人仔柴头椅仔。,,,,喻有名无实。封建社会人们普遍存在的自私偏见。,,福州市,偏见类,私利观念,144,山月,
1026,光棍①天生，盘数②犬生。,,盘数，方言，读bàn shǒu。,①巧计多端的骗子。②按成规办事的老实人。,旧社会的一种人生观。新社会就是要做老实人。,,福州市,偏见类,私利观念,144,山月,
1027,横心横肠煮饭成甑，良心天理鼎里没米。,,,,旧社会的可怕世态。,,福州市,偏见类,私利观念,144,山月,
1028,门仔关紧自做人。,,,,旧社会明哲保身者的主张，蜗居斗室，独善其身。,,福州市,偏见类,私利观念,144,山月,
1029,妻不如妾，妾不如婢，婢不如妓，妓不如偷，偷不如想。,,,,勾勒旧社会好色之徒的一幅可耻可恨的嘴脸。,,鼓楼区,偏见类,私利观念,144-145,山月,
1030,人为财死，鸟为食亡。,,,,,,鼓楼区,偏见类,私利观念,145,"山月, 缪若佳",
1031,无情无义曲蹄婆。,,,,曲蹄婆泛指福州大桥下旧时疍民的船妓。谓妓女无情无义，虽有道理，却属偏见。,,鼓楼区,偏见类,私利观念,145,"山月, 缪若佳",
'0936,鸟龟进门来，老板发大财。,,,,旧俗，腊月乞丐打扮为龟进门行乞，口呼此两语，以贺财旺，老板当然肯解囊相助。此乞丐行话却成谚。今已不存。,,鼓楼区,偏见类,私利观念,145,缪若佳,
1032,公众厅堂无人扫，多子父母无处“讨罩”①,,讨罩，方言，念dáo。,①中午饭。,多子的父母，赡养之责互相推诿，父母只好挨饿。,,鼓楼区,偏见类,私利观念,145,缪若佳,
'0938,吃公众，挣私家。,,,,,,鼓楼区,偏见类,私利观念,145,缪若佳,
1033,宰①鸡做没名，反害鸡母命。,,宰，方言，读tài。,①杀。,宰鸡吃没份，反害了一条母鸡命，真不合算。,,鼓楼区,偏见类,私利观念,145,缪若佳,
1034,避雨当厝主。,,,,避雨原是借他人之屋，贪心的却占为己有。与“鸦占鹊巢”同义。,,鼓楼区,偏见类,私利观念,145-146,缪若佳,
1035,时至喝水成冰，运退煮水咖①鼎。,,咖，方言，读gà。,①粘住，焦巴。,时运旺盛时候喝一声水也会变成冰的。运退时衰的时候，烧水也会烧成焦巴。宿命论者的偏见。,,福州市,偏见类,反科学,146,缪若佳,
1036,肖蛇多心事。,,,,传说，蛇性多疑。转喻，凡事左思右想，犹豫不决的人性格，事实肖蛇的人不一定疑心重。上述只是一种不适当的比喻。,,福州市,偏见类,反科学,146,缪若佳,
1037,人心①翘鼻，卖活廿四。,,,①鼻子底下上唇间穴道叫做“人心”。,相术迷信者认为凡“人心”短的寿命夭。“人心”部位翘到鼻子底下，说明“人心”短促，必定是个活不到廿四岁的短命人。古代人认为男不上五十五岁，女不上五十岁均属短寿之流。毫无科学根据的迷信偏见。,,鼓楼区,偏见类,反科学,146,缪若佳,
1038,人无横财不富，马无夜草不肥。,,,,,,鼓楼区,偏见类,反科学,146,缪若佳,
1039,大祸不死必有后福。,,,,,,鼓楼区,偏见类,反科学,146,缪若佳,
1040,十女九焖①，十男九学②。,,焖，方言，读mê;学，方言，读hoù。,①头脑不清楚，迟钝，傻瓜。②好高骛远。,十女九傻；十男有九个好高。是旧社会的一种偏见，但也有所反映。,,福州市,偏见类,反科学,146-147,缪若佳,
1044,未注生，先注死。,,,,宿命论的观点。,,鼓楼区,偏见类,反科学,147,缪若佳,
1045,财主钱，乞食命。,,,,财主为钱忘命，乞食未命行乞。,,鼓楼区,偏见类,反科学,147,缪若佳,
1046,人算不如天算。,,,,天命论者的观点。,,鼓楼区,偏见类,反科学,147,缪若佳,
1047,虎咬七世愆。,,,,闽人旧时认为，人遭虎口，表明他前世罪孽深重。纯迷信。,,鼓楼区,偏见类,反科学,147,缪若佳,
1048,姻缘天注定。,,,,反动的唯心主义论点,,鼓楼区,偏见类,反科学,147,缪若佳,
1049,男大三，门前立旗杆；女大三，井水吊会干。,,,,男女婚配，男大女三岁，必然会当官，女大男三岁，要倒霉。纯宿命论，无科学根据。,,鼓楼区,偏见类,反科学,147,缪若佳,
1050,男儿难得三更生，女儿难得午时生。,,,,宿命论者怪说，毫无科学根据。上述所生之时，他们认为可以大富大贵。,,鼓楼区,偏见类,反科学,147-148,缪若佳,
1051,男型母相，不死也“破相”①。,,,①残疾。,可以反映一种性格，决不能定相，此谚是相者的无稽之谈。,,,偏见类,反科学,148,缪若佳,
1052,命里该吃粥，煮饭忘记鹿①。,,鹿，方言，读lel。,①用漏瓢掏干谓之鹿：,命上定的躲避不了，偏见的宿命论。,,鼓楼区,偏见类,反科学,148,缪若佳,
1053,无鬼死不了。,,,,喻事情败坏，必有人中作祟。,,鼓楼区,偏见类,反科学,148,缪若佳,
1054,脚肚象竹筒，不死也害人。,,,,相术的偏见，反科学的。,,鼓楼区,偏见类,反科学,148,缪若佳,
1055,婊子上门，家散人亡。,,,,,,鼓楼区,偏见类,反科学,148,缪若佳,
1056,五更叫喜，二更叫死。,,,,公鸡如果二更啼呜，家中主死人，这是无根据的迷信。,,鼓楼区,偏见类,反科学,148,缪若佳,
1057,命带桃花得人爱，命带苦刺多人嫌。,,,,,,,偏见类,反科学,148,缪若佳,
1058,六月六，犬洗汤。,,,,闽俗，旧历六月初六日，牵犬浴于溪河，谓不可生虫虱。没有什么科学根据。,,鼓楼区,偏见类,反科学,148,缪若佳,
1059,有鸡有鸡米，有仔有仔粮。,,,,这是旧社会不搞计划生育的借口，应予批判。,,鼓楼区,偏见类,反科学,149,山月,
1060,敬神如神在。,,,,,,鼓楼区,偏见类,反科学,149,山月,
1061,鸡角仔①未大先叫更。,,鸡角仔，方言读géi Piē PiǎnP,①未成熟的小公鸡。,未成熟的小公鸡叫更一般不可能。讥讽年轻瞎闹者。,,鼓楼区,偏见类,反科学,149,山月,
1062,老鼠邀猫看元宵。,,,,,,鼓楼区,偏见类,反科学,149,山月,
1063,天上无云不下雨，地上无媒不成亲。,,,,封建包办婚姻的习俗，旧社会媒人的骗人术话。,,鼓楼区,偏见类,反科学,149,山月,
1064,男不看三国，女不看小说。,,,,男的看了三国易变奸诈，女的多看小说易于诲淫。,,鼓楼区,偏见类,反科学,149,山月,
1065,赌能发财，天下谋生第一；嫖不害命，人间乐事无双。,,,,,,鼓楼区,偏见类,反科学,149,山月,
1066,脸上无肉，不可相熟。,,,,诡计多端善于谋算，因费脑而伤体，脸上瘦削。与此类人打交道有危险。虽有一些道理，但不能一概而论。,,鼓楼区,偏见类,反科学,149,山月,
1067,相由心改。,,,,看命看相本有“定数”之说，此谚又破了这个“定数”。说明迷信这一套理论，很多不能自圆其说和自相矛盾的。,,鼓楼区,偏见类,反科学,149-150,山月,
1068,运筹帷幄，决胜千里外。,,,,,,福州市,军事类,战略战术,152,山月,
1069,高筑墙，广积粮，不称王。,,,,这是古代军事家刘邦的名谚。他要想战胜比他实力强大的项羽，必须加强防御工事，广积粮草，大量招兵买马，不断充实与扩大自己的军事实力，不要急于称王称帝，首先要收买军心民心。此谚流行全国，也流行福州地区。,,福州市,军事类,战略战术,152,山月,
1070,三十六计，走为上策。,,,,孙子兵法有三十六计，“走为上策”是最后一计。这里所指的“走”，不是逃走的走，而是毛主席所阐明的战略战术：“运动战”的“走”。,,福州市,军事类,战略战术,152,山月,
1071,知己知彼，百战百胜。,,,,,,福州市,军事类,战略战术,152,山月,
1072,韩信点兵，多多益善。,,,,韩信善于运行阵地战，他是讲实力的，以众胜寡，除讲究兵的质量外，他还强调兵的数量。,,福州市,军事类,战略战术,152,山月,
1073,穷寇莫追。,,,,,,福州市,军事类,战略战术,152,山月,
1074,兵不厌诈，声东击西。,,,,,,福州市,军事类,战略战术,152,山月,
1075,慈不掌兵，义不掌财。,,,,,,鼓楼区,军事类,战略战术,152,山月,
1076,先礼而后兵。,,,,待人先行礼义，解决不了问题方可动武。这是兵谚的泛用。,,福州市,军事类,战略战术,152,山月,
1077,先小人，后君子。,,,,,,鼓楼区,军事类,战略战术,153,山月,
1078,先下手为强，后下手遭殃。,,,,,,鼓楼区,军事类,战略战术,153,山月,
1079,救兵如救火。,,,,,,鼓楼区,军事类,战略战术,153,山月,
1080,宁可失城门，不可失狗洞。,,,,指夜间巡逻，城门有大兵把守，而狗洞是奸细阴谋之地。,,鼓楼区,军事类,战略战术,153,山月,
1081,一时之胜在于力，千古之胜在于理。,,,,凭武力只能取得一时一地之胜利，凭真理方能获得永远胜利。,,福州市,军事类,战略战术,153,山月,
1082,能管千军万马，不能管自己老婆。,,,,不少将军元帅，听了老婆不正确意见后，事业毁于一旦。,,福州市,军事类,战略战术,153,山月,
1083,先打后商量。,,,,不宣而战，偷袭战略。与“先礼后兵”不同。,,鼓楼区,军事类,战略战术,153,山月,
1084,挂彩光荣，轻伤不下火线。,,,,“新兵怕炮，老兵怕机枪”旧军队士兵的贪生怕死的观念与此谚正成反比。此谚闪耀着人民部队公战之勇的思想光华。,,福州市,军事类,英勇机智,153,山月,
1085,小米加步枪打败飞机加大炮。,,,,,,福州市,军事类,英勇机智,153,山月,
1086,强将手下无弱兵。,,,,,,鼓楼区,军事类,英勇机智,154,山月,
1087,重赏之下，必有勇夫。,,,,,,福州市,军事类,英勇机智,154,山月,
1088,一夫当关，万夫莫敌。,,,,,,福州市,军事类,英勇机智,154,山月,
1089,人民战争是汪洋大海。,,,,,,福州市,军事类,军民关系,154,山月,
1090,人民军队爱人民。,,,,,,福州市,军事类,军民关系,154,山月,
1091,保家卫国，人人有责。,,,,当了一名人民国防军，头脑中闪耀“保家卫国”的光荣感。与“国家兴亡，匹夫有责”成同义辞。,,福州市,军事类,军民关系,154,山月,
1092,军民鱼水情。,,,,,,福州市,军事类,军民关系,154,山月,
1093,兵民是胜利之本。,,,,,,福州市,军事类,军民关系,154,山月,
1094,帅在谋不在勇。,,,,,,福州市,军事类,其他,154,山月,
1095,胜败兵家常事。,,,,,,福州市,军事类,其他,154,山月,
1096,十个武将，九个没头。,,,,常年累月战斗在沙场上，死亡率高这是在所难免的。,,福州市,军事类,其他,154,山月,
1097,散兵游勇，毒过细菌。,,,,解放战争后期，击溃的国民党部队流散在各地的散兵游勇，祸害人民，毒过细菌，无孔不入。,,福州市,军事类,其他,154-155,山月,
1098,兵过篱笆破。,,,,,,福州市,军事类,其他,155,山月,
1099,千军易得，一将难求。,,,,,,福州市,军事类,其他,155,山月,
1100,强将手下无弱兵。,,,,,,福州市,军事类,其他,155,山月,
1101,人民军队是钢铁长城。,,,,,,福州市,军事类,其他,155,山月,
1102,一将功成万骨枯。,,,,,,福州市,军事类,其他,155,山月,
1103,兵随将，仔随娘。,,,,,,鼓楼区,军事类,其他,155,山月,
1104,番仔兵无队伍。,,,,,,鼓楼区,军事类,其他,155,山月,
