content,注释,解说,喻,audio file uuid,page,tag
后九蜀寒拆九寒，后九无寒节节寒。,"①、后九：即“拗九”，指正月二十九，这是福州的一个传统节日，称“后九节”，据说与目莲救母的故事有关，这一天家家户户用糯米、红糖、花生、桂圆等煮“后九粥”，类似于北方的“腊八粥”。亲友中有年龄逢“九”或九的倍数的，则赠以甜粥、鸭蛋等为之祝福。

②、拆：抵得上。

③、九寒：是随后的诸“寒”，如后九寒、清明寒、谷雨寒等，其中后九寒是第一次春寒，也是最冷的。如果后九节前后没有冷空气，预示该年春季的冷空气将十分频繁。在这里，“九”是虚数。",,,450b6e48-a25c-4f06-bc47-244fd5a48861,13,天气节令
清明谷雨，寒死老鼠。,"①、寒死：冻死。

②、",清明、谷雨分别为二十四节气，福州有清明寒、谷雨寒之说。,,4ea8779c-c69b-47a9-aafd-a024f7ae4faa,13,天气节令
谷雨立夏，寒死老郎罢。,郎罢：是父亲的意思。唐顾况诗“囝别郎罢，心摧血下”。,,,01453a23-f82b-42b6-8cc7-d33a9b5966b4,14,天气节令
冬天寒皮，春天寒骨。,,福州的春寒往往比冬寒更冷，这样形容很亲切。,,e3d51d9b-a9ce-4a5e-8fc9-ab14d06304cd,14,天气节令
冬节是月头，棉被压铺头。,"①、冬节：即“冬至日”，是福州的传统节日，这一天福州家家户户用糯米粉团制作“罱”（糍）。

②、月头：月初。

③、棉被压铺头：棉被盖过头，形容极冷之意。

④、",根据冬至日在农历十一月或十二月的哪一段来推测该年冬季气温。,,2ae5b3ac-0408-4028-a9a0-5b642a219a56,14,天气节令
冬节是月中，无雪复无霜。,"①、复：又的意思。

②、",根据冬至日在农历十一月或十二月的哪一段来推测该年冬季气温。,,f66c5a11-a454-40c4-9630-681cf6b5908e,14,天气节令
冬节是月尾，收起犁耙去烘火。,"①、月尾：月底的意思。

②、",根据冬至日在农历十一月或十二月的哪一段来推测该年冬季气温。,,c9d7fb78-2621-4e0a-ae2d-8bd00b8b7bdb,15,天气节令
二八乱穿。,"①、二八：即“二八天”，泛指春秋两季。

②、",形容春秋两季气温变化频繁而且无序，人们的寒衣和夏服往往要随着气温变化几度替换。,,d66cb3ba-3240-42c4-961f-fed054c4f192,15,天气节令
三月三，掏扇换纃衫。,"①、掏：拿的意思。

②、齐衫：即“汗衫”，指苎麻布的衣衫，轻薄凉爽。

③、",农历三月三，福州天气转暖，怕热的人已经换夏装、摇扇子了。,,ba24a31b-fcb6-4d2e-bab5-4c833df46364,15,天气节令
夏至日出火。,日出火：形容夏日炎炎。,,,33bdeef8-8a13-4296-8a93-dfa794ffd3d1,15,天气节令
六月拍犬伓出门。,"①、拍：打的意思，此处指驱赶。

②、伓：不的方言写法。

③、",农历六月，狗都躲在家里避暑，任你踢打驱赶也不愿出门，形容福州六月烈日炎炎，这当然是夸张的说法。,,0edcdde9-b29d-4fc3-a4f1-130332f71818,16,天气节令
白露秋风下，一夜冷一夜。,,在白露这个节气过后，控制福州的北太平洋副热带高压逐渐向南退东移，北方冷空气南下，白天在太阳光照射下还觉得气温较热，到了夜间，地面的辐射热迅速向大气扩散，气温下降，昼夜温差可达十多度，所以感觉一夜比一夜凉。,,2521494c-f43f-4880-a1e1-0786266f96a4,16,天气节令
惊蛰未遘雷先发，七七四十九不见天。,"①、遘：到的意思。

②、七七四十九：虚数，多的意思。其中“四十”念合音。

③、不见天：指没有晴朗的日子。

④、",初雷一般都是出现在每年惊蛰前后，在惊蛰日前就响起春雷，说明当年暖湿空气特别活跃，预示雨季将特别长。,,9e9366b3-0c27-4757-bd9c-ca657ae6ef35,16,天气节令
初一逿雨初二晴，初三逿雨无得晴。,"①、逿：下的意思，指下雨。

②、无得晴：晴不了。

③、",正月初一下雨，初二一般就无雨，初三下起了雨，就要一连下好几天。,,410fea96-8d45-4b60-b47b-d9584355c51e,16,天气节令
春霞无出三日雨。,"①、无出：不出。

②、",春季有霞则三日之内必定要下雨。,,9fb8b328-be9a-4a59-a6ed-6a12e19232d2,17,天气节令
日头弹昼，大雨就遘。,"①、日头：太阳。

②、弹：照射。

③、昼：中午。

④、遘：到的意思。

⑤、",形容阴雨天的中午出太阳，预示大雨将至。春夏之交，中午强烈的太阳光使云层上部蒸发，而下部上升气流又较弱，二者结合，可出现云破天开，太阳直照的情形。阳光又使地面温度迅速升高，上升气流加强，云层再度弥合，形成雨水，而且往往下得更大。,,3881165b-d23f-46b3-90ac-4fe071151d11,17,天气节令
月光照滥地，罔逿罔有味。,"①、滥：湿。

②、罔·····罔·····：越·····越·····。

③、逿：下（雨）。

④、有味：有趣的意思。

⑤、",阴雨天夜里放晴，预示第二天还会继续下雨。,,db54939c-7288-4b61-98ec-7d6e347aef5b,17,天气节令
鼓山戴帽，水缸颂裙。,"①、鼓山：位于福州东郊，海拔870多米。

②、戴帽：形容云雾笼罩在山头。

③、颂：穿的意思。穿裙子形容水缸的下半截反潮。

④、",鼓山主峰上面如果有云雾和水缸反潮，说明空气中水含量高，是将要下雨的征兆。,,18734258-0d69-429f-bafc-995606c7d367,18,天气节令
火烟缠厝雨就遘。,"①、火烟：烟气。

②、厝：房子。

③、遘：到的意思。

④、",烟气不散，说明空气中水含量高，是将要下雨的征兆。,,874ba5f9-f68b-4cb2-9204-e7b0e991f979,18,天气节令
夏至乍出霉，大雨十八回。,"①、乍：才。

②、出霉：发霉。

③、",福州气候潮湿，春季室内常发霉。如果迟至夏至才发霉，说明该年霉雨季来得晚，预示夏初雨水充沛。,,44d91e4b-9ac5-436c-b2a5-bcdb94df0dcd,18,天气节令
东虹日红西虹雨。,,虹出现在东方预示晴天，出现在西方预示下雨。,,e1ffc22f-ccbf-4c98-a966-2058ff7c7908,19,天气节令
早虹雨滴滴，晚虹雨断滴。,"①、晚虹：傍晚的彩虹。

②、断滴：一滴雨都没有。

③、",雨过之后，太阳光照射在悬浮空气中的水滴上，产生的折射分解了太阳光的光谱，形成彩虹。早晨太阳在东方，虹出在西边天空，所以“早虹”说是“西虹”，傍晚太阳在西边，虹出在东方天空，“晚虹”就是“东虹”。福州的天气系统自西向东移动。早晨见西虹，说明富含水滴的降雨云系处在西边，它将继续东移，很快就带来降雨。傍晚见东虹，说明雨云已在东面，它将继续东移，本地将转晴天。,,1bc45a4f-b122-4074-a6ee-a4e5611679d7,19,天气节令
春天伲囝面，拉屎戴斗笠。,"①、伲囝面：指小孩的脸。小孩子喜怒无常，比喻春季晴雨不定。

②、",旧时设在户外的厕所多是露天的，春季乍晴乍雨，如厕时就可能突然下起雨来，戴上斗笠总是保险些。此处也有夸张之意。,,d15871f1-0ae1-4ce9-a044-d0149334f6cd,19,天气节令
快霉四月八，晏霉五月节。,"①、快霉：即霉雨季来得早。

②、四月八：即农历四月初八，传统的浴佛节。

③、宴霉：霉雨季来得晚。

④、五月节：即端午节。福州也和各地一样在这一天包粽子，赛龙舟。

⑤、",从农历四月初八到端午前后是福州的霉雨季，它是北方冷空气与南方副热带暖流互相交绥而造成的降水，气象学上称为“极锋”雨带。由于交绥双方势均力敌，温热条件差异大，拉锯于福建上空，所以造成持续的阴雨，再加上高温、高湿，贮存的东西很容易发霉。,,f6b164b4-e2ac-4e7f-811b-95cce1d9db56,20,天气节令
五月十三关老爷磨刀。,,农历五月十三是关公的生辰，每年这时候通常有暴雨，造成洪水泛滥，民间传说是关老爷磨刀的水。,,7fb04867-0ff5-44c8-bbde-c13560d4703b,20,天气节令
立夏小满，江满河满。,,从立夏到小满这一段时间是闽江流域的汛期。,,562d7349-0b44-4248-9deb-a8c965da95d4,20,天气节令
雷公先唱歌，有雨也𣍐多。,,气象学把雷雨分成锋面雷和热雷雨两类，由冷暖空气会合形成的锋面雨常是先雨后雷，持续时间长，雨量大。由局部地面受热不均形成的是热雷雨，常是先雷后雨，持续时间短，雨量小，有时地面还没湿透就雨过天晴了。,,bfcde8de-6292-4a14-9177-526133007846,21,天气节令
六月雨，𣍐过墿。,"①、六月雨，指农历六月的热雷雨，“雨”读特殊的口语音，俗写同音的“祸”字。

②、墿：路。

③、",夏天的热雷雨往往是范围有限的一阵急雨，在野外常可遇到一侧有雨，另一侧无雨的景象。,,2d34de95-915e-457a-aad4-c122d56c2a83,21,天气节令
东眨一，西眨七，南眨笊笊流，北眨无蜀滴。,"①、眨：此处指打闪电。

②、笊笊流：如笊篱漏雨般流水。

③、无蜀滴：没有一滴雨。

④、",闪电的地方就是下雷雨的地方，但超过20公里的距离，就听不到雷声了。由于福州高空盛行偏西气流，雷雨将从西南方向向朝东北方向移动，所以可以从闪电的方向来估计雨情：东面打闪有一分雨，西面打闪有七分雨，南面打闪大雨如注，北面打闪则可能根本没雨。,,6b488b84-d810-4fdd-9821-8f2da959057c,21,天气节令
雷拍夏，无水洗犁耙。,,春季无雷，立夏以后才闻雷声，预示要干旱。,,29be3fcd-6023-46e3-a258-784882a442ef,22,天气节令
芒种降雨火烧街，夏至降雨滥蒲蒲。,"①、雨：读特殊的口语音，俗写同音的“祸”字，与28条“雨”同义。

②、火烧街：形容干燥炎热。

③、滥蒲蒲：湿淋淋。

④、",芒种日下雨预示当年干旱炎热，夏至日下雨预示当年雨水充沛。,,6cb0d6cb-9805-4055-939a-9ebb8b7ae7a1,22,天气节令
热过头，雹拍头。,"①、拍：打的意思。

②、",夏天落雹之前，往往特别闷热。,,2fd93765-5544-484a-af5f-5d2531450cbb,22,天气节令
有雨天边亮，无雨头顶光。,"①、光：亮的意思。

②、",天边亮，头顶上黑，说明雨云集中在头顶上，头顶上亮，雨云集中在远处，此处一时还不会下雨。,,46e0ea16-d3dc-4211-ade1-5221a29f2e8d,22,天气节令
六月颱，无米筛。,"①、颱：指“风颱”，即台风。

②、",农历六月的台风对即将收割的早稻造成严重损害，甚至可能颗粒无收，使农民无米可筛。,,010b6867-513f-4f18-84cb-d9f3b2b96982,23,天气节令
六月防初，七月防半。,"①、防：防御。

②、半：半月，指中旬。

③、",农历六月初早稻尚未收割，七月中旬晚稻苗刚刚插下，这两段时间如果刮台风将造成很大损失。,,eaee48cd-ed65-4d60-92ef-582dc2e48d26,23,天气节令
七八北云拍风颱。,"①、七八：指农历七月、八月。

②、拍风颱：指刮台风。

③、",农历七八月间，北面出现积云是台风将至的征兆。,,5f0514fc-797e-4040-8e8f-dfd4dde58d79,23,天气节令
六月风颱生九囝，七月风颱无回南。,"①、风颱：指台风。

②、囝：福州人称儿子为“囝”。这里特指“风颱囝”，即强度小的台风。

③、回南：台风是一个逆时针的气旋，如果台风中心的登陆点在福州北面，前锋袭来时福州刮西北风，台风中心过后，刮南风并夹暴雨，福州传统说法是此时台风“回南”了。

④、",农历六月刮台风，以后会陆续有台风天气。农历七月的台风没有“回南”的过程，因为这一段时间的台风一般不在福州以北登陆。,,fec48a26-d638-47ef-9430-0944c175d57f,23,天气节令
风颱不大，回南倒大。,"①、倒：反而。

②",、“回南”见上条。台风“回南”时暴雨成灾，其凶险往往更胜于台风登陆。,,af8d61d4-c9b3-4f50-bd8d-235fd97213db,24,天气节令
蜀雷镇九颱。,"①、蜀：福州话“一”。

②、颱：指“风颱”，即台风。

③",、台风“回南”时带来暴雨，雷声响过之后，风雨讯速减弱。,,99b75ce6-9184-4e56-aeb5-bafde34d4c8f,24,天气节令
南风发暴，鲜鱼无对倒。,"①、发暴：刮北风。“发”读特殊口语音，俗写近音的“勃”字。

②、无对倒：（捕到的鲜鱼多得）没地方倒。“对”指地方，处所。

③、",海上乱大风，鱼出于生理本能会迅速地集游，形成“十尺水，八尺鱼”的密集鱼群，因此渔民在大风前后抓紧捕捞往往大有收获。,,d4cd0e37-1884-4f76-b886-7f5329449fd8,24,天气节令
六月初三雨，七月多晡时。,"①、晡时：也说“晡时雨”，即雷阵雨。

②、",农历六月初三这一天如果下雨，预示当年七月雷阵雨频繁。,,0c6a8a19-d789-4a21-9d25-96803bd3b946,25,天气节令
有元宵，无中秋；有中秋，无元宵。,,如果元宵节能见到圆月，当年的仲秋之夜必是阴或雨，反之亦然。其实这条谚语反映的事实是福州的天气晴好与阴雨参半。只是在元宵和仲秋这两个传统的赏月佳节，人们特别注意月亮。,,73d77d15-ed11-4b01-9016-47cea5a971eb,25,天气节令
冬节冥，夏至日。,"①、冬节：即冬至日，福州传统节日之一。

②、冥：福州话“夜”的意思。

③、",冬至这天的夜特别长，夏至这天的日特别长。,,ee554559-a428-4c27-89e6-66246c5207ea,25,日月山川
八月日无晡，无用诸娘满灶摸。,"①、日无晡：指一天中没有傍晚这一段时间，指天黑得很快。

②、晡：福州话“晚”的意思，此处指傍晚。

③、诸娘：指女人的意思。

④、满灶摸：形容摸黑做晚饭。",,,55add6d6-8a1e-443d-8400-d0e6450b9fc3,26,日月山川
春分秋分，日夜平分。,,春分、秋分这两天日夜同样长。,,b1ea0e54-59d9-43a5-9d7f-66d0df0df34a,26,日月山川
初三初四，月牙起蒂。,"①、起蒂：露出一点儿。

②、初三、初四月牙出现，后渐渐变圆。",初三、初四月牙出现，后渐渐变圆。,,58e35a61-949e-4323-a43f-afad8b77b816,26,日月山川
十七十八，月出目瞌。,目瞌：眼睛闭上，指睡着。,,,a0d3bf82-939a-423d-9e71-91ea83c2992a,26,日月山川
二十弹弹，月出半冥。, ,,,4fb69935-4e84-4d10-8ae5-3cfbcef5da18,27,日月山川
六月初一搁罗天，七月初一去半年。,"①、搁罗（音）：指差得远。

②、六月时感觉还是年初，到了七月猛然觉得已是下半年。",六月时感觉还是年初，到了七月猛然觉得已是下半年。,,a0d598de-8eaa-4d0d-8975-befd81ae939e,27,日月山川
燕来三月三，燕去七月半。,,七月半是中元节，是福州最重要的传统节日之一，俗称做“半段”，各家具酒馔祭祖，焚冥衣纸钱，大宴宾客，此风乡村尤甚。“半”读阴平调。,,13a2066a-3f46-4202-9e39-982dbf726781,27,日月山川
初一十五，食昼搭渡。,"①、食昼：吃午饭（的时候）。

②、搭渡：搭乘渡船。

③、初一、十五这两天中午时潮水最高，乘渡船方便。",初一、十五这两天中午时潮水最高，乘渡船方便。,,39d99b3a-1bca-49ec-b51e-a4c9690fcd74,27,日月山川
初三十八大。,,初三和十八这两天潮水最大。,,b7d95a65-0b9b-4c2f-ae7d-03aa8170aba2,27,日月山川
鸡上瓦，猫钻洞，地牛拆厝弄。,"①、地牛：传说地下的神牛扛着大地，称地牛。地牛活动，引起地震。

②、厝弄：旧式平房的外墙与内墙之间的空隙，此处代指房屋。",,,c28f64bf-bb29-4463-abff-15555d6716a6,28,日月山川
井水变甜，地牛转肩。,"①、地牛转肩：形容地震，传说我们的大地是被地牛扛着，转肩是地震的原因。

②、转肩：挑担子或扛重物时，因担子太重换个肩膀。",,,e1abc60d-04d2-4ae0-83c1-b40664e32cee,28,日月山川
鼓山汝莫传，去𠲥汝莫怨。,"①、鼓山：在福州东郊，海拔870多米。山上有涌泉寺、喝水岩诸景。

②、汝：你。

③、莫传：不要传说（它迷人）。

④、礼：动态助词：了。

⑤、",徒步登鼓山，从山脚走到鼓山涌泉寺要登两千多级石阶，游客往往觉得十分辛苦。,,d434cd60-3bdd-4414-bc17-847b8f235ed0,28,日月山川
延平水，鼓山平。,"①、延平：指的是旧延平府，今天的南平市延平区，在福州北面，闽江上游。

②、鼓山平：与鼓山一样高。

③、",形容南平所处的地理位置高，不是精确计算的结果。,,c5ebd818-2363-4724-ac66-93137f2719e8,29,日月山川
一旗，二鼓，三高，四虎。,,指福州郊外的旗山、鼓山、高盖山、虎头山，按高度排顺序，但一般城里人熟悉的只有其中的鼓山。,,e15b9eee-59fe-48f2-b22e-309723ee0e8b,29,日月山川
三山藏，三山现，三山看不见。,,"福州别名“三山”，指市区内的“三山现（于山又叫九仙山、乌山又叫乌石山、屏山又叫越王山）。后又附会出“三山藏”（指罗山、闽山又叫玉尺山、冶山又叫泉山）与“三山看不见”（指丁戊山又叫嵩山、钟山、龙山又叫灵山或芝山）。

“三山藏”与“三山看不见”实际上是“三山现”的支脉衍生的，其中，罗山、丁戊山是于山的支脉，闽山、钟山是乌山的支脉，冶山、龙山或芝山是屏山的支脉。龙山又名灵山，与芝山实际上是一座山。

所谓“三山藏”实际上是露出地面的大块岩石，不知何代的好事者镌以山名，现在这些大块岩石与题刻还在：罗山在法海寺内，闽山在三坊七巷泔液境旁，冶山在中山大院内。

所谓“三山看不见”的民间说法是“山”潜在井底，实际上经历代铲凿，至宋代梁克家作《三山志》时便“微见岗阜”，到了如今更是湮没在坊间巷里，踪影皆无了：丁戊山有题刻在大觉寺内，钟山在元帅路与达明路一带，如今仍有大中寺巷的地名，龙山巷地名还在，芝山则在开元寺内。",,3fe53398-a84d-44a8-97a1-48f62d5041e8,29,日月山川
猫无冥，犬无昼。,"①、冥：晚饭

②、昼：午饭

③、猫吃饱了晚餐，夜间就不会积极地捕鼠。看门狗白天休息，可以自行外出觅食。",猫吃饱了晚餐，夜间就不会积极地捕鼠。看门狗白天休息，可以自行外出觅食。,,6b0dbd9c-e5bc-4404-96d9-efc3a425cf48,30,猫犬蛇鼠
猫无埋，犬无吊。,"①、猫无埋：指死猫不埋入土中。

②、犬无吊：指死狗不吊起来。

③、福州郊外常可见树上吊着死猫，据说这样可以防止死猫成精作祟。",福州郊外常可见树上吊着死猫，据说这样可以防止死猫成精作祟。,,2fbfbcf2-a112-423b-a434-4b884b84a813,30,猫犬蛇鼠
猫投穷，犬投富。,"①、投：投靠。

②、穷、富：指穷户、富户。

③、穷人家老鼠多，猫可大显威风。富人家怕盗贼，需要狗守护。",穷人家老鼠多，猫可大显威风。富人家怕盗贼，需要狗守护。,,459d6fe5-ebb3-40f5-b9d7-e14167fd94dd,30,猫犬蛇鼠
悻悻犬，咬死侬。,"①、悻悻犬：指不爱吠叫的狗。

②、叫的狗不咬人，咬人的狗不叫。",叫的狗不咬人，咬人的狗不叫。,,8f7e5dbd-c18c-4e10-85bb-e0332b1148a6,30,猫犬蛇鼠
回头鼠，咬死汝。,回头鼠：被赶得无路可逃，回头作拼死一博的老鼠。,,,ac021621-1964-4787-b44f-a0bb0846bfa5,31,猫犬蛇鼠
七嘟八吊九横墿。,"①、七、八、九：指农历月份。

②、嘟（音）：同“挂”义，指蛇倒挂在树上。

③、横墿：横在路上。

",④、闽地多蛇，此谚说在蛇在不同月份的活动规律。,,347d7daa-a58d-4879-9e18-5cd34199e283,31,猫犬蛇鼠
走蛇走弯弯，走虎走落山。,"①、走：逃。

②、走弯弯：绕着弯逃跑。

③、落山：指下山。

④、蛇沿曲线行进速度慢。虎上山快，下山慢。",蛇沿曲线行进速度慢。虎上山快，下山慢。,,10b61fc3-e91e-422d-b030-89910ba1289f,31,猫犬蛇鼠
抱其猫，𣍐衔鼠。,"①、抱其：抱来的，指借来的。

②、不衔鼠：不捉老鼠。",,,b20eb58b-8edd-42d0-9722-d90f59a5a875,31,猫犬蛇鼠
猫三犬四猪母五。,"①、三、四、五：指孕期月数。

②、猪母：指母猪。",,,0606b360-2667-41f1-9867-36041ef584c1,32,猫犬蛇鼠
斤鸡马蹄鳖，好食无乇夹。,"①、斤鸡：约一斤重的鸡。

②、马蹄鳖：马蹄大小的甲鱼。

③、好食：好吃。

④、无乇夹：盘中没多少东西，几筷子就没东西夹了。

⑤、乇：福州方言，东西的意思。",,,e5cb0e3d-3b9b-4d12-850a-c2d82fdbc2b6,32,物产美食
山𠲥麂鹿獐，海𠲥马鲛鲳。,"①、𠲥：方言俗字，处所助词，本字是“里”。

②、马鲛：指马鲛鱼。
","
③、这些是一般老百姓心目中最鲜美的山珍海味。",,9699eb55-f2a8-4ef9-8c55-ee01b9deefb6,32,物产美食
春鳗冬带夏白力，好食当𣍐戴。,"①、冬带：冬季的带鱼。

②、好食：好吃，味道鲜美。

③、当不戴：受不了，此处指令人垂涎。

",④、春季是海鳗鱼最肥美的时候，而带鱼则是冬季最佳。自北向南适温洄游的带鱼群大约在每年的12月上旬进入闽东鱼场，形成冬汛。,,f6e2debd-4c1c-488c-b552-bab9ae73a3d2,32,物产美食
鳗鱼头，鸡腿柄。,,鳗鱼的头部肉厚味美，以鸡腿为喻。,,b7f05458-c9c9-4618-96ae-98483c357ea8,33,物产美食
白露鳀，无再来。,白露鳀：鳀鱼肉厚多油脂，白露前后最肥美。,,,cdaa61f7-b16e-4796-bced-70e486eb0aed,33,物产美食
颂棉袄食蟟囝，褪𩩍𩩍食蛤。,"①、颂：福州话“穿”的意思。

②、食：吃。

③、蟟囝：蚬子。

④、褪𩩍𩩍：赤膊。

⑤、蛤：花蛤，一种海产的薄壳贝类。
",蚬子和花蛤都是小百姓的当家菜，蚬子在冬季较肥，而夏季则数花蛤价廉物美。,,2411ac14-23fb-4ebf-a892-017862030112,33,物产美食
当被单，买泛三。,"①、当：曲当。

②、泛三：农历三月大量上市的大黄鱼，俗写同音的“横三”。

③、",大黄鱼是集群洄游性鱼类，农历三月随着海水水温上升，鱼群从东南向西北方向移动，在闽东鱼场形成春汛。往年这个季节，大量上市的大黄鱼味美价廉，穷百姓甚至不惜当了被单换几个钱一快朵颐。,,7c856928-b389-47d6-970d-e5d1a8bb66f6,33,物产美食
三月白力小鲥翅。,,白力鱼体扁平，味鲜而刺多，农历三月时最肥美，不亚于名贵的的鲥鱼。,,f9de67eb-d414-4cda-8bcf-c900e322cf47,34,物产美食
六月鲎，爬上灶。,,农历六月是鲎大量上市的时节。,,5ca2c110-0612-4dbb-a80e-982d980cfc48,34,物产美食
大暑荔枝小暑鲎。,,小暑前后是鲎的上市期，大暑期荔枝的成熟季节。,,aa7f031b-2512-4e48-968f-f7b4d4458f88,34,物产美食
桃三李四橄榄七。,,桃树、李树、橄榄树从下种到长成挂果分别要经过三年、四年、七年。,,e8db9f6b-dc10-4ee1-8276-f6262afcf906,34,物产美食
热𥻵冻粽隔冥芋卵，圆梨扁柿病屎西瓜。,"①、𥻵：本字“糍”，一种甜食，煮熟的汤圆滚上芝麻、豆粉、糖等。

②、冻：凉。

③、隔冥：隔夜。

④、芋卵：鸡蛋大小的芋头。

⑤、病屎：发育不良的。

⑥、",吃糍趁热，得其香软。凉粽子则柔韧耐嚼，咀嚼生香。煮熟的芋头隔夜再吃更入味且口感好。凭外观挑选水果，梨要圆的，柿子要扁的，发育不良的西瓜往往熟得透。信不信由你。,,4f36f5e8-4bd0-4960-8d91-a955f47dde05,34,物产美食
呆桃暮李，好食无对讲起。,"①、呆：坏。

②、暮（音）：烂的

③、好食：好吃。

④、无对讲起：（好吃得）不知从何说起，无法形容。“对”（音）：地方，处所。

⑤、",不怕腹泻，不妨试试烂桃烂李子的滋味如何。,,ecfc04d7-daea-4c18-8b6c-d209d5510dd8,35,物产美食
芋头果子尾。,"①、头：指新上市时。

②、果子：水果。

③、尾：指季末。

④、",新上市的芋头鲜嫩绵软，而季节末的水果熟透香甜。,,08ef2d52-1362-49a9-bb7c-baac7bbeef8b,35,物产美食
穷侬无病就是富，富侬无病就是仙。,"①、侬：人的意思。穷侬、富侬就是穷人、富人。

②、",穷而健康便可满足，富裕的人再有一个健康的身体就和神仙一样快活了。,,2809782a-6c3b-497a-874b-152d852b3a82,36,养生健康
饭顿讨得着，固赢食补药。,"①、饭顿：指一日三餐。

②、讨得着：饮食得当。

③、固赢：更胜于。",,,fd573e13-8ab4-47d7-9ca6-76fe260db3be,36,养生健康
头过参，二过茶。,,第一过的参汤药效高，第二过的茶水更浓。,,4167e05f-060d-4dfb-94c8-70fb3e178b14,36,养生健康
葱补丹田麦补脾。,"①、葱汤麦饭：指穷人家以葱作菜，以麦作饭。

②、",“你算哪根葱”，这是贬人的话，意为你算老几。可是葱虽小，它的用途却很广：烧菜作饭它是必备的佐料；葱有辛辣味，能增进食欲杀菌祛病；它还有药用，能调节血液的构成和血压，所以不要嫌弃葱。,,d46d4c24-2f16-48ff-89f4-bbfff8b7843d,36,养生健康
伲囝郎，扛饭甑。,"①、伲囝郎：十多岁的孩子。

②、扛饭甑：扛走蒸饭的蒸茏，形容饭量惊人。甑：指蒸茏。",,,5fe7e183-a511-422f-a586-1b53695c07a0,36,养生健康
有钱难买六月泻。,"①、泻：拉肚子。

②、",俗以为暑天腹泻有助于清火，西医不以为然。,,bf0d2131-706c-4cec-9db6-5535999302d4,37,养生健康
咸盐若无虫，世间也无侬。,"①、咸盐：泛指用盐腌制的食品、调味品。盐：动词，指以盐腌渍。

②、若：如果。

③、侬：人。

④、",传统的腌渍发酵工艺不太讲究卫生消毒，酱缸生蛆视为正常现象。俗话说“眼不见为净”,,440b73d0-e5ef-43bc-99d3-fb36e6d0c8a4,37,养生健康
拉渣食，拉渣肥。,"①、拉渣：肮脏的意思。

②、食：吃、饮食。

③、肥：肥胖。

④、",北方有“不干不净，吃了没病”的说法，老百姓的经验大体相同。,,1b454f6f-2873-4c7f-9509-5451ef510bdb,37,养生健康
会肥肥身体，𣍐肥肥面髀。,"①、会：副词，用于形容词前表示肯定或否定。

②、肥：肥胖。

③、𣍐：副词，即“不”的意思，用于形容词前表示否定。

④、面髀：脸颊。

⑤、",福州话不分肥和胖，说人肥没有贬义，而且传统上认为“肥”表示健康。圆脸者未必是真胖，身体肥硕者脸部不一定丰满。,,991494d1-b58e-4dd2-9b1e-51846a629840,38,养生健康
病疳爱吃香。,"①、病疳：指身体瘦弱、发育不良者。

②、香：指瓜子、花生米一类的零食。

③、",贪零嘴的小孩子往往三餐饮食不调，反而影响了正常发育。,,4d5d3d71-d7fe-43d0-8cf2-db81b19651cc,38,养生健康
嘴无三日疮。,,口腔粘膜的毛病往往很快自愈。,,d6d7c989-ff38-4af0-af24-f6f58d0ef060,38,养生健康
凉九熻三。,"①、凉：晾，此处指有意少穿衣，锻炼御寒能力。

②、九：农历九月，指秋季。

③、熻：焖煮，此处指有意多加衣服，穿得暖和些。

④、三：农历三月，指春季。

⑤、",北方也有“春晤秋冻”的说法。,,54bbc622-284b-4580-913b-3cbf5e783311,38,养生健康
未食五月节棕，寒衣未得送。,"①、五月节：端午节。

②、无得送：不能收藏起来。

③、",福州春季多冷空气侵袭，乍暖还寒，到端午节后才能稳定下来。,,32327135-fb7d-4a2a-9d1b-8f299d69e6de,39,养生健康
好看，寒死花旦。,"①、寒：冻。

②、花旦：借喻爱打扮、赶时髦的人。",,,31b2d57c-c0b6-4bd5-ba13-de8b9c72a686,39,养生健康
好囝无趁六月钱。,"①、好囝：泛指勤俭者。

②、趁：赚（钱）的意思。

③、六月：六月苦夏，即使再勤勉的人也不愿外出打工赚钱。",,,c2b5b858-7977-4a7b-aad3-34de1f75a318,39,养生健康
寒暑不登楼。,,旧式民宅如果有二层，楼上往往壁薄窗疏，盛夏炎热，严冬极冷。,,39e21f7a-5a4e-4d4e-829f-02aaaf85e046,39,养生健康
桃囝李囝，食死伲囝。,"①、桃囝李囝：小桃儿小李儿。囝：小称名词后辍。

②、食死：带宾语的述补结构。“死”指后果严重。

③、伲囝：小孩。

④、",夏季市上多桃李，小孩子往往贪食而引起消化不良或肠道传染病。,,28db8fe7-22f0-4856-af8a-4766117b71d9,40,养生健康
伲囝无假病。,"①、伲囝：小孩子。

②、",成年人或许会装病偷懒，孩子天性好动，且食欲旺盛，即使想装病也装不象。,,0745fdfc-9320-4226-a8cf-561a676fd1f3,40,养生健康
十男九痔，十女九带。,"①、带：指妇女的白带病。

②、痔：痔疮是常见病、多发病，在古代更是十个人中就有八、九个患有此疾，其实女性因怀孕生子，比男性更易得，只是古代女性多因为羞涩而隐藏病史，无法统计。",,,49610f53-3f58-40ca-9eb6-b5d59437f699,40,养生健康
医生无看嗽，看嗽名声臭。,"①、无看嗽：不收治咳嗽病人。

②、",咳嗽病因复杂，往往久治不愈，医者束手。回避疑难病症至今仍是某些“名医”的职业秘诀。,,21aa0a63-2d0c-450e-8cd3-5e35063e5253,40,养生健康
行运先生看病尾。,"①、行运：走运的。

②、先生：此处指医生。

③、病尾：病将愈时。

④、",多数疾病从发病到病愈有一个自然过程，病人性急，吃两天药不见好就转诊换大夫，往往总把痊愈的功劳都归功到最后接诊的医生“妙手回春”。,,e375ed80-160e-4e22-94d1-939d224bae01,41,养生健康
男惊颂靴，女惊戴帽。,"①、惊：怕。

②、颂靴：穿靴，此处委婉指下肢肿胀。

③、戴帽：委婉指头部肿。

④、",民间经验认为重病人出现这样的症状已经临危。,,2b9fc4c1-ec52-42a1-b957-a505101eff0f,41,养生健康
嘴无收，股川飚。,"①、收：收敛，指忌口禁食。

②、股川：福州话“屁股”的意思。

③、飚：迸发。

④、",不严格忌口，止不住腹泻。,,6e14700b-fc2f-492e-b944-6ab1b2b9f6b5,41,养生健康
官急无拆私急。,"①、无拆：比不上。

②、私急：指急于上厕所。",,,4abd2a06-b6ad-4f0f-a92d-3b6d5ee014d4,41,养生健康
天光眠，夹骨肉。,"①、天光眠：黎明时的睡眠最香甜。

②、夹骨肉：附在骨头上的肉最鲜美。",,,b687dda3-d6cb-4a19-b59e-8edc28014656,42,养生健康
六十莫留冥，七十莫留昼。,"①、六十、七十：指年龄。

②、莫留冥：不留过夜。

③、昼：午、午饭。

④、",老年人的突发病多而后果难测。主人虽好客，但人命关天，责任太重，以谨慎为宜。特别是老年人外出不易保持在家里养成的习惯，易出意外。,,f943051f-c6b7-4cef-83e8-cbd72f996be1,42,养生健康
七溜八溜，无拆福州。,"①、七溜八溜：东游西逛，走南闯北。

②、无拆：（哪儿都）比不上。

③、",爱乡之情溢于言表。在外地人眼里，福州并没有多少特别值得称道之处。,,d600d2dc-67ec-4b18-a834-5d9634afef68,42,人生态度
活𠲥若伓乐，死去硬核核。,"①、活礼：活着。礼：动态助词“着”的意思。

②、若：要是。

③、不乐：不及时行乐。

④、硬核核：硬梆梆。

⑤、",人生苦短，及时行乐。,,11bfb317-e541-4b06-920d-a6f1ddf45598,42,人生态度
未生侬，先生命。,"①、侬：人。

②、命：命运。

③、",迷信者认为命运是先天注定的。,,6de97901-0e11-4308-bb47-4acbab91e1e1,43,人生态度
侬养侬，俪是骨；天养侬，肥确确。,"①、侬：人。

②、养：此处引申指给予供养、照顾。

③、俪是骨：只是骨头，喻指养不肥，仅能活命而已。

④、肥确确：胖乎乎，此处借喻富裕。",,,d75fa339-f35c-4dcb-a52b-a0882989bd64,43,人生态度
皇帝有钱，𣍐买万万岁。,"①、不买：买不到。

②、",没有人能够长生不老，如果贵重的补品真能延年益寿，有钱人都成了千年老乌龟。,,c9138ea4-19fc-46b1-b7ed-006acbe2c637,43,人生态度
乞食伓过烂柴桥。,"①、乞食：乞丐。

②、伓：不，不愿。

③、柴桥：木桥。

④、",好死不如歹活。,,478d1cdf-fd99-4ccd-987c-386bae4fa6af,44,人生态度
留命看太平。,,黄河五百年一清，不知从何年起算，反正人还活着就有希望。,,517b2167-19e4-4d40-b255-8e3492d3d275,44,人生态度
旧其无去，新其𣍐来。,"①、旧其：旧的。

②、无去：没有失去。

③、新其：新的。

④、",通常是在不小心打了茶壶或丢了雨伞后引用此谚。,,2166a9a8-9e8e-4d99-8535-a7e7c8d0e9a9,44,人生态度
破财益命。,,破财消灾。想到也许因此而避免更严重的灾祸，可以略感安慰。,,5294ba70-6923-45fa-b0d3-bfc1801b59f0,44,人生态度
有鸡有鸡米，有囝有囝粮。,"①、鸡米：喂鸡的米。

②、囝粮：孩子的口粮。

③、",凡事都等到条件具备时再办，穷人家就什么事都办不了，有了鸡，总能找到喂鸡的米，生了孩子，好歹总能拉扯成人，船到桥头自然直。,,088ce8eb-4cd9-48d1-b599-93c76f0e3dc1,44,人生态度
无禁无忌，做事都是。,"①、无禁无忌：什么禁忌都不理睬。

②、都是：都对。

③、",很多没有科学依据的民间禁忌，你信则有，不信则无。越迷信，禁忌的花样越多，令人无所适从，何不干脆来个“姜太公在此”，一概不理。,,a8b3e7b7-1aba-438e-b283-8e0b257a1055,45,人生态度
封条总有蜀顿破。,"①、蜀顿：一次。

②、注定要发生的事情迟早总要发生。",注定要发生的事情迟早总要发生。,,d0b8cd9c-a07b-4824-af12-07c147219d71,45,人生态度
有米煮饭伓惊迟。,"①、伓惊：不怕。

②、对结果有把握，等待时间长一些也没关系。",对结果有把握，等待时间长一些也没关系。,,24c2cba7-5cca-4d2d-972c-e973f5313794,45,人生态度
食酒凭间壁桌。,"①、食酒：指参加酒宴。

②、凭：按照······做。

③、间壁桌：邻桌。

④、自己拿不定主意该怎么做时，随大流，总不至于出大错。",自己拿不定主意该怎么做时，随大流，总不至于出大错。,,129ff44f-87af-4019-815a-20b25d8510b4,45,人生态度
皇帝诸侬骂，乞食骂诸侬。,"①、诸侬：每个人。

②、乞食：乞丐。

③、这种骂的主要作用是自我调节心理平衡。阿Q就靠这种平衡一直愉快地活到“大团圆”。",这种骂的主要作用是自我调节心理平衡。阿Q就靠这种平衡一直愉快地活到“大团圆”。,,85dd82c6-13bf-4cc7-b7e2-0438c54548b4,46,人生态度
心间搭搭，伓惊菩萨。,"①、心间：胸口。

②、搭搭：拍一拍。

③、伓惊：不怕。

④、菩萨：福州民间信仰的各种神灵都称为“菩萨”。

⑤、拍拍胸口，问心无愧，不用害怕面对菩萨。“不作亏心事，不怕鬼敲门”。",拍拍胸口，问心无愧，不用害怕面对菩萨。“不作亏心事，不怕鬼敲门”。,,1b5e5397-f34f-405c-92a7-5e2a087b4e13,46,人生态度
和尚侬做其。,"①、侬：人。此处指常人。

②、其：结构助词。“的”的意思。

③、在一般人看来，寺院的清规戒律无法忍受，但毕竟和尚原也是常人。",在一般人看来，寺院的清规戒律无法忍受，但毕竟和尚原也是常人。,,8ea5e77b-05c7-401b-ab2d-bd98ec59be92,46,人生态度
门囝关紧自做侬。,"①、门囝：门儿。

②、自做侬：自已顾自己。

③、鲁迅诗：“躲进小楼成一统，管他春夏与秋冬。”",鲁迅诗：“躲进小楼成一统，管他春夏与秋冬。”,,a6708d5e-a49d-4816-8f0a-adf7592c7d63,46,人生态度
三十未讨姆，讲话臭（月能）膻。,"①讨姆：娶妻。②職膻：奶腥味。

未娶的男子总是令人觉得不成熟。","
未娶的男子总是令人觉得不成熟。",,eedb439a-a73d-4c6a-b0a9-1545de29d358,47,男女婚配
买菜看箂底，讨姆看丈奶。,"①莱底：篮子底部〈的货色〉。莱：〈方言俗字〉篮子。 ②讨姆：娶妻。③丈奶：岳母；按变调特征似应为“长奶” 之误。 ‘

辟】菜版子的担子里底下的货色常与面上的不同。不论外表 还是人品，多观察令岳母就可以大致估计出夫人将来的模

样。
","菜版子的担子里底下的货色常与面上的不同。不论外表 还是人品，多观察令岳母就可以大致估计出夫人将来的模
样。",,81a4e787-630f-432f-82a0-95d10a50154d,47,男女婚配
讨姆看细舅。,"駐】①讨姆：娶妻。②细舅：小舅子。

辟】旧时代姑娘“长在深闽人未识”，议亲时只能靠观察小 薄子来揣測几分。",旧时代姑娘“长在深闽人未识”，议亲时只能靠观察小舅子来揣測几分。,,575c1576-6d0c-4994-8734-91dce0981c18,47,男女婚配
其拣拣，拣𠲥无尾犬。,"①其拣拣：动词“拣”的反复貌衍音形式，“其”写衍 生的音节；挑来挑去。②𠲥：动态助词；了。③无尾犬：没 有尾巴的狗，借喻可笑的蹩脚货色。

【案】婚嫁的决定，多少会有些风险成分，挑来挑去，想做到 万无一失，结果常事与愿违。",婚嫁的决定，多少会有些风险成分，挑来挑去，想做到 万无一失，结果常事与愿违。,,fbb10741-f7bc-46d2-9c06-06cf2b4626b9,48,男女婚配
三分侬样七分妆，七分侬样伓使妆。,"位】①侬样：外表长相。②妆：打扮。③伓使：用不着。

除】常人有三分长相，七分得靠打扮，真有了七分丽质的就 不用打扮了。",常人有三分长相，七分得靠打扮，真有了七分丽质的就 不用打扮了。,,2a9b888d-3606-4e18-aba6-57147e6b499d,48,男女婚配
延平枕，宁德剪，沙县诸娘伓使拣。,"【注】①延平：延平府，即今南平市。②诸娘：妇女。③怀使 拣：不用挑选。

除】延平府出产的皮枕头、宁德出的剪刀都是传统的名牌 货，肩量保证，不用抗选。沙县的妇女与枕头、剪刀并列， 这当然是旧时代买卖婚姻的反映。时过境迁，南平枕头和宁 德剪刀已经风光不再了，如今的“沙县诸妨ノ，如何，恕我有所不知。",延平府出产的皮枕头、宁德出的剪刀都是传统的名牌 货，肩量保证，不用抗选。沙县的妇女与枕头、剪刀并列， 这当然是旧时代买卖婚姻的反映。时过境迁，南平枕头和宁 德剪刀已经风光不再了，如今的“沙县诸妨ノ，如何，恕我有所不知。,,3cd0a7a5-c893-48bc-945d-64efc7de94c9,48,男女婚配
花对花，柳对柳，畚箕对扫帚。,除】“门当户对”是旧观念，但男女双方的各方面情况大致 相当却无疑是穗定婚姻的重要条件。,“门当户对”是旧观念，但男女双方的各方面情况大致 相当却无疑是穗定婚姻的重要条件。,,04693217-a69c-4a94-8895-b187d9c6ae79,49,男女婚配
角唤母，无对讨；母唤角，无得脱。,【注】①角：雄性。②唤：相邀，这里指主动追逐异性。③无 对讨：无处寻，找不到。“对”写同音字。④无得脱：摆脱 不了。“脱”写同义字，方言音“来角”切。,,,958e133b-5d24-4990-a604-44ec4f49eae4,49,男女婚配
讨𣍐着固呆食郑药。,駐】①讨𣍐着：〔找配偶〉找得不对。②固呆：比……还糟 糕。呆：坏；方言音从《广韵》五来切。③郑〈音〉：错。 [^】婚姻是一辈子的大事，找错了对象比吃错了药更要命。,婚姻是一辈子的大事，找错了对象比吃错了药更要命。,,2bc66935-d84f-41c1-9d4c-19aacf2073f1,49,男女婚配
好是好，无糟养猪母。,"【注】无糟养猪母：连喂猪的酒糟也没有，形容极穷。

读】“嫁汉嫁汉，穿衣吃饭”。太穷了，也难怪女家不愿意。
","“嫁汉嫁汉，穿衣吃饭”。太穷了，也难怪女家不愿意。
",,e43a38bc-43cb-4222-9697-6439d23611dc,49,男女婚配
贪财嫁老婿。,駐】老婿：年纪大的丈夫。,独生子自小娇生愤养，难以成为合格的好男人。这是老 话了，不适用于现在的独生子女，但仍提醒我们要注意独生 子女的教育问題。,,aca90e1c-0715-4767-82be-9c6ed4bd5b74,50,男女婚配
蜀介囝伓中做伲婿。,"駐】①蜀介囝：独生子。蜀：一。介：量词；个。②伓中： 不中（用〉。③伲婿：女婿。

读】独生子自小娇生愤养，难以成为合格的好男人。这是老 话了，不适用于现在的独生子女，但仍提醒我们要注意独生 子女的教育问題。",,,400bace8-4165-4cac-92d1-efef49f3bf4b,50,男女婚配
媒侬百二顿，养囝固蜀顿。,"駐】①媒侬：媒人。②百二顿：〈酬谢媒人，请吃〉一百二 十顿饭。③养囝：生孩子。④固：还。⑤蜀顿：一顿。

【案】谢媒要请吃一瓦二十顿酒饭，大约是夸张说媒人功劳 大。不知旧日是否真有这个例。",,,23e32b11-c736-4115-94e9-4b6cc02022ab,50,男女婚配
柴米夫妻，酒肉朋友。,读】用哲学语言表达就是：夫妻是第一性的，朋友是第二性 的。年轻的先生有时不太注意这条原理。,用哲学语言表达就是：夫妻是第一性的，朋友是第二性 的。年轻的先生有时不太注意这条原理。,,d08c9757-3444-4f20-926b-1e698611af1c,50,男女婚配
老妈老妈，睏暗起早。,"【注】①老妈：老婆。②睏暗：睡得晚。

【案】妇女搮持家务，从早忙到晚。不过近年来情况有了一些改变。据报载的社会调查的结果，清展上菜市场的男性居多，不知是否属实。",妇女操持家务，从早忙到晚。不过近年来情况有了一些改变。据报载的社会调查的结果，清展上菜市场的男性居多，不知是否属实。,,1391a29a-282e-4caa-b23b-0878eabbf9fa,51,男女婚配
未睏三顶席，心事摸𣍐着。,"【注】①未睏三顶席：还没睡烂三张席子。睏：睡。②摸𣍐着： 摸不着。

【案】夫妻往往要共同生活几年后才能真正互相了解。",,,da842841-0f90-4035-acec-f82471ea6a77,51,男女婚配
自家文章，别侬老妈。,"【注】①自家：自己。②别侬：别人。③老妈：老婆。

【案】北方俗语说：“文章是自己的好，老婆是人家的好。”我还听说过另外一条谚语：“勒子在哪里夹脚了只有自己知

道。，’
","北方俗语说：“文章是自己的好，老婆是人家的好。”我还听说过另外一条谚语：“勒子在哪里夹脚了只有自己知

道。，’
",,a43514ef-3a5e-40c1-b36a-98a5c5127fd1,51,男女婚配
容猫上灶，容囝不孝。,"駐】①容：一味宠爱，不加管束。②囝：儿子，此处泛指子

女。

除】北方俗语说得更直截了当：棍棒底下出孝子。",北方俗语说得更直截了当：棍棒底下出孝子。,,290488f0-058d-4571-8629-cabe8ff82487,51,家庭生活
学好三年，学呆三日。,"【注】呆：坏；方言音从《广韵》五来切。

臨】人性本恶，向善不易，而堕落却很快。教育子女必须时 时防微杜漸。",人性本恶，向善不易，而堕落却很快。教育子女必须时 时防微杜漸。,,2125a51e-3f5b-4d41-bc10-e0a7eef306be,52,家庭生活
无好大，害𠲥细。,"【注】①无好大：品行不好的长辈。②𠲥：动态助词；了。③ 细：幼小，此处指晚辈。

读】长辈的不良言行将影响晚辈，最终害了他们。",,,d50377d6-e629-4a11-86cb-2a3ff03e6bb6,52,家庭生活
桌悬讨侬嫌。,駐】①悬：高；俗写同音的“咸”字。②讨侬嫌：招人讨厌。 除】孩子长到桌子那么高时，就越来越顽皮了。,孩子长到桌子那么高时，就越来越顽皮了。,,b1f6af70-9cde-4503-97dc-387c02a14032,52,家庭生活
爹会奶会，无拆自家会。,駐】①会：泛指掌握生活或生产的技能。②奶：母亲。③无 拆：抵不上。④自家：自己。陳】,"父母应该培养複炼子女掌握各种必要的技能，不要一切

包办代替。",,87f93f69-c066-4f32-8877-3b90ebacaf7a,52,家庭生活
三代无骂天，养囝中状元。,"駐】①无骂天：没有怨天尤人。②囝：儿子。

辟】要改变命运应当自强不息，人自助然后天助，怨天尤人 不会有任何结果。",要改变命运应当自强不息，人自助然后天助，怨天尤人 不会有任何结果。,,eca2e88a-1206-4835-bca7-fd8663379163,53,家庭生活
歪奶做鞋歪囝颂。,"駐】①奶：母亲。②囝：儿子。③颂：穿。

險】有其母必有其子。母亲的人品对子女的个性形成有决定 性的影响。",有其母必有其子。母亲的人品对子女的个性形成有决定 性的影响。,,027a2577-a810-430b-a8bf-b6b3afa671e0,53,家庭生活
手心是肉，手𩩍也是肉。,"【注】手髀：手背。

辟】子女都是亲骨肉，不应厚此薄彼。",子女都是亲骨肉，不应厚此薄彼。,,dcc19405-8d92-4c34-b0e7-689eecd50b0e,53,家庭生活
呆囝细心豢。,"駐】①呆囝：坏孩子。此处指先天不足、体弱多病爱哭闹的小儿。呆：坏；方言音从《广韵》五来切。②豢：照料喂养。 读】对体弱
",,,13b92cdc-4efa-4d73-9e18-d27fc954b177,53,家庭生活
罢奶疼呆囝，皇帝疼奸臣。,"駐】①罢奶：父母。②呆囝：坏孩子，此处指品行不良的子 女。

辟】",福州话又称这样的子女为“讨债囝”，俗说为父母者前 世欠债未还，債主投胎来讨请。荒诞的现象只能作荒诞的解说。,,f80d27b0-5a2c-428d-bfe8-8a0ba2bf2b99,54,家庭生活
好囝伓使価，呆囝载其无。,駐】①囝：儿子。②伓使：不用。③俩：〈方言俗字〉多。 ④呆囝：品行不良的子女。⑤载其：宁可。,,,0abbfff2-4277-4b5a-82a5-9b9e48d4f797,54,家庭生活
伲囝痞，大侬灾。,"駐】①伲囝：孩子。②大侬：大人。

",孩子顽皮，处理不当会祸及家长。,,49a513af-987c-425b-abca-602ff6886956,54,家庭生活
鸡上斤，囝上十。,"駐】①上：达到或超过。②囝：儿子。

",以前的家鸡个儿小，哏到一斤多也就盖不多可以宰了； 以前的孩子养到十岁上，在家可以帮家务，送出去可以学艺 打工了。如今的大种鸡，一斤重还只是鸡姓姓；现在的十岁 孩子，能自已洗袜子的就算不错了。,,3097aa89-c4f6-43fc-a2c9-b88bc5c271e5,54,家庭生活
共囝易褪疕，共孙共遘死。,"性】①共：抚养照料。②囝：子女。③褪芘：啤痂。疮愈痂 脱，比喻一个痛苦过程结束。《字汇补》：“庀：匹鄙切，疮 上甲。”④遘：到。

",虽有此叹，老租母们仍乐此不疲。,,488353f6-bd77-41cb-a5b4-83d4ec5c2903,55,家庭生活
等汤噢滚，等囝噢大。,"极】①汤：开水。②滚：《水烧）开。③等囝：等着孩子 (长大成人）④噢〈音〉：不易。
","
辟】对结果的盼望越急切，过程越难熬。",,2f5569a2-c31f-41f3-909f-6bf239e4e9ae,55,家庭生活
罢奶疼尾囝，公妈疼长孙。,"駐】①罢奶：父母。②尾囝:最小的孩子。③公妈:祖父祖母。
",,,254842ca-3566-41f5-9664-f742c244857c,55,家庭生活
载扛三斗米，伓抱伲囝疕。,"駐】①载：宁可。②伓：不愿。③伲囝庀：小孩儿。

陳】",米袋子怎么扛都行，而抱孩子得让孩子感到舒服，所以 特别累人。,,194df5f2-e1d0-401b-b091-749bdbb1a588,56,家庭生活
死郎罢，俪蜀下；死娘奶，苦遘底。,"駐】①死：此处作及物动词。②郎罢：父亲。③偭：〈借用 字〉仅。④蜀下：一下，指短时间的痛苦。⑤娘奶：母亲。 ⑥遘底：到底。

陳】",对年幼的子女来说，母爱远比父爱重要。,,d2b1f82f-0f00-4ce4-904c-1ece2b984255,56,家庭生活
洪塘囝，伓八爹。,"駐】①洪塘：福州西郊的洪塘乡。②囝：儿子，孩子。③伓 八：不知道。

读】",洪埯一带地狭人多，传统上男子多离家外出打工经商， 经年不归，以致孩子都“相见不相识” 了。,,ed082ffb-32e4-4121-9d5f-ca67b0bac2b7,56,家庭生活
五十五，固蜀孵。,駐】①五十五:指妇女年龄。②固:还。③蜀孵“生)一胎。 陳】,此谚当然戏该的成分多，但“耆蚌生味”也并非绝无仅 有。计生工作任重而道远。,,a9271b3e-084e-46d2-a7b5-a3d2856b7d09,56,家庭生活
鱼弟肉妹。,,猜测胎儿性别是人们永恒的兴趣。这里的说法是乎妇想 吃鱼则生男，想吃肉则生女。不知鱼肉都想或都不想者又作 何解。,,edf7791f-3bb0-48d5-ae25-845d27064dbb,57,家庭生活
爬弟𢵣妹。,採：〈方言俗字〉蹭擦，此处指婴儿坐着靠手的力量向 前后移动身体。,这是另一种猜测胎儿性别的方法。在未实行独生子女政 策之前，往往前个婴儿尚未学走路，母亲涞胎又结。婴儿爱 俯身爬动的将有一个弟弟，爱坐着趱的将有个妹妹。这条经 验现在已不易验证了。,,8bd9b10f-97c1-4c09-be08-dfa2689501f3,57,家庭生活
七成八败九成人。,,"辟】怀胎九月产下的的婴儿将正常成长。/乂个月的早产儿在 医疗卫生条件不佳的时代凶多吉少，而只孕育了七个月的 早产儿成活的希望反而大，不知是什么道理。谚语总是从众 多的经验中总结出来的，可能片面，但不至于瞎说。
",,fd9c246c-8a11-4b77-a1f9-56d4893fc158,57,家庭生活
风吹单条竹。,"駐】单条竹：孤零零的一杆竹子，此处喻指独子。

",孤竹易折，独子易夭。当然这是医疗卫生条件差的旧时 代的经验。,,6816eb5d-b270-4e54-ae23-f1ae11f8269a,58,家庭生活
蜀条烛，点𠲥岸岸光。,"【注】①蜀条：一根。②𠲥：结构助词；得。③岸岸光：亮堂 堂。岸〈音〉：明亮。

",除】福州丧俗，在灵床前点红烛，死者有几个儿子就点几根 烛。此谚喻独子有出息。,,fe51a735-4ba6-43d0-8b86-ece4d1604bdd,58,家庭生活
公众厅中无侬扫，多子罢奶无对讨昼。,"駐】①公众：公用的。②厅中：旧式民宅的正堂大厅。③无 侬扫：没有人打扫。④罢奶：父母。⑤无对：无处。对 〈音〉：地方。⑥讨昼：吃午饭。
",,,583bb80c-164f-4820-90f0-3657bb1dc8ec,58,家庭生活
牛着使钱买，囝着破腹生。,"歧】①着：要，必须。②使：用。③囝：儿子。④破腹生:亲生。

I案】",自己花钱买的牛用起来才能得心应手，自己生的儿子才 会幸顺父母。,,92706ce8-eec9-4801-8efa-24903ebd5ccf,58,家庭生活
讨𠲥新妇去𠲥囝。,"【注】①𠲥：动态助词，相当于“了”。②新妇：儿媳。③去: 失去。④囝：儿子。

辟】",儿子不孝往往归咎于儿媳的不良影响。可怜天下父母,,465d3dd0-3a40-4be6-afc8-e2d66a00203b,59,家庭生活
日头弹倒车，新妇管台家。,①日头：太阳。②弹倒车：倒着旋转。③台家：婆婆， 或写作“大家”。,按旧俗，婆婆管妓妇天经地义，媳妇倒过来管教婆婆无 异于西边出太阳。,,ac034cb9-ffa9-4165-b7bf-ed471dd358a4,59,家庭生活
做侬新妇着省配，蜀头虾米咬两嘴。,①做侬新妇：做别人家的媳妇。②着：要，必须。③省 配：进餐时少吃菜，反之叫“大配”。配：下饭的菜。④蜀 头：一只。⑤咬两嘴：分两口吃。,在物屑匮乏的年代，“省配”是一种为人称道的美德。虽 时过境迁，这条谚语的“精神实屑”仍可玩味。,,d724b3b0-2df6-443f-8113-3510e406f81d,59,家庭生活
偷食台家疑新妇。,①偷食：偷吃；或借喻指偷情。②台家：婆婆。③新妇: 媳妇。,,,3ae4698f-97e6-49d5-9356-39546e8ef71a,60,家庭生活
乍讨新妇月裡囝。,①乍讨：刚娶的。②新妇：媳妇。③月裡图：未满月的 婴儿。,"刚过门的媳妇和初生的婪儿都特别招人喜爱。
",,cf161e5e-100f-4a43-9d90-244f38574f6a,60,家庭生活
孝顺诸娘囝着天边，不孝新妇着身边。,,女儿总是要嫁，儿子总得要娶，这是自然规律。老人既 随儿子生活，总得与媳妇相处，要顺应家庭结构的变化，处 理好婆媳关系。毕竟孝与不孝，一半是事实，一半是感觉。,,aeb9523b-dff0-4219-82c2-89ad63aaaf99,60,家庭生活
丈奶疼伲婿，酒瓶搭搭盖。,①丈奶：岳母。按连读变调逆推，本字可能是“长奶”。 ②伲婿：女婿。③酒瓶：斟酒的锡壶。④搭搭盖：〖盛酒）满 到壶盖。,,,2fce9174-3d72-42a6-ac1d-0f0108665de0,,亲戚关系
丈侬攀讲馆，丈奶点心店。,①丈侬：岳父。②攀讲馆：即茶馆。攀讲：聊天。③丈 奶：岳母。,"姑爷来作客，一般总是岳父陪着聊天，岳母则忙着煮点

心。

伲婿半爿",,aff180d7-51a5-4502-899d-c44f17ceaafc,,亲戚关系
伲婿半爿囝。,】①伲婿：女婿。②半另：半个。③囝：儿子。,,,befa9e11-f67d-4846-a6e7-9376e57fff3d,,亲戚关系
伲婿中秀才，不如我囝拾田螺。,①伲婿：女婿。②我囝：我的儿子。,儿子是自己的好，女婿虽亲终究隔了 一层。,,e8b78c5d-00f5-4372-bbc2-6c868616fc88,,亲戚关系
伲婿别侬囝。,①伲婿：女婿。②别侬囝：别人家的儿子。,"岳父母说这话时，姑爷能问心无愧吗？
",,842345b7-8c6b-480f-b09f-2bd2ef954fdd,,亲戚关系
凊饭放𠲥酸，无疼外甥孙。,①清饭：冷饭，剩饭。②放𠲥酸：搁着让它发馊。𠲥: 动态助词；着。③无疼：不疼爱。④外甥孙：外孙。,女婧是别人家的儿，外孙是别人家的孙。就说是由于宗 法观念作祟，也不至于如此绝情。这多半是一句玩笑话。,,0bbd63a5-4484-4281-bfb4-9ac792f1879e,,亲戚关系
天上雷公，地下舅公。,,"闽俗在三亲六戚中数寿公（祖母的兄弟〕的权威最大， 这似乎是对父系宗法制度的一种补偿。
",,3724a52d-c81f-49a1-8551-876163e5913c,,亲戚关系
亲姨娘奶面。,①娘奶：母亲。②面：面容。,嫡亲的姨妈不仅面容像母亲，而且和母亲一样慈爱。,,889092cd-3fac-4e5e-b9cc-f2048f6fd0a5,,亲戚关系
外甥多似舅，侄女像家姑。,,"男孩子往往长得像母亲，所以“似寿”；女孩子多随父亲，因此“像家姑”。
",,f062988f-0aa3-434d-85ee-4c7726c84cce,,亲戚关系
亲戚姜姆汤。,姜母汤：姜汤，喻辛辣。姜姆：姜。,从亲戚关系中可以体验到脉林溫情，也能体验到人情冷 暖，世态炎凉。,,7d00011c-499d-4689-8bfd-b10309a9a96d,,亲戚关系
田园日日去，亲戚淡淡行。,】淡淡行：疏淡地往来。,料理田园却一日不得荒兢，亲戚间来往则不必过勤。,,5be30bab-f28a-4485-bd5c-9c31c32aadce,,亲戚关系
乌头叔，白头孙。,①乌头：黑头发，指年轻的。②孙：侄儿。,在一个大家族中，箄分和年龄往往倒挂，同龄人可以相 差两三辈。,,50739541-2eb3-4284-9296-e8c80580947f,,亲戚关系
载住粪坑厝，伓住外家厝。,】①载……伓……：宁可……也不……。②粪坑厝：厕所。 ③外家厝：娘家的房子。,旧俗婚后总是妇女从夫居，男住女家即使不是招赘，也 怕被女家族人瞧不起。,,2827d2d3-8c40-4cf9-b964-f2857529c81a,,亲戚关系
三岁孩儿值侬疼，八十婆婆讨侬嫌。,①值侬疼：惹人喜爱。②讨侬嫌：叫人讨厌。,希望这只是老年人幽默的自我打趣。,,ca9abc78-212d-4fba-ae76-ac415754aed7,,亲戚关系
皇帝也有草鞋亲。,草鞋亲：贫贱的亲戚。,,,52678add-713f-443b-b682-25a8d3ea221d,,亲戚关系
钱财无露眼。,无露眼：不要露在外面叫人看到。,防人之心不可无。,,8363fc4f-412b-4cd1-a882-ef6c6ce073b7,,钱财生计
蜀介钱买针，也着看鼻。,"①蜀介钱：一个铜板。②着：要。③鼻：指针鼻，即针 眼。
",购物无论责贱，总要先看清货色。,,b60e4e21-7835-495a-87bb-1178d9b55b21,,钱财生计
福州价，半半价。,半半：一半。,"福州的市场上盞行讨价还价，生意人往往加倍要价，有 经验的顾客至少是对折还价，不熟悉这个习慣的外乡人往

往要吃亏。",,7a310670-fcd4-41ae-804b-3a24699f5dce,,钱财生计
有错买，无错卖。,,市场上讨价迈价看似公平，结果吃亏的总是消费者。,,ae0c0161-33d2-4a0a-86a7-1736040236f3,,钱财生计
便宜无好乇，好乇𣍐便宜。,①乇：〈方言俗字〉东西，货色。②𣍐：〈方言俗字〉不 会。,,,5f950bf8-108d-4973-8132-ab4ce5232081,,钱财生计
千赊不如八百现。,,"“二鸟在林，不如一鸟在手”。赊账一千，还不如现钱八 百。如今饱受“三角债”之苦的企业领导人对此体会尤深。
",,72b3c3ba-e5ce-42fc-a235-14ba58c4be97,,钱财生计
亲兄弟，明算数。,①明：当面。②数：账目。,即使亲如兄弟，也还是把脒当面算清为好。,,fa01f866-78b5-486b-a50f-de712e626797,,钱财生计
刣头生意有侬做，蚀本生意无侬做。,"①釗头：杀头。剖：〈方言俗字〉宰杀，本字“治”。 ②侬：人。
",,,687ec8ab-5ba6-4b51-a7c3-16e545a81a64,,钱财生计
拾𠲥缚腿带，家伙去蜀堂。,①𠲥：动态助词；了。②缚腿带：绑腿。③家伙：家产。 ④去：损失。⑤蜀堂：一套〔家具等乂 辟】,民间寓言故事说：某人拾得一副绑腿带，为了与之私套， 便花钱买了一双新鞋，又为了新鞋，再添置新裤掛……直至 车马飧仆等，耗尽了枳蓄。这則寓言中揭示的消费心理学原 理值得商家反复揣摩。,,b1cef040-884c-4b0f-b15f-899908f07927,,钱财生计
“贫”字共“贪”蜀样写。,①共：与。②蜀样：同样。,“贫”与“贪”字形相似，写得潦草些看上去差不多。此 诗说明贪心不足也往往成为玫贫的原因。,,676595ab-befb-4f47-bef6-1cc06ad0ffba,,钱财生计
贪便宜，去倒长。,"①去：损失。@倒：反而。③长：此处指“多”。
",,,0dad5dfc-2bed-4397-9568-257afc5eb15a,,钱财生计
金银成堆山，不如蜀扁担。,①成堆山：形容很多。②蜀：一。,坐吃山空，劳动本领才是生活的依靠。,,e16b1a5f-20ca-4fa9-b549-24f76776cef7,,钱财生计
衣裳笑破无笑补。,穿破衣服遭人嘲笑是因为你懒而且选遇，而不是因为你 穷。衣服破了，补整齐再穿，不会遭人嘲笑。,穿破衣服遭人嘲笑是因为你懒而且选遇，而不是因为你 穷。衣服破了，补整齐再穿，不会遭人嘲笑。,,baed8a1e-bc4a-4aa6-a34a-d0a6b3165f4d,,钱财生计
省食钱债轻，省颂衣裳新。,①省：节省。②食：饮食。③钱债：债务。④颂：穿著。,,,8850b26c-a58a-49eb-ab4b-858512aa31ba,,钱财生计
卖油诸娘水梳头。,卖油诸娘：卖梳发油的女子。,记得60年代的小学课文中有一首民谣是：“卖盐的，喝 淡汤；种田的，吃米槺；编凉席的睡光床，当奶妈的卖儿郎 ……”反映了旧社会的不平等，印象深刻，至今还能记得。 这条谚语或许也是反映同样的社会现象。但也许还可以解 读为对商品经济社会特点的反映：经营行为和消费行为是 不能混为一谈的，不能因为手边都是油就往自己头上抹。,,77b40614-7d2e-4dc7-ab60-f5d71d137085,,钱财生计
水倒过碗都会消蚀。,,物品在流通使用过程中都会有一定损耗。,,463d7f68-8f22-41ce-b942-a9a1199a6411,,钱财生计
三人五眼，长短无后话。,,"民间故事说，有人为独眼男子和跛足女子牵媒议亲，相 亲时说这句话以免日后反悔。喻指交易双方及证人都在场， 成交之后不能反悔。
",,7768e528-b809-4190-b43d-20575e54aa88,,钱财生计
下邪𣍐富，十二月颂纃裤。,"①下邪：耍赖占别人的便宜。②脍富：不能致富。③颂： 穿。④跻裤：薄麻布的裤子。冬天着夏装，形容穷。
",,,141351ff-83da-42c3-bd7c-3dcea5f82652,,钱财生计
使千使万，尿壶无掼。,①使：花（钱〉。②掼：提手。,此谅嘲讯茱痊人大把大把地花钱，而茱些生活細节上却 节俭得不近情理。,,d0db04c7-094d-4083-9597-4ed07255f530,,钱财生计
有钱日日节，无钱节节空。,,"无论过什么节，核心节目都是吃喝一顿。有钱人天天都 可以尽情吃喝；穷人没有钱打酒割肉，过节也是白过。
",,66329f45-6fca-4547-8145-e68be034a8be,,钱财生计
生𠲥无积掌，死咯害保长。,①生𠲥：活着。②积掌：积攒。“掌”可能就是“攒”字 的讹读。③咯：动态助词；了。,身后没留一文钱，只好由保长去料理收埋。,,b1cc5c2f-5704-46ff-b5d8-6eba5dee72f7,,钱财生计
家私全，功夫半。,"①家私：工具。②功夫：指手艺技能。
","很多手艺活儿，只要工具耙套齐全，做起来并不难，在当代高科技的条件下更是如此。
",,3eb1a57e-1c32-495c-bc96-f25667d579d3,,劳动生产
钝刀利手。,利：锋利。,真有好功夫的人使用什么样的工具都能出好活儿。,,26a262e4-c1f5-43b1-a8e1-0a3e8e52c957,,劳动生产
碎食𣍐饱，碎做无工。,①碎食：零食。②狯饱：吃不饱。③碎做：零敲碎打地 干活。④工：指劳动功效。,,,89c05510-9e1f-4f35-81c1-23e38fe9de85,,劳动生产
白搦白搦，伓是暴便是折。,"①白搦：没有拜师学艺的手工操作。②伓是：不是。 ③暴：折断。
","外行干的活儿总是毛病多。
",,e59b390b-6b2f-4de0-81af-fa8f0719030d,,劳动生产
蜀年固望蜀年好，汗衫补成破夹袄。,"①蜀年：一年。②固：还。③汗衫：衬衫。
","“樓桃好吃树难栽，不下苦工花不开”。光有美好的愿望是不够的。
",,108c6be2-90ae-44cf-b801-3e82f3f0ebbc,,劳动生产
做田无命，节气把定。,"①做田：种田，务农。②无命：不凭命运。
",务农不凭命运，关键是掌握好节气和农时。,,cf80af80-70d6-4525-8392-a2d75f38b06c,,劳动生产
做田无功夫，俪八骹手粗。,"①做田：务农。②功夫：技能。③偭八：只要……就行。 値：〈借用字〉只，仅。八：懂，知道。④骸：脚。
",种地当然不是不需要知识技能的，但最重要的是不能怕 苦怕累。,,f8cf7fd6-baa1-41ce-939b-68e7845d342f,,劳动生产
蜀日肩，两日骹。,①蜀：一。②骹：脚，腿。,"学挑担子首先是过肩膀关，但关键却是腿脚上的功夫, 这需要更长的时间才能练出来。",,a4d6a947-dbfe-42a1-99e3-d5622d9ecb4d,,劳动生产
肉食肉做，菜食菜做。,,陳】给什么样的报酬出什么样的活儿。,,6468ff9b-62df-44fc-8de0-8f1926255ce6,,劳动生产
无工钱也着腹佬圆。,】①着：要，必须。②腹佬：肚子。,请人帮工，不给工钱至少也得让人吃饱。,,eae084bc-5687-4698-9bf3-b7abf991bcbe,,劳动生产
吃亏做，快活食。,①吃亏：辛苦。②做：干活，劳动。③食：吃。,舒舒服服地吃饭是对辛苦劳动的补偿。,,4853e8dc-6ee5-4538-bd3e-829f62ef2cd7,,劳动生产
有伙头坐，无伙头饿。,"】①有、无：指饭煮得多了还是少了。②伙头：伙夫。 ③坐：承受，此处指负责吃下剩饭。
",做任何一项工作都要切实地承担起责任。,,32f1cd3b-00b2-4c1c-aa2f-3d91fa14072d,,劳动生产
十二月无骹灯马都会䟛。,①胶：脚。②灯马：油灯。③肺：跑。,年关将近的时候，人人都忙。,,14fdfefb-b0a3-4a9a-8201-fb7e5d8b1f38,,劳动生产
会载犯天条，𣍐载犯众怒。,"①会载^𣍐载^ :宁可^不可^。②天条：天 帝的律条。
",,,58f66ba8-5139-4189-99d4-bcbfd90cde43,73,为人处世
会载绝嗣，伓嗵玩遇。,①会载：宁可。②伓嗵：不要。③玩遇〈音〉：荒谬，此 处指丢人现眼。,"这是夸张的修辞手法，不可信以为真。福州人爱面子是 事实，“面子”重如泰山，但传香火的子嗣绝对比泰山还重。
",,f59d54b0-9a62-4a49-b7f3-f5a5aee86da0,,为人处世
请客何在蜀双箸。,①何在：不在乎。②蜀双箸：〔添）一双筷子，指多请 一个客人。,"中国的酒席是围圓桌而食的“聚餐”，而且酒菜总是多 得吃不完，临时多请个客人确实只需多摆下一双筷子就行。 何况说，多一个朋友多一条路。
",,a38f99ea-d4cd-45c6-9ca9-33bf7325c422,,为人处世
亲帮亲，邻帮邻，细桌帮度绳。,①细桌：制作家具的木匠。②度绳：原指墨斗线，引申 指建筑房屋的木匠。,,,ec2081e1-cbb6-456b-85a7-00bb278fb63d,,为人处世
衣裳爱新侬爱旧。,,"衣服是新的好，相交还是老朋友可靠。
",,86664a25-e866-414b-90c4-f518f163c924,,为人处世
金厝边，银乡里。,"①厝边：邻居。②乡里：街坊。
",远亲不如近邻。,,27e99b6e-0919-4d1b-9834-85c2fb246c05,,为人处世
柴博炭，齐好看。,"①博：交换。②齐：一齐，都。
",礼尚往来，“博”字用得精辟。你送我一 |炭，我送你 一捆柴，大家面子上都有光彩。,,c3387a76-cd09-4459-92df-a48b21f9308f,,为人处世
人情剔得透，有鼎复无灶。,"①人情：亲友间贺喜的红包。②剔得透：打理的周全。 ③鼎：锅。④复：又，却又；俗写“仅”字。
",红白喜事，大操大办，眼蜻盯着亲友的腰包，发请帖像 讨债。这种恶俗由来已久，而今愈烈。,,511b6887-7bd4-4258-8345-0ae5a2100b8d,,为人处世
有裙无裤，世事着顾。,"】①有裙无裤:顾了裙子顾不了裤子，形容经济窘迫。②世 事：人生大事，指娶妻生子传宗接代等。③着：要，必须。
",,,615d14d4-be83-4fca-9224-37680f3f5f4c,,为人处世
做侬两奇做。,①做侬：做人，为人。②两奇：两个，此处指相互。奇: 量词；个。,"人际关系是相互的，要靠双方一起来维护、改善。
",,a8c06e6f-bfff-46d3-acef-e35a0a5c127e,,为人处世
无贪鸡肝胗，会去洗鸡橱？,"①无贪鸡肝胗：不贪图（人家的）鸡肝和鸡胗。②会: 可能。③鸡橱：养鸡的笼子。
","“天下没有免费的午餐”是美国的谚语，我们也不该指 望别人的“义务劳动”。只要鸡笼洗得干净，宰鸡时分卒一 些杂碎也是应当的。
",,9f84e1e5-8a14-4d57-8636-aea0b55653d2,,为人处世
君子无赢头盘棋。,①无贏：不贏。②头盘：第一盘。,"初次交手，给对方留一个面子。
",,5106cc56-5af9-4b33-97ec-d7776ce4a9bf,,为人处世
呼鸡也着蜀把米。,"①着：要，必须。②蜀：一。
",总得给出点儿好处才能差遣他人。,,0c4474cf-d5e0-4ee4-8458-fe15918692c7,,为人处世
出门看天色，裡门看面色。,"①裡：动词；进。②面色：〔主人的〉脸色。
",有求于人，能不看看人家的脸色吗？,,7e6c2158-36d2-44f5-8f29-2d998e56174f,,为人处世
侬価好做事，侬少好食乇。,①侬：人。②俩：〈方言俗字〉多。③食乇：吃东西；或 引申指分配利益。,"干活时希望人多一些，到分釔时却希望人少一些，人心

如此〇
",,dfa5e70c-54bd-49ee-9193-12ad039e88ee,,为人处世
平平墿，跋死侬。,①平平墚：平平的路面；或引申指看似平坦的生活道路。②跋：跌跤。③侬：人。,,,e7190fff-896a-4b89-9110-772566f979e8,,为人处世
拳头柿，霆死侬。,"①拳头柿：乱挥舞的拳头。柿：《广韵》斫木札也，方 废切。②霆：砸。③侬：人。
",见别人打架要赶紧躲开，免得被误伤。这反映了小市民 胆小怕事，明哲保身的处世态度。,,77801432-a728-41ee-a5ad-bcebe359ce2c,,为人处世
浸死好水相，拍死好拳头。,"①水相：水性。②拍死：打死。③拳头：武术。
",恃艺逞能，结果往往不幸。,,5b692eaa-3fd5-469b-bbdb-2385388f4b47,,为人处世
长乐拍长乐，转厝齐无学。尚干拍尚干，转厝齐无喊。,①长乐：长乐市，在福州东南面，此处指长乐人。②拍： 打。③转厝：回家。④齐：都。⑤学：诉说。⑥尚干：尚干 镇，在福州南郊，此处指尚干人。⑦喊：〈借用字〉告诉。,"大水冲了龙王庙，自家人打了自家人，只好算了。
",,88c0949c-d295-414d-b161-9b197ea4dd6c,,为人处世
有理无理，干证先死。,①干证：证人。②死：此处指倒霉。,“竟良心说话”有时很不容易。,,a7df1172-f3b9-4602-b4ab-e14b5035306c,,为人处世
蜀句话𣍐益两介侬。,①蜀：一。②𣍐：不能。③益：使……受益。④两介侬: 两个人，指矛盾双方。,,,23669a96-0d81-44f3-8bdd-948ea5fb1213,,为人处世
骹踩马屎借官势。,①骹：脚。②踩：〈同义字〉。③借：倚仗。,在官老爷的鞍前马后跑的家伙，往往仗势欺人。,,52f876eb-7f46-43b8-b527-071d57f28bdb,,世道清浊
未见严嵩，先见严年。,,严年是民间故事中大奸臣严嵩的亲信家人〔秘书？；！，要 见严嵩都得先向严年行贿。,,f872394b-d38a-4c86-9c8d-2634f34c832e,,世道清浊
有势使势，无势讨势。,"①势：权势。②使势：利用权势。③讨势：听话，顺从。
",北方俗语说：“站在矮檐下，怎能不低头。”,,08c2ea5f-6a78-4ae8-af8d-9001e5662720,,世道清浊
捧侬饭碗，服侬教管。,"①侬：人，别人。②教管：训诫管束。
",,,bfe3cd81-1f1c-453a-b13a-aa6e36c9d25c,,世道清浊
老爹讲郑盖讲起，百姓讲郑拍半死。,①老爹：老爷，特指官吏。②郑〈音〉：错。③盖讲起: 再‘新讲。盖：再。④拍：打。,老爷说话不算数，顶多是换个老爷再另外讲一套，这种 事情百姓见得多了；而小百姓一不小心，就可能祸从口出。,,c1116ba0-bc8f-4fa0-8f69-d060d9427633,,世道清浊
横心横肠，饭炊蜀甑；良心天理，鼎𠲥无米。,①横心横肠：狠心。②饭炊蜀甑：蒸一锅饭，形容富裕。 瓶：蒸笼，本字“床”。③鼎：铁锅。④𠲥：处所助词，本 字“里”。,,,2f550f10-b89a-4a2b-a500-0ac46e802485,,世道清浊
呆牛呆马搦去刣，呆侬无法惹伊才。,①呆：坏，方言音从《广韵》五来切。②搦：〈借用 字〉捉。③钊：〈方言俗字〉宰杀，本字”治“。④呆侬：坏 人。⑤无法惹伊才：对他无可奈何。,“人恶人怕天不怕”、“多行不义必自兔”云云，其实也 是无可奈何的另一种说法。,,a6cd8091-6f18-41c0-8001-3ebe0129609f,,世道清浊
有钱就有理，无钱拍半死。,拍：打、揍。,“街门八字开，无钱英进来”。,,dd4007aa-8132-42a9-b916-6e74defc74c6,,世道清浊
若卜赢，钱先行。,若卜贏：若要打贏（官司〉。卜：要。,,,282a1553-5ce4-4d7e-82d0-dc8dbaf9aa55,,世道清浊
有理无理，𣍐瞒乡里。,①狯瞒：瞒不过。②乡里：街坊。,,,a6c3e759-a845-4d4c-804f-6090573b4800,,世道清浊
诈迷梦食老羊蹄。,"①诈迷梦：装聋作哑。②食：吃。
",《闽都别记》第四十七回载民间故事说某老太婆图吃老 羊締而对隔壁的奸情装聋作哑。,,3eba02cc-b631-45e1-9a88-0913baee022d,,世道清浊
下界爷爬𣍐上横头桌。,①下界爷：指孤魂野鬼，在冥界中地位最低。注意“下 界”二字合音。②爬𣍐上：登不上。③横头桌：横置厅上的 香案，约两米长、半米宽、齐胸高，用以放置神像、佛龛等。 ,阴间阳间，社会等级都是存在的。,,b5677c88-2dd3-40fa-98e0-3c68e76c65b8,,世道清浊
江𠲥伓去讨，碗𠲥对头夺。,"①𠲥：处所助词；本字“里”。②伓去：不去。③讨：捕 (鱼〉。④对头夺：互相争夺。对头：副词；相互。
",,,d1fcb2c9-d6cb-40b2-9fbd-aada909c74bd,,世道清浊
火㖹暗，都是贼。,"火嗌暗：吹熄灯火。㖹：〈方言俗字〉吹。
",,,37637240-0e39-4009-bb82-1d1e5272f8c4,,世道清浊
症做兴化兄。,"①症做：设下圈套，诱人上当。②兴化兄：兴化府在福 州府南面，今属莆田市。福州人对莆仙口音者谑称“兴化 兄”，也泛指老实的乡下人。
",福州是省城，福州人对周围县市的同胞常有一种自以为 是的可笑心态。文化程度越低的人表现越明显。,,2915f4a8-5def-4636-8458-3adf61594cc5,,世道清浊
好柴无流闽安镇。,"
",闽江流经福州再向东，过闽安镇后出海。每年汛期，沿 江的居民或船户用搭钧绳索捞取从上游山区漂下的树木断 枝，已成习俗。尚有利用价值的木材往往在漂流到闽安镇之 前就被打捞尽了。喻指好处总是让条件优越的人先捞去。,,5cc9f7bf-a29f-4a17-98af-85f12a449675,,世道清浊
猪母肉卖乡里。,"①猪母：母猪。②乡里：街坊。
",母猪肉不能食用，但市场上总有没天良的摊版用母猪肉 蒙騙顾客，尤为可恶的是利用熟客的信任以售其奸者。,,c321b52f-ce15-4eab-87fe-a2df1035fd18,,世道清浊
偷搦其鸡母无论重。,①搦：〈借用字〉捉。②其：结构助词；的。③鸡母：母 鸡。④无论重：不论斤两。,"据报上新闻，近来有皮包公司用少量预付款騙得货物后，在市场上低价迅速脱手，然后逃之天夭。偷鸡贼相形见

缺。",,1d1ae06f-ffbc-41d1-87bd-8f1aab028242,,世道清浊
贼偷贼，𣍐明白。,脍明白：说不清。,,,3112d7a2-1a2f-49b6-84b2-68757890db99,,世道清浊
大王补库，弟子出钱。,大王补库：旧俗各个街区都供奉保佑一方的神祇，称 “大王”或“将军”，每年庙祝借口“大王”睪“补库”〔补 充钱库〉向信徒募集钱财。,各种“事业”的经济负担最终都是落在老'百姓身上，主 事者乘机渔利，新名甸叫“乱摊派”。,,8ac68ff3-2b5c-44a5-8982-18bc1962c5f1,,世道清浊
坐轿是侬，扛轿也是侬。,"①坐轿：坐轿子的。②侬：人。③扛轿：抬轿子的，轿

夫。",有人坐轿子，有人抬桥子，阶鈒社会的本貭就是不平等。,,cc0e3673-5be5-4554-9a36-2d67c0a417e9,,世道清浊
心酸莫着墿头啼。,】①着：在。@埭头：路口。③啼：哭。,存在主义哲学家萨特的名言是“他人即地狱”，何况说 陌生的路人。,,3c2d857b-9719-41e3-9278-5d41b2746096,,世道清浊
臭头鸡囝众侬刨。,①鸡囝：小鸡。②侬：人，此处指鸡。③刨：啄。,众人都欺负老实软弱的倒霉蛋。,,31942510-d48f-4bf2-a042-94a332cba974,,世道清浊
俪看见贼食，无看见贼拍。,①偭：〈借用字〉范围副词；只。②食：吃。③拍：打， 此处指挨揍。,"众人只眼红你的得意处，付出什么代价只有自已知道。 北方俗语说“只看见和尚吃馒头，没看见和尚烧戒”，也是 这个意思。
",,48f9351d-a715-4934-9e2d-0656b6da81a3,,世道清浊
拆观音堂，起五帝庙。,①起：修建。②五帝：福州民间信仰的瘟神，有张、钟、 刘、史、赵五位，合称五帝，神像形貌丑恶。,"这条谚语来自《闽都别记》中记栽的一则民间传说：有 一个叫吴瑞的人到闽江边的五帝庙抽签有灵验，拟在天宁 山观音堂左側建新庙答谢。新庙上梁后，夜里人工散尽，次 曰来看，中梁架到了观音堂顶上，其余木料被拆卸置于江边。于是认为这是五帝且灵，表示心愿。为了取悦五帝，拆 去观音堂，改建成五帝庙。

历史学家认为这个故事反映了外来的宗教终究难敌民 间信仰。从民俗心理上说，取悦五帝而冷落了大慈大悲的观 世音说明迷信主要产生于恐惧，人们敬恶煞甚于敬善神。",,6fcf8a63-aa0a-413b-af16-730ff41222d6,,世道清浊
五帝惊呆侬。,①五帝：见上条注。②惊：害怕。③呆侬：坏人。 ,除】五帝专司捉拿作祟的疫鬼和作恶的坏人，俚世上仍有连 五帝见了都怕的坏人。,,dd96c8f4-021f-4c8f-915f-1e18891921c6,,世道清浊
蜀色米食百样侬。,"①蜀色：一样的。②食：吃。③侬：人。
","北方俗语说：“林子大了，什么鸟都有。”
",,e0eba6a8-ca00-4cc5-b774-e2ebc2c3ffc8,,众生百相
真教师伓讲拳头。,"①教师：拳师。②伓讲：不谈论。③拳头：武术。
",真人不露相。,,1f6fec18-4700-42ba-b335-77ef698863eb,,众生百相
光棍蜀重膜，戳破渧渧落。,①光棍：骗子。②蜀重：一层。③渖谛落：不住地淌水， 形容狼狈相。,,,c5c78ea2-e89a-47be-a071-2d83441bbc00,,众生百相
老实共𣤞间壁厝。,①共：与。②歇：傻。③间壁厝：隔壁邻居。,人应当老实，而过于老实则近于愚蠢，因为我们不是生 活在“君子国”。,,46f818b7-b595-4594-8717-9d4e61a34fa5,,众生百相
老实偷食鸡翼。,"①偷食：偷吃。②鸡翼：鸡翅膀。
",“害人之心不可有，防人之心不可无”。尤其要提防身边 貌似忠厚的小人。,,d45fb450-2ce1-485b-ab7c-a520ddd52da5,,众生百相
婊子年年讲十八，熏鬼日日讲革。,①熏鬼：烟鬼。熏：香烟。②革：戒（烟〉。,美国作家马克‘吐温说：“戒烟是最容易不过的事情，我 就戒过一百次以上。”,,069f76d8-61ae-47e1-b5d6-d40bc2e6bf9a,,众生百相
老罔老，会（扌马）蜀把豆。,"①罔：尽管。②会：能够。③冯：抓取。④蜀把：一把。
",切不可小覷了老年人，有时会让你大吃一惊。,,af3972af-da82-473d-8ea6-2b0c6e510914,,众生百相
��瓜无瓤，𠈙囝无腹肠。,"①伐瓜：未熟透的瓜，此处“瓜”特指丝瓜。②親：指 晾干的丝瓜瓤，常用作洗涤用具。③伐囝：缺乏知识和经验 的年轻人。④无腹肠：没有肠子，喻指缺乏心计。
",,,ac562cee-7753-4844-a388-3d79ac4eb3c6,,众生百相
呆侬假胆小。,呆侬：坏人。,人们一般认为胆小者怕事，胆大者妄为。所以飯装胆小 是一种很好的伪装。,,45772f38-4b60-40f4-b4fc-9de1e0e8f30a,,众生百相
钱胆衣裳威。,,钱能壮胆，衣显威风。商品社会里有钱就是大爷，哪怕 是假装有钱说话嗓门也大些。,,aee959e6-c2c3-4000-ad38-0960fc6de057,,众生百相
��读书，会掰册。,"①𣍐：不会。②掰册：撕书。册：书。
",有些人不爱读书却愛买书，书落到他们手中，与被级了 何异。,,8cf7bbc8-2ac6-42f6-88e1-d5fcf802ec0e,,众生百相
老爹老爹，破布之遮遮。,①老爹：老爷，特指官吏。②之遮遮：动词“遮”的反 复貌衍音变型，意思相当于“左遮右遮”、“遮来遮去”。 ,"尴尬的老爷终究难免馗尬，用破布遮遮掩掩，尾巴还是

露在外面。",,7f83bf08-4946-47c2-a268-4c70615531c1,,众生百相
神仙难趁兴化钱。,"①趁：赚。②兴化钱：兴化人的钱。
","兴化府在福州南面，今属莆田市。在旧社会，福州人与 兴化人因方言隔阂，互相缺乏好感。生意人占不到对方的便 宜，反归疚于对方吝啬、精明。
",,8f40753a-ae7f-4f51-a058-2bef99cf9065,,众生百相
福清哥，戴斗笠，伓挃安侬挃。,"①福清哥：福州人谑称福清人。福清县位于福州南面， 历史上一直隶属于福州府，口音与福州不同，民风鲁直彪 悍。②戴斗笠：旧日福清人出门，无论晴雨总戴着富有特色 的尖顶小斗笠。③伓桎安侬桎：〔人家）不想要，他强迫人家接受。桎：〈方言俗字〉要，接受。安〈音〉：强迫。侬: 人，别人。
",,,6eec0c8a-36f6-45fe-a60e-0925703c1276,,众生百相
扛棺材，张式款。,"①扛：抬。②张式款：装腔作势。
",旧日出殡，抬棺材的总是一路“嘿吻、嘿为”地叫，以 显示棺木厚实，陪葬品多。丧家也乐意为此多予“花彩” (小费乂,,b1c695ce-f283-4097-8dc0-eae92f87b708,,众生百相
十隻尼姑，九隻病囝。,①隻：量词；个。②病囝：早孕反应的症状，此处指怀 孕。,世俗向来有很多揶揄和尚、尼姑不守清规戒律的说法， 这可能反映了僧俗之间的隔阂，也可能是说明了真出于信 仰原因而出家的人不多。,,a783468b-73e3-4643-bebb-b01ff65cce02,,众生百相
和尚食十方。,食十方：到处化缘，吃百家饭。,,,76e813d3-23d3-427e-ae98-ef75272af6ac,,众生百相
看命先生半墿死，地理先生无对埋。,"①半埠死：横死途中。②地理先生：看风水的迷信职业 者。③无对：无处，“对”写同音字。
","抄录一首打油诗为证：风水先生真会哄，指南指北指 西东，此处若是真龙穴，何不当年笄乃翁。”
",,6e263fba-55d1-4de0-992f-ef69e951606e,,众生百相
看命嘴，犬放屁。,"看命嘴：算命先生的嘴，借代指算命者的胡言乱语。 
",除】认识这一条“绝对真理”本不需要多大的智慧，但至少 在目前，算命先生仍衣食无虞。,,75a2d181-1b2f-48ee-9ae9-b995881eacd1,,众生百相
神妈神妈，半真半假。,神妈：巫婆。,"巫婆的本屑是利用人们的迷信心理诈蹁钱财，凭着职业 本能和对人情世态的熟悉，往往也能对求神者的经历、状况

猜对几分。
",,c8dfaee9-40fb-4564-8f07-6eae9ba1b2e7,,众生百相
城裡灯笼乡下骨。,"灯笼体现着都市的气派，灯笼的骨架却都来自穷乡僻 壤。城里的体面人物原来也多是来自乡村。
","灯笼体现着都市的气派，灯笼的骨架却都来自穷乡僻 壤。城里的体面人物原来也多是来自乡村。
",,92af622c-c90b-477c-b781-65ab527b886b,,众生百相
颂𠲥长衫偷尿壶。,颂𠲥：穿着。𠲥：时态助词；着。 ,衣冠楚楚的人难保不会偷鸡摸狗。,,06c2ed9e-4541-44d8-88cf-c5cd75828aaa,,众生百相
面囝白澈澈，呆事做固搭。,①面囝：脸蛋。②白澈澈：白白净净。③呆事：坏事。 固搭：更甚。固：更。搭：到顶，到家。,,,3a96d9f9-a6f3-48af-9f1b-93c6ca9a5d10,,众生百相
长衫重马褂，尿壶无对挂。,①长衫重马褂：穿长衫套马褂，指穿着像个有钱人。 ②无对:无处。“对”写同音字。,"有痤人衣着考究，其实贫无立锥之地。
",,ef6beaac-6036-4fcc-9699-ced1a62a3ec6,,众生百相
肖蛇多心事。,"①肖：〈生肖）属。②多心事：多疑。
",,,6dde9085-7f36-44b6-a652-5c2fe3691c2a,,众生百相
好呆侬，相带累。,"①好呆侬：好人坏人。呆:坏。②相：外表长相。⑧带 累：连累。
","初次见面，人们总难免“由表及里”地凭外珑判断人品。
",,e6073a4f-20a6-4bdf-96fd-2b4ad9f71e73,,众生百相
十矮九作疾。,"作疾：不安分。
","矮身材者往往能比一般人付出更大的努力以获得社会 的承认，赢得自尊，心理学上称为“补偿规律”。
",,f6795b93-aec1-42e9-862f-125609a85295,,众生百相
七疤八扭做夫人。,①七疤八扭：形容貌丑。②夫人：贵妇人。,"“自古红颜多薄命”，而“七疤八扭做夫人”，如果姑娘 可以自由选择，愿做“夫人”者恐怕不多。
",,530d3dcb-8190-4f80-8169-325941f1df38,,众生百相
上身长，坐𠲥噇；下身长，做忙忙。,"①坐𠲥：坐着。②噇：吃（贬义③做忙忙：劳作繁 忙。
",桉身长的比例来算命，其实只是一句玩笑话。,,29735f36-81d9-42ad-90c0-f10795a307f8,,众生百相
男形母相，伓死破相。,①男形母相：身为男人却有女性化的神态举止。②伓死 破相：不死也要残废。破相：残废。,与其说是“相术”，不如说是咒骂。如《日出》中的胡四爷那样的人物，心理正常的人看了都觉得不舒服。,,7972878b-54c2-47bb-999f-acd3f69d4346,,众生百相
骹肚像竹筒，伓死也害侬。,"①骹肚：小腿肚。②伓……也……：若不……则要……。 ③侬：人，别人。
","小腿如竹茼者大约是“豆芽菜”体螌的瘦高个儿，现在 非常时免，“超级名模”更是非此类莫属。不知吾乡先辈何 以深恶而痛绝之。
",,bda5a558-c469-4a6c-a6f6-2ad774dbb09b,,众生百相
麻麻其骚，乌乌其娇。,①麻麻其：麻麻的，指麻脸。②骚：俗写同音的“超” 字。③乌乌其：黑黑的。,"东施遭人嘲笑不是因为扰丑，而是因为效颦。
",,de92fac6-e314-41f9-b580-3fe4c5533576,,众生百相
面髀无肉，不可相熟。,"①面髀：脸颊。②相熟：相交往。
",传统文化心理认为尖嘴猴腮者多作。,,9b50b3ef-6758-466e-ac92-f38058c5bbaf,,众生百相
十隻掌指都有长短。,"①掌指：手指头。②有长短：有长有短。“短”写同义

字。
",,,2a2e0df9-d1ff-477f-a732-579c95748148,,谐喻事理
讨亲长长阵，拜堂俪两奇。,①讨亲：娶亲。②长长阵：队伍很长。③偭：〈借用 字〉只，仅。④两奇：两个（人〉。,"凑热闹的人多，真正办事的只是个别人。
",,67591530-3076-4d4e-9243-6abf190199d4,,谐喻事理
头回养猪母，半冥去担潘。,①头回：初次。②猪母：母猪。③半冥：半夜。④担潘: 挑猪食。潘：潲水。《广韵》：“潘，浙米汁也，普官切。”,"初做某事，积极性往往特别高。
",,c1446da5-c836-46f1-8933-ae6c0227e84d,,谐喻事理
破钵逗汝玻璃缸。,"①逗：向‘…”挑衅。②汝：你。
","玻瑞釭忍气呑声，因为这样的决斗输不起，赢了也没啥 意思。
",,222dd335-f4a5-4e94-a63a-6fe80e894c27,,谐喻事理
有葱也办酒，无葱也办酒。,办酒：置办酒席。,次要因素不影响大局。,,f6034b92-4309-45d8-8fa7-7abdf03ded0a,,谐喻事理
拉尿也着看风势。,①着：要，必须。②风势：风向，引申指具体的客观情 况、外部条件。,"做任何事情都要根据当时具体情况采取适当的方法。
",,53418d9e-0c16-49d5-a2f3-582eee6c0b9d,,谐喻事理
开饭店固惊大食饭？,①固：〔难道）还怕。②大食饭：指饭量大的顾客。,,,b6a719b4-585e-45dd-80e9-7208e20fadc4,,谐喻事理
坎爿也中垫桌骹。,①坎另：碎瓦片。②桌骹：桌腿。,"任何东西都有用，主要看用得是不是地方。
",,99e0a189-6022-46c8-a410-75f6846643ed,,谐喻事理
做媒侬无能嗨包生囝。,"①媒侬：媒人。②无能嗨：不能，办不到。③生囝：生 儿子。
",无法对不可知的结果承诺。,,b05b5603-bffe-4925-ab92-b09b8377f888,,谐喻事理
井水罔绱罔出泉。,①罔……罔……：一边……一边……。②绱：〈用吊 桶）吊（水〉。③泉：指涌入井中的清水；“泉”的读音特殊， 可能不是本字。,,,c7350fb4-d476-4dff-aa84-80a8230b0840,,谐喻事理
三年食长斋，蜀条虾米须开荤。,"①食长斋：长年奉佛吃素。②蜀条：一根。③须：触须; 俗写同音字“秋”。
","往往一念之差，会致了长期努力的结果。
",,1bef9f0b-e3f3-4490-bb6d-4400544d1f43,,谐喻事理
江中再大，有日船头会相碰。,"①再大：无论有多大。②有日：总有一天。
",冤家路窄。,,7240ba72-6076-41ac-9699-86f3f0872864,,谐喻事理
细倪碰着沙。,"细倪：爱计较、爱挑剔（的人〉。②沙：指米饭中的

沙子。
","爱挑剔的人偏偏常遘到不順心的事。
",,86ce5a64-6b87-4887-b7de-ee8a748b6ca0,,谐喻事理
八背煮水会夹鼎。,"①八背：倒霉。②夹鼎：粘锅。
","人倒霉的时候做什么事都不对劲。
",,24188cb8-3d56-4ce8-81ae-e10c1838c0c6,,谐喻事理
庙𠲥猪头都有主。,"庙𠲥：庙里（的〉。𠲥：处所助词，本字“里”。
","各家献祭的供品按习慣留在庙里直至祭祀结束后再各 自取田，留在庙里的猪头实际上各有主人。“庙啡猪头”常 喻指已有了对象的男女。
",,23d87282-ced6-49b4-a2fe-61df5a58a05f,,谐喻事理
神仙都会拍逷剑。,"拍遗：丢失。
","此谚源于民间传说吕洞宾醉酒丢了宝剑，食指任何人都 难免有兢忽之处。
",,e156d170-bd0e-40c7-b62a-daeced43627a,,谐喻事理
鬼囝无见过大猪头。,"①鬼囝：小鬼。②大猪头：猪头是庙里敬神的供品，小 鬼不配享用。
",令指小人物没见过大世面。,,16acee38-6c69-4680-bba3-844b54ba0eff,,谐喻事理
多𠲥香炉多𠲥鬼。,𠲥：动态助词；了。,"雇人常自扰。多此一举，反而带来麻烦。
",,c47cd2be-f917-4d25-b57a-dab8e875c4da,,谐喻事理
石柜𣍐八自身臭。,"①石柜〈音〉：即梨蝽象，一种果树害虫，褐色，会飞， 极臭。②脍八：不知道。八：知道。
",有臭名声者往往缺乏自知之明。,,ea9ce6b8-01a0-4e4a-9d7d-7f14acac3088,,谐喻事理
压鸡伓成孵。,"①压：〈同义字〉按压。②伓成：不成。
",有些事，若非自觉自愿.强迫也是徒劳。,,8265298c-ba95-4cd5-a6c8-2b914ddc24e4,,谐喻事理
养鼠咬布袋。,,,,15af519d-661c-4a26-813c-43ca48ac92f2,,谐喻事理
起风乍八妈祖婆婆。,"①乍：副词；才。②八：认识，知道。③妈祖婆婆：对 “妈祖”〈即“天妃娘娘”）的尊称。
","“妈祖”原为北宋年间莆田湄洲岛的一个女巫，名林默娘，死后民众为之立庙，奉为海上守护神。宋以来历代皇帝 加封踢号为“神女，，、“龙女”、“天妃”、“圣妃”、“天后圣 母”等。福建人以方言尊称“妈祖”，即“女性老祖宗”的 意思。
",,315aa8ff-df1d-4d34-a344-00f575618e5a,,谐喻事理
鸭母妆死嘴是扁其。,"①鸭母：母鸭。②妆：打扮。③死：作程度补语，表示 程度深。④其：的。
",乔装打扮改变不了丑的本质。,,29fa7974-b816-4d12-aa77-825d902b58c9,,谐喻事理
三月枇杷出好势。,①三月枇杷：枇杷的成熟期早，作为春季的鲜果赶在农 历三月上市，尽得天时之利。②出好势：赶上好时机。,"把握时机常常是成功之道。
",,c3fb9723-16dc-4e3c-9944-12f9215374d2,,谐喻事理
手指拗裡无拗出。,拗裡：朝掌心方向弯曲。,"人都有靼栌白己人的倾向，难以公正。
",,ffeae9d3-f14e-40e7-942e-f8c872515dd4,,谐喻事理
扫厝扫厝角，洗面洗耳角。,①厝：房子。②洗面：洗脸。③耳角：耳后的隐蔽处。,,,3de751dc-f9ca-4066-ac3e-7ba849720eb6,,谐喻事理
牛囝跋九倒。,"①牛囝：牛犊。②跋倒：跌跤。“九”指次数多。
",初生的牛犊总是在接二连三地跌跤后才能站稳，喻成长 的过程中难免遭遇挫折，总要吃些苦头。,,0b053cec-41f6-453d-b6c9-adac2aa3cc83,,谐喻事理
心急马倒退。,,,,79552999-0a30-494d-a638-74c9a77c1fae,101,惯用语
牛面前读契。,契：买卖契约。,对牛弹琴，白费功夫。,,880f6e73-6578-41cb-8dee-11c9e81d6415,102,惯用语
暗蜂叮家蜡。,"①暗蜂：一种鳖甲蜂，紫黑色、体细长，是蟑螂的天敌。 ②家蜡〈音〉：蟑瑯。
",一物降一物。,,aeab1f73-7e5a-4e25-b91f-cb970ae31d3c,,惯用语
红蚁扛蒲蝇。,①红蚁：蚂蚁。“红”是借用字，声调不合。②扛：合 力抬。③蒲蝇：苍蝇。,"齐心协力完成艰难的工作。
",,0c5c8931-e317-4942-9129-e7ae9b78f256,,惯用语
撮毛凤凰不如鸡。,撮毛：拔了毛的。,,,4f4bc689-8825-453c-8469-e16a6c498e5e,,惯用语
半斤黄瓜四两嘴。,黄瓜：指大黄鱼。,,只会卖嘴皮子的人。,59cd5b05-9620-49b6-8669-fb4a241fd093,,惯用语
厝裡犬，咬门垫。,,,只敢在家里耍威风的人。,8a634275-2e17-4632-b42b-b3a8972c1b79,,惯用语
牛尾脍遮牛股川。,"①𣍐遮：遮不住。②股川：屁股。
",,想遮丑遮不住。,a220c844-6f60-48b8-9132-4ee4bd8e69ae,,惯用语
龟无笑鳖，鳖无笑龟。,无笑：不讥笑,,,57f50ec0-4dbe-40a2-bd7a-63c9fe3dff07,,惯用语
唧唧水养唧唧鱼。,"①唧唧水：很浅的一点儿水。②唧唧鱼：指半死不活的

鱼。",,条件很有限，只能勉强应付。,b45f92fd-d72c-42c5-8d1f-ee9da44a18e6,,惯用语
猴戏未做，猴脾先起。,①猴脾：猴脾气。②起：发作。,,恃才使性子，让人头疼。,aea99b48-60f0-4699-8dc9-0cdd680cf1db,,惯用语
吓蜀吓，变𠲥鸭。,①吓蜀吓：喝骂一声，也作“喝蜀喝”。蜀：一。②变 𠲥：变成了。𠲥：动态助词；了。,,怯懦者经不起威吓。,1f897467-6a43-4244-9c7f-d0fe689b4ca6,,惯用语
老犬会记千年屎。,,,不合时宜地提起陈年旧事。,ce443994-c154-428b-9bc9-ebd06a48b62e,,惯用语
羊死目未克。,克：〈音〉闭（目〉。,,死不瞑目。,645730a9-a0e7-4fd2-8602-a269e559a364,,惯用语
金蒲蝇屎腹。,】①金蒲蝇：红头大苍蝇。②屎腹：肚子里尽是屎。,,打扮得漂漂亮亮的无德无能之辈。,40d29d08-6e10-41e1-85e3-3094310ed66b,,惯用语
老鼠会变牛。,,,神通广大，能由小变大，由少变多。,2c93fd38-02fd-40f5-b829-293516de3772,,惯用语
眚盲猫搦着死老鼠。,"①眚盲：瞎。②搦着：捉到。
",,瞎撞上的，纯属巧合。,1c7c2a59-e98e-4ee7-b2e0-7ac9ec990910,,惯用语
猪母都戴金耳坠。,"猪母：母猪。
",,夸张形容家中极为富有。,fed7f440-0fc7-46f7-8fe1-5bf0e91a9fc8,,惯用语
牛囝未桊鼻。,①牛囝：牛犊。②未：还没有。③桊鼻：穿鼻环。,,年轻人没吃过亏不晓得厉害。,f799c63b-c0b3-47af-b88a-37bbf1ab13a7,,惯用语
鸡角囝未大先叫更。,①鸡角囝：小公鸡。②未大：还没长大。③叫更：〔公 鸡）打鸣。,,孩子在成年人面前逞能说大话。,dca2088b-d854-47f6-b22f-e05ae48f0193,,惯用语
老蜞行下冥。,"①老蜞：沙蚕的一种，身体细长扁平，色斑斓，白天躲 在滩涂泥沙中，夜间出来活动。②行：行动。③下冥：下半

夜。
",,习慣深夜活动的人。,5fdb2553-f0f6-4664-9dd2-de4031fccbb6,,惯用语
小空出大螃蟹。,空：〈阴去调〉窟窿。,,不起眼的地方也可能出现惊人的景象。,901bdf43-aa4f-4ea8-80ea-bb208d799da0,,惯用语
蜂王无着厝，蜂囝拍倒厝。,"①无着厝：不在家。着：动词；在。②蜂囝：小蜂，指 工蜂等。③拍倒厝：闹翻天。
",,,e2f9ce75-ead5-4065-8894-1982429bb481,,惯用语
时耀耀，耀𠲥牛母大拉尿。,①时耀耀：动词“耀”的反复貌衍音变形。耀：〈白读 音〉称赞，俗或写同音字“受”。②𠲥：结构助词；得。 ③牛母：母牛。,,"不纪受称赞的人，蛊赞之下也难改劣根性。
",6b9951dd-017e-4e5a-92f3-d9214be0e468,,惯用语
七骹八手蚂大爷。,①七骹八手：七手八脚。骹：脚。②蚂大爷〈音〉：一 种不结网的长足蜘蛛。,,七手八脚地忙乱。,1a925f22-c6ca-4285-9bf4-fe88206bcb04,,惯用语
鸡角囝斗大。,"①鸡角囝：小公鸡。②斗大：因互不服气而争斗。
",,双方互相争斗，互不示弱。,993586ec-9aac-46c4-b9b5-4a07257c3424,,惯用语
无猪犬也刣。,"剑：〈方言俗字〉宰杀；本字“治’’。
",,无奈退而求其次。,faef8564-b87b-446e-80cd-455b8d404a1e,,惯用语
老虎复来，鞋带复断。,复……复……：又……又……。复：又，俗写“仅”,,危急之中又加险情。,47a3fb67-9523-4a16-a75f-acb863180179,,惯用语
搦猪上架。,搦：〈借用字〉捉。,,费尽九牛二虎之力制服对方，使之就范。,52a7b0a5-fe79-49e9-a349-aeb5f1404591,,惯用语
老鸦叫，别侬死。,①老鸦：乌鸦。②别侬：别人。 ,, 光会叫嚷，而让别人去出钱出力。,bea3160d-37cb-4878-9388-3e62bb6354d5,,惯用语
犬肉𣍐上桌。,"①狯：不能。②上桌：摆上席面。
",,素质低劣，无法抬举。,69d87374-7563-4a80-9b6f-d767e1cd26d9,,惯用语
锦被罩鸡笼。,,,外表好看，内里空虚。,77356aff-48d0-4959-8712-1a12f5053565,,惯用语
无刣犬就八犬腹肠。,"①无：没有。②钊：〈方言俗字〉宰杀；本字“治”。 ③八：知道。④腹肠：肚肠。
",,凭经验可识坏人的坏心思。,e8f149b6-6b15-4e83-ad46-ad4533f093f6,,惯用语
郎机炮拍隻隻。,①郎机炮：旧称大炮。②拍：打。③隻隻：麻雀。 ,, 宰鸡用牛刀，大可不必。,c5248bdc-1d59-4e66-b3b6-feb79c5dbba7,,惯用语
十硋九漏。,核：〈方言俗字〉陶瓷。,,几乎个个都是有毛病的。,bd525339-1303-4c13-9353-06cd3ce334d4,,惯用语
柱珠生白蚁。,柱珠：花冈石的柱础，通常为鼓状。,,指身体一向很结实的人生了病。,14c102ec-21a8-49bb-867a-b1752ceb84da,,惯用语
心肝生𩩍𠲥。,①心肝：心，良心。②生：动词；长。③髀𠲥：背上。 𠲥：处所助词，本字“里”。,,没良心，狠毒。,718aac2c-7237-4a72-95a0-58ad39e19deb,,惯用语
雷公睏落眠。,①雷公：雷神，传说中的惩恶之神。②睏落眠：睡熟了。 睏：睡。,,坏人没有受到惩处，正义没有得到伸张。,a583c62d-4d33-4d76-a0a6-cace9b6f8c2f,,惯用语
复浅复拍泎。,①复……复……：又……又……。②拍泎：洒泼。,,本来就嫌少，偏又遭到无端的损失。,389ca6b9-795b-48fa-9899-36d8766d1565,,惯用语
无位等侬起，无姆等侬死。,①无位：没有空位。②侬：人。③起：起身离去。④姆: 老婆。⑤等侬死：等他人死后〈娶寡妇八,,“候补”者可悲的阴暗心态。,0e3206ef-1ad8-4c84-884e-f5a0e399da6c,,惯用语
拾猪屎碰着猪病泻。,①碰着：遇上。②病泻：腹泻拉稀。,,运气不好，碰得很不巧。,fb948bfc-b2af-48f4-89c4-e5f188b27b4a,,惯用语
猪刣白讲价。,釗白：宰杀牲畜并褪毛去内脏。釗：〈方言俗字〉宰杀。,,先制造出既成事实，然后再迫使对方接受不合理的条 件。,a94a8c0a-ed79-4555-85ab-295e14afef17,,惯用语
海贼做普渡。,"做普渡：旧俗为普遍超渡亡魂而举行大规模民间宗教活 动，包括和尚诵经，道士施法，香烛祭供等活动，往往持续 数日。这种费用主要由富家捐助，算是积阴德的善事。
",,恶人发善心。,124dfb6f-9fe4-4bf6-aed0-7ae5560c6510,,惯用语
塔骨会排娘奶宫。,【注】①塔骨：以竹制骨架，外罩衣冠的鬼神偶像，用于迎神 游行活动。偶像约两人高，腹部开一孔，供套着偶像行走的 人向外张望。②会：竟然。③排：摆放。④娘奶宫：供奉临 水夫人的庙。临水夫人是专司保佑妇女儿童的女神，据传是 唐代人，福州下渡陈昌之女，名靖姑，嫁刘杞，年二十四卒。,,两码事混为一谈。,ac06ee38-f431-4f91-8335-8ddaeea3038a,,惯用语
东岳做普渡，六十年蜀回。,"①东岳：福州东门外有东岳庙，即泰山庙。②普渡：普 渡亡魂的大规模民间宗教活动。③蜀回：一次。
",,机不可失，时不再来。,9cca91b5-41cf-469a-ab10-6eddc4351479,,惯用语
做鬼也𣍐抢冥头斋。,①脍抢：抢不到。②冥头：初入夜时。③斋：檑米蒸制 的甜馅饼，闽俗用以祭鬼神。,福州风俗在夜间的门外靖脚边以“斋”供孤魂野鬼。传 说饿极了的小鬼总是争先恐后地“抢斋”。无能的人，死了 也是无能的鬼，只能在下半夜捡食剩余。,无能之萆，到死还是无能的。,42a1542d-6a77-48a7-8d05-c24124588378,,惯用语
细姨过厝。,①细姨：小姨子，妻妹。②过厝：〔花轿抬〉过门。 ,,生米煮成了熟饭，只能将错就错。,be7409ab-4552-4f0b-8102-d89dff957678,,惯用语
命长有奶奶做。,①命长：寿命长，谑谓办事拖拉。②有奶奶做：可以指 望以年高而获尊荣。,"此语挖苦办事拖拉者。

",,813b64aa-63ab-4e56-8631-f1cfeda111bc,,惯用语
存做新妇，就伓惊生囝。,"①存：存心，打定主意。②做新妇：出嫁。③伓惊：不 怕。④生囝：生孩子。
",,对随之而来的必然结果早有思想准备。,4d2ea185-6de1-48e4-8736-51e7269d223d,,惯用语
新人蜀过门，媒侬丢过墙。,①新人：新娘。②蜀：一。③媒侬：媒人。④丢：〈同 义字〉抛。,,过河拆桥。,d9e0f95c-7fd0-4f92-ba14-3ada806e59e0,,惯用语
好心乞雷拍。,乞雷拍：〈反而）遭雷打。乞：介词；被。拍：击，打。 ,,好心没好报。,ac3dc033-d93f-496a-862e-8afc75911aaa,,惯用语
单身哥固嫌家法大。,①单身哥：单身汉。②固：副词；还。③家法：家庭的 日常开支。,,要抱怨也还轮不上他。,e6650935-e00f-4e2e-ae62-61b7db5daa92,,惯用语
买臣妈十八败。,"买臣妈：传统戏曲中人物朱买臣的妻子，与朱买臣离异 后又连续改嫁十七次总是夫亡子夭，难脱厄运。
",,命里注定要吃苦，无论如付挣扎也接脱不了。,b7933919-c3cf-4deb-bf20-2dedd47e3822,,惯用语
罗汉请观音。,观音：注意“音”字声母特殊，应是“观世音”的合音 变化结果。,"罗汉人众，观音菩萨只有一个。罗汉集体做东宴请观音， 席上的酒菜其实主要还是罗汉们自已吃了。
",,b24eb314-84f0-42ef-aa45-58f8576bb6ce,,惯用语
七哥共八哥，两奇差不多。,"①七哥、八哥：俗称白无常鬼、黑无常鬼，也称“七爷、 八爷”。②共：连词；和。③奇：量词；个。
",,从本屑上说，两者没什么差别。,97b054e7-a7e0-41ed-bddd-18a7b655cf10,,惯用语
碰着先生就看命。,①先生：指算命先生。②看命：算命。,,自己没主见，见人就请教。,214d771a-1f3c-40eb-9def-6f4fcd57d63e,,惯用语
四月八无闲和尚。,"四月八：农历四月初八为浴佛节，也是和尚烧戒的日子, 各寺院都举行隆重的佛教典礼。",,大忙的时候每个人都派得上用场。,d9c8492d-ae43-4bf6-81c8-2b637f44fa13,,惯用语
未食三日菜，就想上西天。,食菜：奉佛吃素。,,,1b5d51a6-6d4a-4d33-9619-c388b8a49f96,,惯用语
竹𥮕下仙家。,竹铳：晾衣的竹竿。筘：《集韵》：“竹杆也，下浪切。”,,没有换洗的衣服，立等衣服晾干再穿。,1c3a0c5a-47bd-4e28-a70d-485f917ec1a0,,惯用语
蜀师蜀法门。,"①蜀：一。②师：指师公，即道士。
",,各有各的办法。,5ee74867-0537-462d-b3be-8b854468178a,,惯用语
去和尚寺借篦梳。,【注】和尚寺：佛教的寺庙。,,求助找错了对象。,670033d9-5e14-486e-acf0-0f79d3795bb9,,惯用语
和尚𣍐做姆𣍐讨。,①脍做：做不了。②姆脍讨：老婆找不到。姆：老婆。 讨：找。,,干什么都干不成。,b7564d02-5bea-484a-97da-256dddaa6219,,惯用语
和尚头，顶橄榄。,,,物品叠置得很不穗当，随时可能跌下来。,19aefad7-49ce-43bf-aa11-2336a7f8e62c,,惯用语
道士拍死道士声。,①拍死：打死。②道士声：道士的腔调。,,三句不离本行。,a136e3fb-a53d-4ffe-a24e-f04a9b30004a,,惯用语
暴乍梅香做夫人。,①暴乍：破天荒第一次，刚刚。②梅香：婢女的常用名， 借代指婢女。,,身份陡然升高的贱人。,50c3cb1f-7522-4960-a8a7-efde5c66c349,,惯用语
看侬排碗菜。,①侬：人。②排：摆放。③碗菜：菜肴。,,势利眼，以不同的态度对待不同身份的人。,b08cd440-f14e-46f9-be4b-704ac1b4a91f,,惯用语
衣裳襆乞侬拖去拭屎。,①衣裳襆：衣服的下襟。“襆”写方言俗字。②乞侬：被 别人。,,平白无故地当了冤大头。,9dd30f24-15b1-4814-9958-e36866daa9ef,,惯用语
无位尖台中。,"①无位：没有位子。②尖：挤进。③台中：中间。 
",后来者反而挤占了最好的位子。,,c8323d35-2751-46d5-b28a-09d75b0fdf98,,惯用语
上半冥肖鸡，下半冥肖鸭。,①半冥：半夜。冥：夜。②肖鸡：〔生肖）属鸡。,,说法一会儿一变，叫人捉摸不定。,29363f69-5044-4085-bac1-609f7accc7b9,,惯用语
三叔公，拉长屎。,拉长屎：拉屎的时间长。,,办事慢呑呑，拖得时间长。,b830e281-b86a-4437-898b-fc022dae7352,,惯用语
圆鼎四角甑。,①鼎：铁锅。②四角甑：方形的蒸笼。甑：蒸笼；本字 “床”。,,方枘圆柄，搭纪不上。,be44fe57-d0a9-402a-9761-9d78e61f3647,,惯用语
伓像菜头伓像芋。,"①伓像：不像。②菜头：萝卜。
",,非驴非马。,19a94187-2370-4128-9c2e-b39bd56d0076,,惯用语
瓮𠲥摒橄榄。,"①𠲥：处所助词，本字“里”。②摒：倒（出〉。
",,说话很快，语流急促，如从坛子里倒出撖榄的声音。,4d5b7328-9995-4635-b0e7-8e67c505eeb0,,惯用语
蜀时韭菜蜀时葱。,蜀时：一时。,,一会儿变一个花样。,6fe64af6-7576-44b6-b9ac-bd24ef6a7b24,,惯用语
年老学驐猪。,"镦：阉割。《字林》：“镦，去畜势，都昆切。”
",,年纪太大了才开始学习某种靳技能。,0a6337c3-7840-44d7-bea1-5dbf2874b41b,,惯用语
无瘤讨鸡胲挂。,"鸡胲：鸡嗉馕，引申指汽球。“胲”写方言俗字。
",,自找麻烦，自添负担。,1aea1e7d-4c81-4cc3-acdb-d8793be4e4a4,,惯用语
有风飑起就有梨囝拾。,①风飑：台风。②起：发生。③梨囝：小梨儿。,,"总有办法在混乱中获利。
",051af94d-cdde-4d6d-8ce4-b22ab0aefe45,,惯用语
斧头拍凿凿拍柴，郎罢使囝囝使孙。,①拍：击打。②凿：凿子。③郎罢：父亲。④使：使唤。 ⑤囝：儿子。,,依次往下推，最后总是地位最低的人吃亏。,09fa42ba-a2e6-41b7-98e4-3c18220d08a9,,惯用语
锣掼过山拍。,①掼：提。②过山：隔着山头的远处。,,有本事到外面去显。,d5334afb-47d4-45a7-a756-05875fb723f6,,惯用语
猛猛鼎炒花生。,猛猛鼎：烧得很热的油锅。猛：火旺。鼎：铁锅。 ,,动作快，手脚麻利。,f0983738-7b11-49a1-8dc7-488d0bcd72a4,,惯用语
算盘挂心间𠲥拍。,"①心间：胸脯。②𠲥：处所助词，本字“里”。③拍：打， 拨打（算盘〉。
",,精于计算，斤斤计较。,fc13ac3e-d862-4f37-9224-b1b49fcbca17,,惯用语
新粪坑，好拉屎。,粪坑：厕所。,,（贬）对任何新的东西，都感觉特别好。,4cfc30c5-b533-4a66-86be-7edbe2e3b27b,,惯用语
大家马，大家骑。,,,同样的的规矩适用于每一个人。,9cae75a3-1442-4f9e-901d-b2423834cec8,,惯用语
担粪𣍐等桶漏。,"①担粪：挑粪。②脍等：等不及，期盼。③桶：指粪桶。
",,爱偷懒的人的心理状态。,242e69e2-5c9b-43ff-a9be-90fd99038a25,,惯用语
痒𠲥伓扒，掏疼𠲥去挖。,①痒𠲥：身上发痒的地方。𠲥：处所助词，本字“里”。 ②扒：搔（痒〉。③掏：拿，拿到。④疼𠲥：疼痛的地方。 ⑤挖：抠抓。本字“艺”，《广韵》：“手艺为穴，乌八切。”,,投人所好的话不会说，反而无意间刺到对方的痛处。,27031348-e8bf-44df-896e-010bc4e64214,,惯用语
拍落身固当做喜事。,"①拍落身：打胎。②固当：还当是。
",,"该痛心的时候却兴高采烈，尴尬事却自己大肆宣扬。 【案】看上去显得反常，其实都有不好明言的苦衷。
",2a4fc842-9f26-4798-b596-200ae1fb56ae,,惯用语
好头好面臭股川。,"①好头好面：外表端正。②股川：屁股。
",,"表面上好看，其实毛病隐藏在不显眼处。
",b24d5c6a-7c6e-4c47-bb7e-4f09400e1285,,惯用语
斋食完，斋箬贴别侬𩩍𠲥。,①斋：糯米蒸制的甜馅饼，也是传统的祭鬼神供品。 “斋”字俗写加米字旁。②斋箬：也叫“锞箬”，一种植物的 叶子，状如竹叶而稍大，有清香，福州人用以蒸年糕或 “斋”。每块“斋”的底部衬一片“斋箬”，食用时揭下。③ 别侬：别人。④髀𠲥：背上。髀：背部。𠲥：处所助词。,,自已偷偷得了便宜不算，还要让别人背黑锅。,060fa5ed-bbce-4003-ae34-9149cf55e860,,惯用语
讲食龙过山，讲做会打单。,"①讲食：说到吃。②龙过山：生龙活虎般地来劲。③讲 做：说到干活。④打单〈音〉：站立不稳，踉跄。
",,好吃愀做。,2dc94f7a-87a1-48de-856a-ae2878f3f153,,惯用语
府𠲥复误，县𠲥复误。,"①府、县：指旧府县的衙门。②𠲥：〈方言俗字〉处所 助词，本字“里”。③复：又，俗写作“仅”字。
",,本想两头兼顾，结果都误了。,61883146-235e-442d-b519-02f331d31b27,,惯用语
无水游九铺。,"①无水：没有水。②铺：里程单位，十里为一铺。
",,（貶）神通广大，无所不能。,3f17e274-330e-450a-adcc-2df46fd64226,,惯用语
船过水无痕。,,,事情发生，过后了无表迹。,d8b55cf6-0320-488b-9aee-dc098afe31b8,,惯用语
亲母自耀骹腿白。,"①亲母：亲家母。②自耀：自夸。③骹腿：腿。
",,可笑的自夸。,2d3fa69b-1aa1-42ed-af4a-4e01e1959f49,,惯用语
鼻屎当盐食。,,,吝啬之极。,d0d13a21-a60f-458d-ae7c-9edb215ff720,,惯用语
兵过篱笆破。,,,鲁莽者所到之处，不免造成破坏。,86a33858-690d-4de0-bf59-ba03995b2bff,,惯用语
蜀槌拍两橛。,①蜀槌：槌子一击。②拍：击打。③橛：段。,,处事千脆利落，不拖泥带水。,3633afc3-ad80-47bb-a54d-321912946780,,惯用语
番囝翻摆生。,"①番囝：洋人。②翻摆生〈音〉：形容十分古怪。
",,奇怪的反常的行为举止。,2c9a8499-4433-45d9-bfca-25132be97d9d,,惯用语
贻顺哥烛蒂。,贻顺哥是福州民间故事中典型的吝啬鬼形象，处处算 计，最终人财两空，只落下几根烛蒂。,,吝嗇鬼。,382e4089-c77d-4448-a7bf-1ecda655541c,,惯用语
请来婆奶囝三旦。,①婆奶：接生婆。②囝：儿子，孩子。③三且：婴儿出 生的第三日，旧俗在这一天庆贺宴客。,,来得太迟了。,4faab479-4ec3-4cda-91f8-20afef8c7925,,惯用语
曲蹄请亲家。,①曲蹄：旧称以打渔、内河航运为生的水上居民。②请: 宴请。,,满桌尽是鱼虾。,7339ba4d-100e-4ef0-a22f-7ca3ee68a657,,惯用语
未学行，先学肺。,①行：走。②踔：跑。,,,1c0b58f5-209c-4eae-913f-e1329ebe74b9,,惯用语
“一”字未划起。,未划起：还没开始划。,喻义同“‘八’字还没有一撇”。,,b6ac79d1-e529-48eb-8658-198aace47415,,惯用语
蜀隻剃头，两隻扒耳。,"①蜀：一。②隻：个（人〉。③扒耳：掏耳朵。
",新解或曰，有饭大家吃。,人浮于事。,cb521f44-429f-4f2b-ba65-39ef90012746,,惯用语
蜀症伓八，掏𩩍𠲥摸脉。,"①蜀症伓八：一窍不通，什么都不懂。蜀：一。症：病 症，语义双关指“技能”。八：懂，知道。②掏：拿，拿到。 ③髀𠲥：背上。𠲥：处所助词，本字“里”。④摸脉：号脉 诊病。
",,一窍不通。,a16e03fc-8f09-441f-b28a-dcbecf25855b,,惯用语
索面未拍架先排。,"①索面：常写作“线面”，是一种很细的挂面，工匠用 特制的架子拉制而成。②拍：打，此处指制作（索面〉。③ 架：制作索面的木架，双关指装模作样的“架子”。④排：摆 放。
",,事情还没做，先摆臭架子。,0fad8b05-9c96-4f88-8646-bf364d8130e7,,惯用语
门垫复悬犬复大。,①门垫：门植。②复：又；俗写“仅”字。③悬：〈白 读音〉高，俗写同音字“咸”。,,"气焰骄人，令人却步。

除】据说是“为了维护机关的正常工作秩序’’。
",65e04c74-0bc1-4840-bca9-a3afa0dc0833,,惯用语
会八偷食，𣍐八拭嘴。,"①会八：懂得（如何〉。②偷食：偷吃。③𣍐八：不懂 得。④拭：抹擦。
",,干了坏事而不懂得如何加以掩饰。,bc4f687d-d7cb-430a-a472-4bb5384907b7,,惯用语
食死皮包骨。,"①食死：拼命吃。②皮包骨：形容极瘦。
",,努力的结果也不怎么样。,3addf04a-3e29-4d82-9a3f-3f41182620a3,,惯用语
七隻食饭，八隻当家。,】①隻：个（人〉。②食饭：吃饭。,,政出多门，缺乏统一领导。,c791a87b-2df7-4184-9ee6-cff8936af084,,惯用语
闲工补笊篱。,"①闲工：闲工夫。②笊篱：漏勺。
",北方俗语：“下雨天打孩子，闲着也是闲着。”,做毫无意义的劳动。,1341d609-0852-40c5-b651-7c080e167c94,,惯用语
九十九，整蜀百。,①整：凑成整数。②蜀百：一百。,,富且吝，富了更贪。,df09bfed-ccca-4bb0-8a3a-666d66e62b72,,惯用语
嘴渴食盐卤。,,,饮鸩止渴。,9aa7b2bd-7974-4574-9932-9c73955c3fd7,,惯用语
贼食鸦片睏。,,,"胃口极好，而且特别能睡慊觉的人。
",da77a746-ee27-4bc4-8b78-a0935ff714aa,,惯用语
荒唐（方肠）拉四角屎。,①荒唐：福州话骂人“荒唐”，犹北方话骂“混账”，与 “方肠”二字同音。②四角：方形的。,"此语俏皮，常用以化解被骂的尴尬处境。
",,ff426a6b-42d0-4414-b828-be078e5b4d19,,惯用语
细姑教兄嫂断脐。,"①细姑：小姑，此处特指未出嫁的小姑。②兄嫂：嫂嫂。 ③断脐：指分娩时剪断脐带。
",,不榷装懂而且还好为人师。,e1b68d42-f255-46cf-9760-ce6f45795760,,惯用语
前鼎未滚，后鼎啪啪滚。,①前鼎、后鼎：灶膛正上方的锅坑放置“前鼎”，偏后 的位置加设一个利用余热的锅坑，放置“后鼎”。鼎：铁锅。 ②滚：〈水）沸腾。③啪啪滚：猛烈地沸腾。,北京俗语说：“皇帝不急太监急。”,,90c10702-01e8-4944-a3f5-d617a62feb04,,惯用语
十八岁会见廿四代。,见：见过，经历了。,,年轻人在长者面前不懂装懂，卖弄知识。,083edd24-a809-41af-80bb-91931b1fbbf6,,惯用语
上轿缠骹。,①上轿：指上花轿。②骹；脚。,,事到临头才着急。,17cc9878-c557-47df-9ec2-5c923b5424d5,,惯用语
蜀时风驶蜀时船。,蜀时：一时。,,见风使舵。,736fa3b2-6db7-426e-b1e2-031b88a909b1,,惯用语
卜食鱼汤七十二。,①卜食：要吃。卜：助动词；要，想要。②七十二: (必须付）七十二枚铜钱。,,不能不接受的刻板条件。,1c23cfea-be50-4637-9af4-10163ece1433,,惯用语
教师乞舀粪拍咯。,"①教师：拳师。②乞：被。③舀粪：掏粪的。④拍：打。 ⑤咯：动态助词；了。
",,不声不响的人倒有真功夫。,080f538f-bf7b-449e-94b7-2587bfd41344,,惯用语
熻熻食两碗半。,①燴擒：闷声不响地；谐音双关指焖锅饭。②食：吃。,,"不声不响的人倒有真功夫。
",15eff81e-90ce-4383-b9dd-a683153d2efc,,惯用语
好𠲥亲家，呆𠲥冤家。,"①好𠲥：〈关系）好的时候。②呆𠲥：〈关系）坏了的时

候。",,原是亲密无间，陡然间反目成仇。,2f0a7e23-28b3-4e7c-b00b-a1dfdc9c4df7,,惯用语
摊𠲥无排，担𠲥无卖。,①𠲥：处所助词，本字“里”。②排：摆放（待售〉。 ,,罕见的东西。,0c2b7244-67f8-4035-8e2f-db9e4e00e9cb,,惯用语
大目𣍐看见灶。,①大目：睁大眼睛。②脍看见：看不见。,,摆在眼前的东西也看不见。,4fdb4040-7830-4eaf-af85-35d5818baacc,,惯用语
无地会起厝，无米会做斋。,①会：〈竟然）能够。②起厝：盖房子。③斋：懦米制 作的甜馅饼。俗写加“米”字旁。,,搭空中楼阁，无根据的设想。,6515bda1-e4dd-4d1a-9f66-6d8169223e91,,惯用语
诸话会讲，屎尿𣍐喊。,①诸话会讲：〈幼儿）什么话都会说。②𣍐喊：不会告 诉（大人〉。喊：〈借用字〉告诉。,,"喻】看似聪明能干，却缺乏最基本的、真正需要的能力。
",c054aec7-aff1-4e27-967c-5450e0f27d4b,,惯用语
水𠲥讲蜀身汗。,①水𠲥：〈泡在）水里。处所助词，本字“里”。@蜀身:一身。,,"泡在水里还累出一身汗，夸张形容费尽口舌。
",3504b6f8-eefd-4211-8219-10b56d730727,,惯用语
长长冥，十八更。,①冥：夜。《广韵》：“幽也，暗也，莫经切。”②十八更: 夸张说夜长。,,还有的是时间，不必着急。,b14afd46-9bac-42f0-9bf0-f2f5a96938e9,,惯用语
闲柴烧滚汤。,①闲柴：多余的柴火。②滚汤：开水，此处指已经烧开 了的水。,,无益的消耗。,c7a85e58-668b-474c-becd-cafb99c0337f,,惯用语
红衫颂半爿。,①红衫：旧例死刑犯押往刑场时身着红衫。②颂：穿。 ③半另：半边。,,冒杀头之险。,cbefa99b-0279-4bf2-b19b-c9a519f71e45,,惯用语
连江鸡筑胲。,"①连江：连江县，福州的东北方向。②筑胲：往待售活 鸡的嗉囊里填塞异物，这是鸡贩子的惯用欺诈手法。筑：添塞。胲：〈方言俗字〉禽类的嗉囊。
",,挑动别人干蠢事。,9647b392-27bf-4281-b1b4-71ec04c2d59b,,惯用语
会惊泄尿伓去睏。,①会惊：害怕。会：助动词。②泄尿：尿床。③伓去: 不去。④睏：睡觉。,,因噎废食。,d04f6ab8-5570-46cf-9799-f6112d78e9cc,,惯用语
买炮仗，别侬放。,"①炮仗：鞭炮。②别侬：别人。
","替别人花钱。

陳】鞭炮声响众人听，花钱买鞭炮无非是图自己燃放的乐 趣。
",,71a63fe3-8987-4c2f-8add-5a243805e585,,惯用语
关门拍逷锁，搬厝拍逷姆。,"①拍逷：丢失。@搬厝：搬家。③姆：老婆。
",,"瞎忙半天，却去失了最重要的东西。
",ad19b462-981b-462e-b509-3e81628cc2a4,,惯用语
耳聋会听见鸭母叫更。,"①鸭母：母鸭。②叫更：〔公鸡）打鸣。
",,因没听清楚，产生了误会。,208340e6-1d21-4b1b-a009-3f64bb732de7,,惯用语
做岁无月。,"①做岁：过除夕夜。②无月：〈农历三十夜）没有月亮。
",,美中不足。,e83e28a8-7458-46ac-ad06-be96d19f4bfb,,惯用语
茉莉花赶头水。,"赶头水：赶在第一批（采摘上市〉。
",采莉花要趁含苞待放时采摘，稍迟花开，香气尽释，就 不值钱了。,赶前不赶后。,14afa730-1372-4889-90c8-b84c7d3a3d90,,惯用语
水流破布。,,,"走走停停，随其自然，没有时间观念。
",3842e79b-9183-49e7-938d-dfb68ba83723,,惯用语
皇帝嘴，乞食身。,"乞食：乞丐。
",,"家境贫穷，衣裳褴褛，但对吃喝却挺讲究。
",4020631a-e62e-43a4-b530-e17c818ea2a6,,惯用语
皇帝牛食麦。,,,不着边际的胡侃。,d1fcff3e-75b6-41a7-8b59-eacc81dd1276,,惯用语
是事伓做，做事伓是。,①是事伓做：正经的事情不干。②做事伓是：所干的事 情全不对。,,,dd5375f6-a117-4b51-a695-9a0369ed448b,,惯用语
做好无赏，拍破着赔。,①做好无赏：做好了也得不到奖赏。②拍破：弄砸了。 ③着：要，必须。,,吃力不讨好的事情。,598d6ae5-602d-4784-98ea-f4028a0fcb3a,,惯用语
两耳鼎羁草鞋鼻。,①两耳鼎：双耳铁锅。②羁：系。③草鞋鼻：草鞋前端 翘起的部分，这里代指草鞋。,,穷人的可怜家当。,6f7a93d4-3a53-4f6a-86d0-882a75910705,,惯用语
房桶镜箱灯，草鞋包袱伞。,"①房桶：马桶。②镜箱：妇女的梳妆箱。
","陳】居家旅行最基本的生活用品，平常无奇的东西。
",,21bf7c32-b81e-4222-b376-6b111df3fc93,,惯用语
草蜢撩鸡角——讨死。,①草猛：蚂蚱。②撩：挑逗。③鸡角：公鸡。④讨死: 找死。,,,e48e1fbf-2ca6-4774-b0cb-63b51fad5653,135,"歇后语,谐喻类"
猴戴帽——𣍐像侬形。,"脍像侬形：不像个人样。侬：人。
",,,d1995530-3400-44a2-88e5-00d37a3699f8,135,"歇后语,谐喻类"
毛毛鸡——假大格。,"①毛毛鸡：一种羽毛膨松的鸡。②大格：大个子。
",,,ac0f1a87-e9ee-4ea3-aed3-d4eb109138e0,136,"歇后语,谐喻类"
丁香蚵——罔大罔𣍐值钱。,"①丁香蚵：一种状如火柴梗的小鱼干，以细小者为贵。 蚵：本字“荛”。《广韵》：“菴，干鱼，苦浩切。”②罔…… 罔……：越……越……。③絵值钱：不值钱。
",,,ac49cbc7-8a18-47b9-92d1-6d872098ddc1,136,"歇后语,谐喻类"
��囝食姜母——有食都是好。,①歇囝：傻瓜。②姜母：生姜。③有食都是好：吃什么 都好。,,,adfab49f-9a8c-4951-a83d-cd3024926aea,136,"歇后语,谐喻类"
贼去关门——恰迟。,①去：离去。②恰：太。,,,89763181-959f-41c6-ba40-5d9b8513fb02,136,"歇后语,谐喻类"
绱鞋卖水䖳——汝急伊𣍐急。,①水姹：新鲜的海蛰。②汝：你。③伊：他。④脍急: 不着急。,绱鞋者终日坐着不紧不慢地干活，而卖鲜海蛰的扳子急 于求售要四处游走，因为待售的鲜海蛰在不停地化水收縮， 分量越来越轻。,,99499b50-3501-456b-ab0e-68a958023eab,136,"歇后语,谐喻类"
白面厝，挂灯笼——固做真光鲜。,①白面盾：娼寮。白面：娼妓。盾：家，房子。②固做: 还显得。③真：很。④光鲜：光彩漂亮。,旧社会的娼寮门前挂红灯笔。,,7a989fa2-3576-4ec4-84e3-01de607e2a63,137,"歇后语,谐喻类"
道士收花彩一一偌夥都会使。,①花彩：小费。②偌夥：多少。③会使：可以。,,,a9173b6d-c359-4a1a-9b2d-0159f5935ace,137,"歇后语,谐喻类"
鸡母扒粪扫——无事讨事做。,①鸡母：母鸡。②粪扫：垃圾。③讨：找。,,,2cb13d6d-d8a3-44d8-b9fa-27ba887cb478,137,"歇后语,谐喻类"
孤老院——有裡无出。,①孤老：麻疯病。②裡：进。,,亲友往来中只收礼、不送礼的人。,d7537bcc-e5db-45b2-8f80-985c701e61a9,137,"歇后语,谐喻类"
六月天出门带棉袄——老客。,①六月天：指盛夏。②老客：富有旅行经验者。,,有备无患。,f64f97b6-c525-4030-9e27-796ec779ede2,138,"歇后语,谐喻类"
黄瓜鱼放春籽——蜀代不如蜀代。,①黄瓜鱼：大黄鱼。②放：指“放籽”，即产子。③春 籽：即小黄鱼，状如黄鱼而较小，口味远逊于大黄鱼。④蜀 代：一代。,俗或以为“春籽”是大黄鱼所产的幼鱼，故有此说。,,eb3d59b3-ea0d-44dd-b89b-f74c22b71d07,138,"歇后语,谐喻类"
火烧厝好看——受怪东家。,①火烧厝：火烧房子，失火6②受怪：可怜。“怪”的 本字可能是“过”。③东家：指事主。,"辟】有了电视之后，还可以欣赏许多更精彩的场景：火车出 轨、飞机爆炸、大楼坍塌、波黑炮火、肯尼亚饥荒……
",,102dfcfa-eef0-4554-8539-66beadcd3caa,138,"歇后语,谐喻类"
乞食养画眉——死𣍐八倒。,"①乞食：乞丐。②死脍八倒：死了也不晓得该倒下。意 思是已落到如此糟糕境地还学公子哥儿玩鸟摆谱。
",,,d04d5e84-230a-47c8-b3cf-37d859ea9e7c,139,"歇后语,谐喻类"
曲蹄颂靴——颟掰。,①曲蹄：旧称水居的船民。②颂：穿。③颟掰：指身体 受到束缚而行动不便的难受感觉。,"旧社会船民备受歧视，有不得参加科举考试、不得在陆 地上建房、上岸行走不得穿峩等歧视性规约。
",,4c2ebfa7-2006-4e68-87ed-fc80ed6ca72a,139,"歇后语,谐喻类"
无牙食豆腐——正正好。,①牙：牙齿；字音为“牙齿”二字的合音。②食：吃。 ③正正好：正合适。,,,26881090-781c-44bb-974f-1a9e94dd586d,139,"歇后语,谐喻类"
招姐做新妇——懵懵眩。,①招姐：福州民间故事中的喜剧型人物。②做新妇：出 嫁，当新娘。③懵懵眩：慌张忙乱。,,,fcc611b7-4bd5-4bf5-94fd-7a1e6d83e2e2,139,"歇后语,谐喻类"
重重炮将军——铁无解。,①重重炮：象棋的“重炮”残局。②铁无解：铁定没有 解救之招。,,,47156f68-b377-4af4-9a28-b4f10af1a7ab,140,"歇后语,谐喻类"
贱骨头——无拍𣍐加流。,"①贱骨头：儿童玩的陀螺。②无……絵……：不……不

……。③拍：打。④加流〈音〉：滚动，转动。",,,d3ad3056-5805-4c2e-92e0-082ee4bbfb85,140,"歇后语,谐喻类"
小侬囝做媒侬——自身难保。,①小侬囝：处女。②媒侬：媒人。,,,cd9253a6-b5c3-4b76-8163-10b140cf2271,140,"歇后语,谐喻类"
乞食婆走反——跟𠲥染染嘈。,①乞食婆：女丐。②走反：逃避战乱。③吼：动态助词； 着。④染染嘈：凑热闹。染：〈白读音〉混杂。嘈：〈白读 音〉嘈杂。,,,b827add3-2ba8-44fa-8f6f-214d39ebd40b,140,"歇后语,谐喻类"
伓使伴房妈会上轿——无师假师。,①怀使：不用。②伴房妈：职业性的婚礼伴娘，多为中 年妇女，能说会道，熟悉各种繁文缛节。③上轿：上花轿。 ④无师假师：不懂装懂。师：〈白读音〉精通，俗或写作司』。,,,4833a737-f6a2-441d-9997-f799d422784b,140,"歇后语,谐喻类"
有钱买饼当街咬——排场。,排场：向他人炫耀。,,,4d857388-69ae-410b-bdcf-b27aa6474155,141,"歇后语,谐喻类"
食信老鼠——七处跃。,①信：火药。②七处：到处。③跃：〈白读音〉奔跑跳 跃。,,,bfc6275f-fe7b-4f27-8396-f452159890c3,141,"歇后语,谐喻类"
蒲蝇鼻，乞食耳——野真。,①蒲蝇：苍蝇。②乞食：乞丐。③野：很。④真：感觉 灵敏，判断准确。,苍绳靠灵敏的嗅觉迅速发现食物；乞丐特别留心关于婚 丧喜庆的消息，以便及时上门乞讨。,,d6aaa904-6111-4003-be9e-0a28027b1bb5,141,"歇后语,谐喻类"
瓮𠲥摊拳头——舞𣍐开。,"①瓮吼：坛子里。吼：处所助词，本字“里”。②摊：打 (拳〉。③拳头：武术。④舞脍开：施展不开。
",,,124ee6ec-00bd-4f52-ac5c-b4c689c7df98,141,"歇后语,谐喻类"
建宁府鸡叫——洽迟。,"①建宁府：今闽北地区，包括建瓯、建阳、武夷山、浦 城等市县。俗以为闽北山高日出迟。②洽：程度副词；太。
",,,cc60e5a7-fc71-4646-ad20-968e015d8d13,142,"歇后语,谐喻类"
眚盲讨姆——俪八大。,①眚盲：瞎子。②讨姆：娶妻，此处指择偶。③俪八: 只晓得，只要。偭：〈借用字〉只，仅。八：晓得，知道。,,,bfa8db2a-450f-45ad-9e2e-c2f0dc728c98,142,"歇后语,谐喻类"
蜀把米摔壁——无蜀粒夹粒。,"①蜀：一。②摔壁：摔向墙壁。③无蜀粒夹粒：没有一 点儿关系。“夹粒”的字面意思是粘在墙上的米粒，同音词 指“关系”，本字不明。

鼓楼前光饼^偭做吼面。",,,cbba85a1-032a-41af-a06d-6eddc0196abb,142,"歇后语,双关类"
鼓楼前光饼——俪做𠲥面。,①鼓楼前：福州地名，附近有多家卖光饼的传统老店。 ②光饼：一种烘烤的面饼，面上烤得焦黄，中心有一脐状小 孔，传说是戚继光发明的军队干粮，士兵可用细绳穿饼挎在 身上行军打仗，所以称“光饼”。③偭做吼面：只做得面上 好看。偭：〈借用字〉范围副词；只，仅。吼：动态助词；了。 面：双关指“面子”。,,,9ebe00b3-e5c9-4200-ad65-916fa603ed34,142,"歇后语,双关类"
虾米食蜀腹——固𠲥畏羞（须）。,①食蜀腹：吃了一肚子。②固吼：还，还在。③畏羞: 怕羞。④须：触须；与“羞”字白读音相同。,,,b8bc6d02-fba0-4db2-b238-fb82bcec4c23,143,"歇后语,双关类"
芋瓠拍犬——固差蜀长。,①芋瓠：瓤瓜的一种，长条状。②拍犬：打狗。③固： 还。④蜀长：一段。,,,cea150c2-a93f-48de-81e5-888f92269768,143,"歇后语,双关类"
下渡尾迎神——好看在后。,①下渡尾：福州地名，在今仓山区。②迎神：福州旧俗， 每年在一定的日子抬着神像巡游，极盛时游行队伍可绵延 数里。③好看在后：好看的还在后头。,,,d799da50-898e-459f-a3a9-91847b7907f3,143,"歇后语,双关类"
��骹师公——坐𠲥做法。,①塀骹：歧足。②师公：道士。③坐吼：坐着。吼：动 态助词；着。④做法：施法术。,,自己坐着不动，支使别人做这做那。,19da90a2-0ea6-43a0-b61b-245180b0eff8,144,"歇后语,双关类"
眠床下踢毽——平平悬。,①眠床：床。②平平：一样，同样。③悬：高；俗写同 音字“咸”。,,谁也不比谁强。,10f03227-1727-4608-9a3b-e1eb0667dda5,144,"歇后语,双关类"
隔冥蟟——开嘴就臭。,①隔冥燎：隔夜的不新鲜的蚬子。燎：生活在淡水中的 蚬子。②开嘴：〔贝类）张开壳，双关指开口（说话〉。③臭: 双关指“臭话”，即脏话。,,脏话不离口。,7bd39e66-4a79-4b9b-9d4c-7c638f58eb25,144,"歇后语,双关类"
十八钱尿壶——俪买𠲥嘴。,①十八钱：十八个铜板。②俪：只。③吼：动态助词；了。④嘴：尿壶口，双关指嘴巴。 ,,能言善辩而别无他长的人物。,79604b4e-09ec-47d7-8f7e-9ce92a91dc8d,144,"歇后语,双关类"
鼎边糊——蜀汶就熟。,"①鼎边糊：一种福州小吃，如北方的“片儿汤”，以米 浆制作。用大铁锅煮半锅汤，再以稠米浆在锅壁的上半部摊 成片状，即铲入汤汁中。鼎：铁锅。②蜀：一。③汶〈音〉： 制作“鼎边糊”时摊米浆的动作手势一一迅速地沿锅壁转一 圈；双关指短暂的交际接触。
",,善于交际，与人一见面就熟的人。,dbadcf9e-1101-454f-8300-b45ea57243af,145,"歇后语,双关类"
青螯伓食——食碰（蚌）。,①青螯：蛤蜊。②怀食：不吃。③食碰：碰钉子。 “碰”与“蚌”同音。,,自讨没趣。,bd365e30-387d-44f4-a769-f696929ef1a5,145,"歇后语,双关类"
夫人奶抽签——觕着𣍐圣（卖线）。,①夫人奶：即“临水夫人陈靖姑”，福州及闽东一带民 间信仰的女神，旧福州有其庙宇多处，庙内有抽签问卜等活 动。②梢着：碰到。梢：〈方言俗字〉遇，碰。③脍圣：不 灵验。④卖线：指吆喝卖线的小贩。“卖线”与“脍圣”同 音。,,,5171506b-3d74-4599-8b65-7e8617553203,145,"歇后语,双关类"
稀稀粥掺滚汤——亲（清）𠲥加亲（清）。,"①稀稀粥：很稀的粥。②滚汤：开水。③亲吼加亲：亲 上加亲。吼：处所助词。④清吼加清：〈稀薄的粥）变得更 稀了。清：〈粥）稀薄。“清”与“亲”同音。
",,,e6732334-f97e-402d-bb02-f7e98ea70871,146,"歇后语,双关类"
太子登基——大泻（赦）天下。,①大泻天下：拉肚子拉得很厉害。②赦：“赦”与 “泻，，同音。,,,61a9abee-43df-4c64-acff-b1faaff2f608,146,"歇后语,双关类"
