序号,谚语,原谚,拼音,注释,释义,附记,市县,大类,小类,页码,录入者,录入时间,校对者,校对时间
0001,月光处处光，异国思故乡。,,,,,,福州市,时政类,祖国、家乡,2,子善,2019-11-22,关彳山,2021-08-15
0002,"有土{才,乍}有花，有国{才,乍}有家。",,,,,,福州市,时政类,祖国、家乡,2,子善,2019-11-22,关彳山,2021-08-15
0003,"七{蹓,遛}八{蹓,遛}，{不如,无拆}福州。",,,,出外走了许多地方，还是福州好。表明闽籍华侨眷恋故乡之情的深厚。,,福州市,时政类,祖国、家乡,2,子善,2019-11-22,关彳山,2021-08-15
0004,彩云追月，游子想奶①。,,"奶，福州话，读{lei,ne33}。",①想母亲。,,,福州市,时政类,祖国、家乡,2,子善,2019-11-22,关彳山,2021-08-15
0005,久居异地必思祖，人到花甲恋故土。,,,,,,福州市,时政类,祖国、家乡,2,子善,2019-11-22,关彳山,2021-08-15
0006,"齐困①{一,蜀}床帐，台湾属福建②。",,,①同睡一起。②历史上台湾是一个府，隶属福建省管辖。,,,福州市,时政类,祖国、家乡,2,子善,2019-11-22,关彳山,2021-08-15
0007,本山牛食本山草。,,,,,,福州市,时政类,祖国、家乡,2,子善,2019-11-22,关彳山,2021-08-15
0008,铁打延平府，纸褙①福州城。,,"褙，福州话，读{bǔi,bui213}。",①纸糊的。,,延平即今天的福建南平市。从地貌上说，延平居闽江上游，山高水险入侵者不易攻取.抗日时期福州两度沦陷，南平均巍然不动，历史往上溯，更是交通闭塞，延平当然更为固若金汤，福州居闽江下游，又是面临海口，同时又是兵家必争之地，地势上无险可守，易为入侵者所攻取。〔纸褙福州城一打就破，铁打延平府固若金汤〕“纸褙福州城”另一解释：由于旧时代福州建筑物百分之八十是土木结构，经不起火灾，一烧就是几十成百间的一大片。如今福州新建筑群均是钢骨水泥，不怕火灾，纸褙福州城成为过去的历史。现代化战争不存在前方后方。铁打延平府，也不能再夸口了，这条谚语有着极为明显的时代标志。,福州市,时政类,祖国、家乡,2,子善,2019-11-22,关彳山,2021-08-15
0009,"本乡鸟啄本地虫，本乡人{吃,食}本乡水。",,,,,,福州市,时政类,祖国、家乡,2-3,子善,2019-11-22,关彳山,2021-08-15
0010,台湾兵假勇。,,,,台湾处亚热带的海洋性气候，穿着多以单薄凉爽夏衣为主。台湾兵制服均以短袖短裤。闽人谓不怕冷者皆以此谚对之。以此表明台闽关系之深。,,鼓楼区,时政类,祖国、家乡,3,子善,2019-11-22,关彳山,2021-08-15
0011,"台湾钱，台湾{用,使}。",,,,清代初闽省置台湾为府，福州人多滞留台地谋生，由于往返水路往返不便，只好将在台湾赚的钱用在台湾。此谚作证台湾在历史上与我省渊源之深。,,鼓楼区,时政类,祖国、家乡,3,子善,2019-11-22,关彳山,2021-08-15
0012,"牛头马面是娘奶，胭脂拍粉是别{人,侬}。",,,,父母长得再难看，还是自己的亲人。别人纵使涂脂抹粉赛美人，还是别人。由此引起人们深思：“祖国，你再穷，再不如人家，我们还是热爱至深的！”,,福州市,时政类,祖国、家乡,3,子善,2019-11-22,关彳山,2021-08-15
0013,金同安，银漳浦。,,,,闽南同安与漳浦县份，都是产粮区，较他地富饶。,,,时政类,祖国、家乡,3,子善,2019-11-22,关彳山,2021-08-15
0014,三坊七巷出乡绅。,,,,旧时，福州士宦之家，多聚居在城内南后街的三坊七巷内。南后街西侧的衣锦坊、文儒坊、光禄坊称三巷；东侧的杨桥巷、朗官巷、塔巷、黄巷、安民巷、吉庇巷称七巷。,,鼓楼区,时政类,祖国、家乡,3-4,子善,2019-11-22,关彳山,2021-08-15
0015,福州八卦地。,,,,,,鼓楼区,时政类,祖国、家乡,4,子善,2019-11-22,关彳山,2021-08-15
0016,走马仓前看走马，番船浦前泊番船。,,,,五口通商后，福州仓前山沦为“租界”，山上辟有跑马场（今市体育馆地址），供洋人赛马游乐之用。仓山临江泛船浦地界，原名番船浦，当时乃洋船集泊港，因而有此谚。,,鼓楼区,时政类,祖国、家乡,4,子善,2019-11-22,关彳山,2021-08-15
0017,"陈林{一,蜀}大半，黄郑满街摆。",,,,陈林两大姓，占去旧福州人口一半。黄郑二姓到处都是。这四姓很早就从中原迁居福州。,,鼓楼区,时政类,祖国、家乡,4,子善,2019-11-22,关彳山,2021-08-15
0018,余府三缸金，长池十八癞。,,,,余府巷与长池巷均福州西门的巷名，而且两巷相邻。宋朝一个宰相姓余的就住在今余府巷内，家有三缸金，为福州巨富。而长池巷却是贫民窟，生活条件差，多生癞，故有此谚。,,鼓楼区,时政类,祖国、家乡,4,子善,2019-11-22,关彳山,2021-08-15
0019,"{背,𩩍}后{狗,犬}，咬死{人,侬}。",,,,“背后狗”即不大肆声张而躲在一旁的狗，它的偷袭，可以致人死地，不可掉以轻心。讽喻：对施放暗箭的歹类，要有充分的警惕性。,,福州市,时政类,阶级、敌我,4-5,子善,2019-11-22,关彳山,2021-08-15
0020,"回头鼠，咬死{人,侬}。",,,,俗有“老鼠过街人人喊打”，已见老鼠的末日。此谚却因而训诫人们：仓皇逃跑的老鼠，它的反噬所带给我们的病菌，可以致人死地。讽喻：对丑类不要因其挨打而放松应有的警惕，招来不测之祸。,,福州市,时政类,阶级、敌我,5,子善,2019-11-22,关彳山,2021-08-15
0021,"门限{又,复}{高,悬}{狗,犬}{又,复}大。",,,,旧时权贵者住宅都是高门大限，深宅大院，一般都豢养有看门狗，一般平民百姓休想进去。与“未见严嵩先见严年”闽谚同义，并可作佐证。,,福州市,时政类,阶级、敌我,5,子善,2019-11-22,关彳山,2021-08-15
0022,蚂蜞吮血。,,,,喻高利贷者为吸血鬼。,,福州市,时政类,阶级、敌我,5,子善,2019-11-22,关彳山,2021-08-15
0023,夫人奶抽签，碰著“卖线”①。,,"卖线，福州话，念{mǎ xiǎng,me53 siang213}",①指菩萨不灵。“不灵”方言就是“卖线”，“卖”，不也。“线”，圣之方音。“卖线”，不灵验也。因谐音故谓之。,夫人奶乃福州地方神，相传说她很灵验，抽签问事必准。但也有人不很相信，跟着屁股说“卖线”（即不灵之意）。该谚表明当时社会虽然唯心主义占统治地位，却也有唯物主义抗争着。,,福州市,时政类,阶级、敌我,5,子善,2019-11-22,关彳山,2021-08-15
0024,龙虎相斗，虾鳖做灾。,,,,大人物互斗，必然殃及普通老百姓。,,福州市,时政类,阶级、敌我,5-6,子善,2019-11-22,关彳山,2021-08-15
0025,手插炭瓮。,,,,讥贪污的官吏，一手黑脏。,,鼓楼区,时政类,阶级、敌我,6,子善,2019-11-22,关彳山,2021-08-15
0026,犬食猪屎，尾症①。,,,①尾症：最后的病症。指末路，将死的症候。,连猪屎都吃的狗。说明它饿慌了，事迫无奈。,,福州市,时政类,阶级、敌我,6,子善,2019-11-22,关彳山,2021-08-15
0027,"羊死目未{克,䀫}①。",,"未䀫，福州话，读{mèi káik,mui53 kaik24}。",①不闭。,羊死，其目不闭。喻明智无济于事，犹尽力为之。与“死不甘心”同义。,,鼓楼区,时政类,阶级、敌我,6,子善,2019-11-22,关彳山,2021-08-15
0028,"扫帚也{要,着}过刀。",,,,相传清军入关，屠城，人死殆尽，见物也乱加砍杀。,,鼓楼区,时政类,阶级、敌我,6,子善,2019-11-22,关彳山,2021-08-15
0029,"斧头砍自{脚,骹}。",,,,与“搬起石头砸自己的脚”同义。,,鼓楼区,时政类,阶级、敌我,6,子善,2019-11-22,关彳山,2021-08-15
0030,"{吃,食}信①老鼠乱钻。",,"{吃,食}信，福州话，念{xiè xìn,sieh21 seing213}。",①指砒霜毒物。,喻惊恐万状到处乱钻。,,鼓楼区,时政类,阶级、敌我,6,子善,2019-11-22,关彳山,2021-08-15
0031,政策政策，时时刻刻。,,,,讽刺政策多变。,,福州市,时政类,政策,7,子善,2019-11-22,关彳山,2021-08-15
0032,人心如铁，官法如炉。,,,,,,鼓楼区,时政类,政策,7,子善,2019-11-22,关彳山,2021-08-15
0033,"衙门有大{小,嫩}，法度总一般。",,,,国家法律不因衙门大小而不同，在我国封建社会所鼓吹的在法律面前人人平等。如“王子犯法与百姓同”。这是迷人的欺骗性。不然孔夫子提倡的“刑不上大夫”怎么解释？,,鼓楼区,时政类,政策,7,子善,2019-11-22,关彳山,2021-08-15
0034,"宁可绝嗣，不可玩{遇,誉}①。",,"玩{遇,誉}，福州话，读{wàng yù,nguang53 ngeoy242}。",①生子不肖做出意料之外的不体面事。,,,福州市,时政类,时事事态,7,子善,2019-11-22,关彳山,2021-08-15
0035,"{一,蜀}条香插三{个,只}炉。",,,,一个男孩，要做三家的继承人。讽刺重男轻女畸形事态。,,福州市,时政类,时事事态,7,子善,2019-11-22,关彳山,2021-08-15
0036,"养{仔,囝}学做戏，不如{没,无}出世。",,,,旧社会艺人没地位，生活又没保障，所以人人贱视这个职业，生下孩子千万不要学演戏。今反之，艺人广受人们尊重。,,福州市,时政类,时事事态,7-8,子善,2019-11-22,关彳山,2021-08-15
0037,"龙眼核看{人,侬}{代,逮}①。",,"{代,逮}，福州话，读{dǎi,dai242}。",扔。,龙眼核扔人看贫富，势利鬼嘴脸。福州多产龙眼，过去季节到了街旁路上都是人们吃剩的龙眼核。,,福州市,时政类,时事事态,8,子善,2019-11-22,关彳山,2021-08-15
0038,"迎亲长长阵，拜堂{只,㑚}两{人,侬}。",,,,,,福州市,时政类,时事事态,8,子善,2019-11-22,关彳山,2021-08-15
0039,"穷人{卖吃,儥食}①四两肉。",,"{卖,儥}，福州话，读{mǎ,ma242}",①不能够吃。,穷人吃了四两肉，就会引起人们怀疑钱的来路。,,福州市,时政类,时事事态,8,子善,2019-11-22,关彳山,2021-08-15
0040,"{一,蜀}回做贼百回疑。",,,,,,福州市,时政类,时事事态,8,子善,2019-11-22,关彳山,2021-08-15
0041,"{一,蜀}时韭菜{一,蜀}时葱。",,,,韭菜与葱系闽地常青蔬菜。但是它不能当主菜，均为配料之用。因此，表明善于随机应变之意。,,福州市,时政类,时事事态,8,子善,2019-11-22,关彳山,2021-08-15
0042,"{一,蜀}样米，{吃,食}百样{人,侬}。",,,,一种米，养活的是各种各样的人，善恶愚聪各不相同，喻人类的复杂性。,,福州市,时政类,时事事态,8,子善,2019-11-22,关彳山,2021-08-15
0043,"{一,蜀}代富，扎袖卷裤；二代富，长衫马裤；三代富，有裙{没,无}裤。",,,,"扎起袖子，卷起裤管劳动的人就能使一代人致富。第二代继承父辈财产的便懂得长衫马裤的享受。到了第三代多导致倾家荡产有裙{没,无}裤。“有群{没,无}裤”在闽形容破落户的丑态。此谚说明好逸恶劳者，不管你怎么富也富不过三代。",,福州市,时政类,时事世态,8-9,"子善, Loser & Humberger",2019-11-22,关彳山,2021-08-15
0044,"下界爷①爬{不,儥}上横案桌。",,,①迷信中的菩萨神明，有上界下界之分。上界是玉帝星君天兵天将之类，下界系阎王土地阴魂冥鬼等等。,闽俗下界神明不上供案的，只能在地上吃香火。喻下等人捧不上桌面的。,,福州市,时政类,时事世态,9,"子善, Loser & Humberger",2019-11-22,关彳山,2021-08-15
0045,一不做媒，二不做保。,,,,做媒和为人家担保，责任大，闲话也多，明哲保身者不干此事。,,福州市,时政类,时事世态,9,"子善, Loser & Humberger",2019-11-22,关彳山,2021-08-15
0046,"手中{没,无}把米，{叫,告}鸡鸡{不,儥}来。",,,,比喻不给人好处，就不能叫得人来。,,福州市,时政类,时事世态,9,"子善, Loser & Humberger",2019-11-22,关彳山,2021-08-15
0047,一人得道，鸡犬升天。,,,,,"汉{，,·}王充《论衡·道虚》一书记载：淮南王刘安修道炼丹，吃了仙丹成仙，余下丹药为他家鸡犬吃了也随他升天得道。此谚喻人世间的裙带风之盛由来已久。",福州市,时政类,时事世态,9,"子善, Loser & Humberger",2019-11-22,关彳山,2021-08-15
0048,年难过，难过年。年年难过，年年过。,,,,,,福州市,时政类,时事世态,9,"子善, Loser & Humberger",2019-11-22,关彳山,2021-08-15
0049,"牛{不,儥}{知,仈}角弯，马{不,儥}{知,仈}角长。",,,,自己不知道自己的短处。,,福州市,时政类,时事世态,9,"子善, Loser & Humberger",2019-11-22,关彳山,2021-08-15
0050,凤凰落地不如鸡。,,,,比喻有权势的人，一旦失去权势，还不如一般人。,,福州市,时政类,时事世态,9-10,"子善, Loser & Humberger",2019-11-22,关彳山,2021-08-15
0051,无林不开榜。,,,,旧时福州林姓素享望族，历代科举人才最盛，几乎科科都有福州林。,,鼓楼区,时政类,时事世态,10,Loser & Humberger ,2019-12-09,关彳山,2021-08-15
0052,无福不成衙。,,,,谓旧时台湾的大小官衙，都有福州人任职。以此说明闽台关系由来已久。,,鼓楼区,时政类,时事世态,10,Loser & Humberger ,2019-12-09,关彳山,2021-08-15
0053,跟人比，气半死。,,,,,,福州市,时政类,时事世态,10,Loser & Humberger ,2019-12-09,关彳山,2021-08-15
0054,船欹①众人踏。,,"欹：方言，读{kī,ki55}。",歪斜一边。,船歪斜一边众人也踏倒在这一边。讥有些势利人南风南斜，北风北斜的可耻行为。,,鼓楼区,时政类,时事世态,10,Loser & Humberger ,2019-12-09,关彳山,2021-08-15
0055,江心这么大，船头会相碰。,,,,,,福州市,时政类,时事世态,10,Loser & Humberger ,2019-12-09,关彳山,2021-08-15
0056,打狗欺主人。,,,,,,鼓楼区,时政类,时事世态,10,Loser & Humberger ,2019-12-09,关彳山,2021-08-15
0057,府里又误县里又误。,,,,,,鼓楼区,时政类,时事世态,10,Loser & Humberger ,2019-12-09,关彳山,2021-08-15
0058,又浅又泼渍。,,,,“泼渍”福州方言，指泼落之意。本来东西不多，而又受意外损耗，喻人遭遇不测。,,福州市,时政类,时事世态,10,Loser & Humberger ,2019-12-09,,
0059,又穷又出鬼。,,,,谓遭遇坎坷，与祸不单行同义。,,福州市,时政类,时事世态,10,Loser & Humberger ,2019-12-09,,
0060,钱财不可露眼。,,,,,,,时政类,时事世态,11,Loser & Humberger ,2019-12-09,,
0061,奶奶死钦钦橐橐，老爹死寂寂寞寞。,,,,“钦钦橐橐”做法事的乐器之声。谓当官的妻死，有人巴结，为她治丧，热闹一场。而到了官老爷本人死了，失其权势，就美人理睬，冷冷清清。,,鼓楼区,时政类,时事世态,11,Loser & Humberger ,2019-12-09,,
0062,生不带来，死不带去。,,,,钱财身外物，给为富不仁者一记耳光。,,,时政类,时事世态,11,Loser & Humberger ,2019-12-09,,
0063,城里人怕吃，乡下人怕捏。,,捏，方言，念liē,,旧时，城里人也不富裕，所以很怕客人来吃饭。过去农村人非常怕事、诞下，因而非常怕官府来抓人。国民党统治时期抓壮丁，年轻农民一闻讯都躲到山上森林中区，由于封建思想束缚，不敢公开反抗，只好消极躲避。此谚再现了当时城乡人民生活面貌。,,福州市,时政类,时事世态,11,Loser & Humberger ,2019-12-09,,
0064,先留人情，以后好相见。,,,,,,福州市,时政类,时事世态,11,Loser & Humberger ,2019-12-09,,
0065,亲戚姜姆汤。,,,,亲戚之间利害冲突，同样关系也会紧张起来的，好像姜姆一样辛辣无情。,,鼓楼区,时政类,时事世态,11,Loser & Humberger ,2019-12-09,,
0066,黄瓜鱼放春子，一代不如一代，,,,,,,鼓楼区,时政类,时事世态,11,Loser & Humberger ,2019-12-09,,
0067,"犬{仔,囝}抱过门限也要钱。",,,,讥苛捐杂税。,,鼓楼区,时政类,时事世态,11,Loser & Humberger ,2019-12-09,,
0068,犬吠褴褛人。,,,,讥势利之徒。,,鼓楼区,时政类,时事世态,11-12,Loser & Humberger ,2019-12-09,,
0069,犬藉老虎威。,,,,,,鼓楼区,时政类,时事世态,12,Loser & Humberger ,2019-12-09,,
0070,长乐济，有阔无长。,,,,苧麻所织的夏布谓之“济”，闽地产于长乐县。布幅宽阔，而每匹的尺度较强，故“有阔无长”之谚语。此谚也借讽刺有权势的人虽然今天阔了，终于不得久长。,,鼓楼区,时政类,时事世态,12,Loser & Humberger ,2019-12-09,,
0071,先生管斋不管街。,,,,旧时老师只管课堂，不管在路途中的行为。现在的老师什么都官。说明老师责任之大。,,鼓楼区,时政类,时事世态,12,Loser & Humberger ,2019-12-09,,
0072,刘伯温寻无主。,,,,元末刘伯温，饱学多才，欲择主而事，长期无所从。后遇朱元璋，配合起义，做了一番事业。喻觅主艰难。,,鼓楼区,时政类,时事世态,12,Loser & Humberger ,2019-12-09,,
0073,未见严嵩，先见严年。,,,,明嘉靖宰相严嵩专横，看门奴严年把门纳贿，大发横财。喻官吏贪赃枉法，其手下役吏（今谓经办人）尤为凶恶。,,鼓楼区,时政类,时事世态,12,Loser & Humberger ,2019-12-09,,
0074,文官把笔安天下，武将持刀定太平。,,,,,,鼓楼区,时政类,时事世态,12,Loser & Humberger ,2019-12-09,,
0075,大王补库，弟子出钱。,,,,旧时，福州美国街道谓之“境”，每境均供有地方神大王爷。大王一掌冥财，二庇平安。时不时举行“大王补库”仪式，以冥钱火化补充大王爷所掌管的库银。此笔开支均由当地信男善女出资募捐。,,鼓楼区,时政类,时事世态,12-13,Loser & Humberger ,2019-12-09,,
0076,同行三分仇，隔行如隔山。,,,,,,福州市,时政类,时事世态,13,Loser & Humberger ,2019-12-09,,
0077,人随王法草随风。,,,,喻法制健全可使人民顺服，好比野草随风倒伏一样道理。,,鼓楼区,时政类,时事世态,13,Loser & Humberger ,2019-12-09,,
0078,先留人情，日后好相见。,,,,,,鼓楼区,时政类,时事世态,13,Loser & Humberger ,2019-12-09,,
0079,人情似张张薄，世事如棋局局新。,,,,叹息旧社会人情淡泊，世事无常。,,鼓楼区,时政类,时事世态,13,Loser & Humberger ,2019-12-09,,
0080,富人过年欢喜欢，穷人过年爬刀山。,,,,,,鼓楼区,时政类,时事世态,13,Loser & Humberger ,2019-12-09,,
0081,富贵如龙，贫穷似虎。,,,,,,鼓楼区,时政类,时事世态,13,Loser & Humberger ,2019-12-09,,
0082,理毫压倒英雄汉。,,,,,,鼓楼区,时政类,时事世态,13,Loser & Humberger ,2019-12-09,,
0083,举人无手，进士无脚。,,,,旧时以科举取士。省会地方考谓之乡试，中者为举人，中举后就有很多人帮手做事，无须劳碌，所以不用手。到京都考试谓会试、殿试，考取三名内为状元、榜眼、探花。三名后为进士。不仅不用手劳动，同时行则做轿骑马，两脚也不要动了。讥知识分子“饭来张口，衣来穿手”。,,鼓楼区,时政类,时事世态,13,Loser & Humberger ,2019-12-09,,
0084,老鼠会变牛。,,,,喻神通广大。,,鼓楼区,时政类,时事世态,13,Loser & Humberger ,2019-12-09,,
0085,老爹①讲错再讲起，百姓讲错打半死。,,,①指官老爷。,封建社会人与人之间旧时如此不平等,,鼓楼区,时政类,时事世态,13-14,Loser & Humberger ,2019-12-09,,
0086,有理无理，干证先死,,,,“干证”指证人。为人作证。多受累吃亏。明哲保身的观点反映。,,鼓楼区,时政类,时事世态,14,Loser & Humberger ,2019-12-09,,
0087,秀才管读书，屠户管宰猪。,,,,各行各业都有自己的业务专长，与“行行出状元”同义。,,鼓楼区,时政类,时事世态,14,Loser & Humberger ,2019-12-09,,
0088,有天没日天。,,,,讥旧社会黑暗。,,鼓楼区,时政类,时事世态,14,Loser & Humberger ,2019-12-09,,
0089,有状元学生，无状元先生。,,,,科举时代，中了状元，必做大官，谁也不会区当清苦的教书匠。,,鼓楼区,时政类,时事世态,14,Loser & Humberger ,2019-12-09,,
0090,有钱讲话响叮当，无钱讲话无人听。,,,,,,鼓楼区,时政类,时事世态,14,Loser & Humberger ,2019-12-09,,
0091,时衰鬼弄人。,,,,,,鼓楼区,时政类,时事世态,14,Loser & Humberger ,2019-12-09,,
0092,有势使势，无势讨势。,,,,处事要能屈能伸。,,鼓楼区,时政类,时事世态,14,Loser & Humberger ,2019-12-09,,
0093,穷居闹市无人问，富在深山有远亲。,,,,,,鼓楼区,时政类,时事世态,14,Loser & Humberger ,2019-12-09,,
0094,伴君如伴虎。,,,,伴皇帝，皇帝反复无常，随时都有危险。,,鼓楼区,时政类,时事世态,14,Loser & Humberger ,2019-12-09,,
0095,身在矮檐下，不得不低头。,,,,,,鼓楼区,时政类,时事世态,14,Loser & Humberger ,2019-12-09,,
0096,堂上交椅轮流坐。,,,,,,鼓楼区,时政类,时事世态,15,Loser & Humberger ,2019-12-09,,
0097,七科八进士，三代五尚书。,,,,,明朝正德年间，福州东郊林浦乡林翰一家七科中了八个进士，三代陆续除了五个尚书，官运亨通，甲于海内。,福州市,其它,,15,Loser & Humberger ,2019-12-09,,
0098,一世做官七世愆。,,,,旧时人民对做官者均不怀好感。做了一世官，积累下来的罪恶等于七世愆孽。多么概况的咀咒。,,福州市,其它,,15,Loser & Humberger ,2019-12-09,,
0099,眠床下赐毽子平平高。,,,,闽人儿童喜爱踢毽子运动。男孩踢的毽子是鸭毛编制的，底夹锡线增强弹性，踢起来丈余高，运动量较大。女孩子喜爱羊毛编制的扁毽，底铺铜线增加重量，运动量不大，踢姿优美，边哼毽谣边运动，《一手心，二手背》就是当时极为流行的谣曲。此谚喻人才受压抑。,,福州市,其它,,15,Loser & Humberger ,2019-12-09,,
0100,马蹄踏破御街水，举人出去状元回。,,,,明万历年间，我省闽侯县（今属福州市郊区）洪塘乡翁正春大魁天下，得中状元衣锦荣乡。当时洪塘流行此谚。,,福州市,其它,,15,Loser & Humberger ,2019-12-09,,
0101,马上也是人，马下也是人。,,,,“马上”指当官的，“马下”指百姓，两者都是人，所不同者一个有权，治人，一个无权，治于人。,,福州市,其它,,15-16,Loser & Humberger ,2019-12-09,,
0102,四眼开，状元来。,,,,清乾隆时，福州邓启元，赵晋，吴文焕，林枝春先后榜眼及第，到了道光年间，福州林鸿年中了状元，一个地方能连续出四个榜眼，一个状元，可谓人文繁庶，地灵人杰，十分体面。此谚流行于道光光绪年间之榕城。,,鼓楼区,其它,,16,Loser & Humberger ,2019-12-09,,
0103,越穷越慷慨，越富越奸宄①。,,奸宄，方言，读gān giǔ,,①吝啬,,福州市,事理类,真理、规律,18,溯朔,2019-12-09,,
0104,贻顺哥只留烛蒂。,,,,,传说清嘉庆年间，福州南台三保街有个名马贻顺丝线店老板，性格吝啬，到中年时方讨个年轻貌美的寡妇春香为妾，虽然说春香前夫行船失水而亡，但没有捞到尸体，死否无法证实。因而洞房花烛夜春香与之有约，如果日后前夫一旦生还，必须无条件让她回到前夫春生那里。婚后十载，果然春生生还，春香要贻顺践约，贻顺不放，告到地方官王绍兰判决。前夫后夫各说道理，争夺春香，王绍兰设计令春香假死。贻顺见尸认为无利可图，反赔了埋葬费，不合算，故而放弃领尸，王绍兰赐一红包让马贻顺离去，走到衙门口，春香活着与春生出来，贻顺见之大骇，打开红包一看，原来，留一截烛蒂，一个老婆只换一截烛蒂，悔之晚矣。“贻顺哥只留烛蒂”。挪输吝啬人只重钱财不重人的结果。,福州市,事理类,真理、规律,18,溯朔,2019-12-09,,
0105,话讲不算数，船过水没痕。,,,,,,福州市,事理类,真理、规律,18,溯朔,2019-12-09,,
0106,宁作太平犬，不作乱世人。,,,,,,福州市,事理类,真理、规律,18,溯朔,2019-12-09,,
0107,脱裙脱裤，做死不富。,,,,不从事正常劳动的人，一生富不起来的。,,福州市,事理类,真理、规律,18,溯朔,2019-12-09,,
0108,"好刀磨石不用水，好{仔,囝}讨亲不花钱。",,,,,,,事理类,真理、规律,19,溯朔,2019-12-09,,
0109,家无流浪子，官从何处来。,,,,,,福州市,事理类,真理、规律,19,溯朔,2019-12-09,,
0110,"好铁不打钉，好{仔,囝}不当兵。",,,,旧社会当兵无出路，新社会当兵光荣。“一人参军，全家光荣”成了新谚。,,福州市,事理类,真理、规律,19,溯朔,2019-12-09,,
0111,衣裳爱新人爱旧。,,,,喜新厌旧人之常情，“器唯求新”与此同义。,,福州市,事理类,真理、规律,19,溯朔,2019-12-09,,
0112,嘴舌和牙都会相碰。,,,,舌与牙亲密无间，然而有时也会发生矛盾的。说明矛盾之普遍性。,,福州市,事理类,真理、规律,19,溯朔,2019-12-09,,
0113,靴破底厚。,,,,,,鼓楼区,事理类,真理、规律,19,溯朔,2019-12-09,,
0114,有理无理，瞒不了乡里。,,,,,,鼓楼区,事理类,真理、规律,19,溯朔,2019-12-09,,
0115,佬虽佬①还抓一把豆。,,,①佬音漏，老也。,人虽老，但仍有其作用。,,鼓楼区,事理类,真理、规律,19,溯朔,2019-12-09,,
0116,有死罪，无饿罪。,,,,,,鼓楼区,事理类,真理、规律,19,溯朔,2019-12-09,,
0117,坐食山崩。,,,,,,鼓楼区,事理类,真理、规律,19,溯朔,2019-12-09,,
0118,手指难做门闩。,,,,,,鼓楼区,事理类,真理、规律,19,溯朔,2019-12-09,,
0119,世上只有船拢岸，没有见过岸拢船。,,,,,,鼓楼区,事理类,真理、规律,19,溯朔,2019-12-09,,
0120,孝顺还生孝顺子，忤逆必生忤逆儿。,,,,,,鼓楼区,事理类,真理、规律,19,溯朔,2019-12-09,,
0121,"富人无大{仔,囝}，穷人无大猪。",,,,富人纵子为非，不少尚未长大就先死。穷人养猪因无本钱，未大先卖。,,鼓楼区,事理类,真理、规律,20,溯朔,2019-12-09,,
0122,人行有脚印，马过有落毛。,,,,,,鼓楼区,事理类,真理、规律,20,溯朔,2019-12-09,,
0123,人急造反，狗急跳墙。,,,,,,鼓楼区,事理类,真理、规律,20,溯朔,2019-12-09,,
0124,三十六行，行行出状元。,,,,,,鼓楼区,事理类,真理、规律,20,溯朔,2019-12-09,,
0125,大树下好歇凉。,,,,,,鼓楼区,事理类,真理、规律,20,溯朔,2019-12-09,,
0126,长赌必输。,,,,长期参赌者，绝对必输，这是铁的规律。,,鼓楼区,事理类,真理、规律,20,溯朔,2019-12-09,,
0127,手指伸出有长短。,,,,,,鼓楼区,事理类,真理、规律,20,溯朔,2019-12-09,,
0128,官无三日紧。,,,,指官方办事，经常是虎头蛇尾，开头抓很紧，后来就慢慢放松了，甚至不了而了。,,鼓楼区,事理类,真理、规律,20,溯朔,2019-12-09,,
0129,有百年的社员，没有百年的社长。,,,,,,福州市,事理类,真理、规律,20,溯朔,2019-12-09,,
0130,村看村，户看户，群众看党员，党员看干部。,,,,,,福州市,事理类,真理、规律,20,溯朔,2019-12-09,,
0131,人不同心，蛤不同花。,,,,海产贝类花蛤壳面花纹无一相同，人心不齐，有如花蛤之纹各异。,,鼓楼区,事理类,真理、规律,20,溯朔,2019-12-09,,
0132,手指里拗里不拗出。,,,,向内屈的，不可能向外屈。喻对人难免有亲疏之分，内外有别。,,鼓楼区,事理类,真理、规律,20-21,溯朔,2019-12-09,,
0133,先得而后不得。,,,,有“捷足先登”之意。,,鼓楼区,事理类,真理、规律,21,溯朔,2019-12-09,,
0134,嘴舌无骨牙无肉。,,,,喻不要随便说人。,,鼓楼区,事理类,真理、规律,21,溯朔,2019-12-09,,
0135,老子偷鸡摸狗，儿子杀人放火。,,,,意谓父亲坏，儿子更坏。,,,事理类,真理、规律,21,溯朔,2019-12-09,,
0136,井水不汲不出泉。,,,,井水不用，时间久了就会断了水源，与“户枢不橐，流水不腐”同义。,,福州市,事理类,真理、规律,21,溯朔,2019-12-09,,
0137,一山不容二虎。,,,,,,福州市,事理类,真理、规律,21,溯朔,2019-12-09,,
0138,一鸡死，一鸡鸣。,,,,天下这么大，凡事都是后继有人的。,,福州市,事理类,真理、规律,21,溯朔,2019-12-09,,
0139,穷人没病就是富，富人没病便是仙。,,,,,,福州市,事理类,真理、规律,21,溯朔,2019-12-09,,
0140,虎落平洋被犬欺。,,,,老虎原是拜寿之尊，下到平原地带连狗都会来欺侮的。喻人才得不到施展本领的环境，同样也会遭到一些平庸之辈的欺侮。,,鼓楼区,事理类,真理、规律,21,溯朔,2019-12-09,,
0141,"等汤难滚，等{仔,囝}难大。",,,,等着烧开水，仿佛汤水很难沸腾，同样地等儿子长大，也觉得天长地久。表明人们等待的心理状态。,,福州市,事理类,真理、规律,21,溯朔,2019-12-09,,
0142,"石头会长，{仔,囝}会大。",,,,,,福州市,事理类,真理、规律,22,溯朔,2019-12-09,,
0143,打蛇打七寸，擒贼要擒王。,,,,,,鼓楼区,事理类,真理、规律,22,溯朔,2019-12-09,,
0144,人不可貌相，海不可斗量。,,,,,,鼓楼区,事理类,真理、规律,22,溯朔,2019-12-09,,
0145,人无完人，金无足赤。,,,,,,鼓楼区,事理类,真理、规律,22,溯朔,2019-12-09,,
0146,人无头不走，鸟无头不飞。,,,,,,鼓楼区,事理类,真理、规律,22,溯朔,2019-12-09,,
0147,人不求人一般大，水不下滩一展平。,,,,,,鼓楼区,事理类,真理、规律,22,溯朔,2019-12-09,,
0148,人死如灯灭。,,,,,,鼓楼区,事理类,真理、规律,22,溯朔,2019-12-09,,
0149,人多好做事，人少好食饭。,,,,,,鼓楼区,事理类,真理、规律,22,溯朔,2019-12-09,,
0150,人生一世，草生一秋。,,,,,,鼓楼区,事理类,真理、规律,22,溯朔,2019-12-09,,
0151,人外有人，天外有天。,,,,,,鼓楼区,事理类,真理、规律,22,溯朔,2019-12-09,,
0152,人有失足，马有闪蹄。,,,,,,鼓楼区,事理类,真理、规律,22,溯朔,2019-12-09,,
0153,人都好心，狗不吃屎。,,,,世上人人都是好心的，那么狗也会改变吃屎的天性。喻人间善恶不齐。,,鼓楼区,事理类,真理、规律,22,溯朔,2019-12-09,,
0154,人算不如天算。,,,,,,鼓楼区,事理类,真理、规律,22,溯朔,2019-12-09,,
0155,人往高处走，水往低处流。,,,,,,鼓楼区,事理类,真理、规律,22,溯朔,2019-12-09,,
0156,人老精，姜老辣。,,,,,,鼓楼区,事理类,真理、规律,22,溯朔,2019-12-09,,
0157,人有善愿，天必从之。,,,,,,鼓楼区,事理类,真理、规律,22,溯朔,2019-12-09,,
0158,藕接蔗。,,,,藕与蔗不同类所以不能接的。与“牛头不对马嘴”同义。,,鼓楼区,事理类,真理、规律,22,溯朔,2019-12-09,,
0159,纸糊拦干。,,,,纸糊拦干不能依靠。,,鼓楼区,事理类,真理、规律,22,溯朔,2019-12-09,,
0160,众眼是秤，众言是尺。,,,,众眼是秤，可以衡量一切。众言是尺可以论长短。封人们的眼睛和嘴巴，客观上是做不到的。与“皇帝难封众人口”同义。,,福州市,事理类,真理、规律,22-23,溯朔,2019-12-09,,
0161,一枝草配一滴露。,,,,,,福州市,事理类,真理、规律,23,溯朔,2019-12-09,,
0162,一山头一鹧鸪。,,,,,,福州市,事理类,真理、规律,23,溯朔,2019-12-09,,
0163,稻看收成，人看结果。,,,,此谚意为稻谷的好坏，以收成来判断，人的评价，以最后的结局为准。有“盖棺论定”的意思。,,福州市,事理类,真理、规律,23,溯朔,2019-12-09,,
0164,花巷到南营，行当这样行。,,,,花巷与南营，相通的一条巷总是这么一种走法。喻墨守成规。,,福州市,事理类,真理、规律,23,溯朔,2019-12-09,,
0165,自己文章，别人老婆。,,,,,,福州市,事理类,真理、规律,23,溯朔,2019-12-09,,
0166,女子心事头发长。,,,,喻女子多思。,,福州市,事理类,真理、规律,23,溯朔,2019-12-09,,
0167,老虎未吃人，土地公先画号，,,,,老虎虽霸于一方，然而吃人还得征求土地神的同意。喻每事均有所制约。,,鼓楼区,事理类,真理、规律,23,溯朔,2019-12-09,,
0168,杀人偿命，欠债还钱。,,,,,,鼓楼区,事理类,真理、规律,23,溯朔,2019-12-09,,
0169,老实人有老实饭吃。,,,,,,鼓楼区,事理类,真理、规律,23,溯朔,2019-12-09,,
0170,坎爿碎①也中垫桌跤②。,,①坎爿碎，方言，读kán bén cuài,①瓦砾。②桌脚。,就是瓦砾也会派上用场。喻人都会有用处。,,鼓楼区,事理类,真理、规律,23-24,溯朔,2019-12-09,,
0171,宁可养贼子，不要生歞①奴。,,,①傻瓜。,,,福州市,事理类,思维,24,溯朔,2019-12-09,,
0172,用千用万，尿壶没掼①。,,没掼，方言，读mò guàng。,①没有提把。,什么大钱都花了，就是舍不得去买一个新的尿壶，宁可抱着缺提把的尿壶小便。,,福州市,事理类,思维,24,溯朔,2019-12-09,,
0173,有嘴讲别人，没咀讲自己。,,,,,,福州市,事理类,思维,24,溯朔,2019-12-09,,
0174,三家夹①五桶。,,夹，方言，读gà（韵母a声调应为入声）。,①共,三户人家共买五只桶，怎么分也分不均。,,福州市,事理类,思维,24,溯朔,2019-12-09,,
0175,柴换炭，齐好看。,,,,喻封建社会所谓礼尚往来的虚伪性。,,福州市,事理类,思维,24,溯朔,2019-12-09,,
0176,弹迷梦①吃老羊蹄。,,弹迷梦，方言，念dān mīn měng。,①做美梦。,做梦也想在那儿啃吃着美味的羊瓜子。另一种解释：有人看见他熟睡，故意用羊瓜子让他去吃，他闻到香味一边假装熟睡的样子，一边照样啃吃着羊蹄。喻明知伪装不知之意。与福州谚语假“盘数”同义，也与“大智若愚”同义。,,鼓楼区,事理类,思维,24-25,溯朔,2019-12-09,,
0177,大错不犯，小错不断。,,,,一种平庸无为者的哲学。,,福州市,事理类,思维,25,溯朔,2019-12-09,,
0178,乞丐养画眉。,,,,已沦为乞丐了，挣扎在死亡线上，还有心绪养画眉玩鸟，真是不识时务。与“死不知倒”闽谚同义。,,福州市,事理类,思维,25,溯朔,2019-12-09,,
0179,青盲猫①抱死鼠。,,青盲，方言，念Piāng màng。,①瞎猫,讥讽教条主义和狭隘经验主义，与“抱着象腿以为就是大柱”同义。,,福州市,事理类,思维,25,溯朔,2019-12-09,,
0180,猪宰白①讲价。,,宰，方言，念tài。,①宰好剥毛后。,猪宰好剥毛后给你论价钱，只好卖贱价。,,福州市,事理类,思维,25,溯朔,2019-12-09,,
0181,吃饱做事，不管闲事。,,,,持明哲保身者观点，与“只管打扫门前雪，不管他人瓦上霜”同义。,,鼓楼区,事理类,思维,25,溯朔,2019-12-09,,
0182,七哥问八哥差不多。,,,,两相无须比较，高矮差不了多少，与“不怕不识货，只怕货比货”成反义，是保守主义的观点。,,鼓楼区,事理类,思维,25-26,溯朔,2019-12-09,,
0183,鸭姆混在凤凰飞。,,,,无自知之明，实际上也飞不起来。,,福州市,事理类,思维,26,溯朔,2019-12-09,,
0184,近庙欺神。,,,,讥舍近求远的思想。,,鼓楼区,事理类,思维,26,溯朔,2019-12-09,,
0185,"犬{仔,囝}想{吃,食}豆腐骨。",,,,喻不切实际的想法。,,鼓楼区,事理类,思维,26,溯朔,2019-12-09,,
0186,亲母自受脚腿白。,,,,自受即自夸。自夸腿白讥盲目自炫。,,鼓楼区,事理类,思维,26,溯朔,2019-12-09,,
0187,没睡过三条席子的夫妻，相互之间还不可能得到完全了解。,没困①三领②席，心事摸卖着③。,卖着，方言，读（m-u-e）miē duō。,①睡。②三条。③互不了解。,福州的草席一般较为牢固，一条席子可用两三年，三条席子就能够睡八、九年。夫妻间不相处八、九年，不可能达到互相理解。喻人心的深度难于捉摸。,,福州市,事理类,实践,26-27,溯朔,2019-12-09,,
0188,金苍蝇屎腹。,,,,外表堂皇，实际草包。,,福州市,事理类,实践,27,溯朔,2019-12-09,,
0189,老婆跟知县相好名声好听。,,,,知县官是自己老婆的情夫，外人认为有权有势，实际上从中没有得到多少实惠。,,福州市,事理类,实践,27,溯朔,2019-12-09,,
0190,做贼难瞒乡里，偷吃不瞒嘴只①。,,嘴只，方言，读cuì jì。,①嘴巴。,惯偷者瞒不了邻居人们，偷吃东西细看嘴巴必留痕迹。,,福州市,事理类,实践,27,溯朔,2019-12-09,,
0191,讨着没好姆①，一世无处躲。,,姆，方言，读mǒ。,①老婆。,娶着不贤的妻，一生受苦。,,福州市,事理类,实践,27,溯朔,2019-12-09,,
0192,"{没,无}{仔,囝}挨①孙，{没,无}叫天苍②。",,挨，方言，读ǎi。,①依赖。②苍天。,没有儿子，想依赖孙子，无奈何徒喊苍天。说明封建社会的孝字的虚无性。,,福州市,事理类,实践,27,溯朔,2019-12-09,,
0193,田园日日去，亲戚淡淡行。,,,,田园天天勤奋耕耘，总是有所收获的，亲戚可不要经常来往，免得惹是非。这是过去社会生活的有益总结。,,,事理类,实践,27-28,溯朔,2019-12-09,,
0194,讨亲讨卖着①，好比吃错药。,,卖着，方言，读miē duō。,①不理想。娶错了。,老婆找错了，好比吃错了药，祸患无穷。,,福州市,事理类,实践,28,溯朔,2019-12-09,,
0195,画人难画手，画树难画柳。,,,,,,福州市,事理类,实践,28,溯朔,2019-12-09,,
0196,画虎画皮难画骨，知人知面不知心。,,,,,,福州市,事理类,实践,28,溯朔,2019-12-09,,
0197,出头损角。,,,,,,鼓楼区,事理类,实践,28,溯朔,2019-12-09,,
0198,贼偷贼，不明白。,,,,贼偷贼，互相不敢声张，只好不明不白了结。,,福州市,事理类,实践,28,溯朔,2019-12-09,,
0199,抓紧又怕捏死，放松又怕飞走。,,,,,,鼓楼区,事理类,实践,28,溯朔,2019-12-09,,
0200,男爱动手，女爱动口。,,,,男的性格一般较为务实，说干就干，有的甚至不说就干。女的通病爱说话，有关无关的话都爱挂在嘴上，站在路旁街口可以说上一两个小时有关无关的话。话多是非也多，影响团结与关系。,,福州市,事理类,实践,28,溯朔,2019-12-09,,
0201,发财容易，趁食①艰难。,,,,①趁食：发财靠机遇，有钱人越挣钱越有钱，产生了致富不困难的说法，然而想要糊口就不是那么轻松，糊口本身就是穷人，越穷越出鬼，没本钱什么事都难办。,,鼓楼区,事理类,实践,28,溯朔,2019-12-09,,
0248,学好数理化，走遍天下都不怕。,,,,,,福州市,事理类,知识,33,缪若佳,2019-11-18,,
0249,屋雅何须大，花香不在多。,,,,,,福州市,事理类,知识,33,缪若佳,2019-11-18,,
0250,一技在身，不饿本身。,,,,,,福州市,事理类,知识,33,缪若佳,2019-11-18,,
0251,家有千金，不如一技在身。,,,,,此谚源于清末民初闽剧《卓文君》一戏中卓文君赠金司马相如时，相如对文君道：“深感小姐大德，但小人不敢拜领，俗语有讲：‘家有千金，不如一艺在身’。”这里所指的俗语，可能就是当时的谚语。,福州市,事理类,知识,33,缪若佳,2019-11-18,,
0252,十八岁见廿四代。,,,,讽刺不懂装懂，误人不浅。,,鼓楼区,事理类,知识,33,缪若佳,2019-11-18,,
0253,出出有，样样无。,,,,讥笑没有真才实学的人，样样都不懂。,,鼓楼区,事理类,知识,33,缪若佳,2019-11-18,,
0254,饭不知道是米煮的。,,,,讥不识世事者。,,鼓楼区,事理类,知识,33,缪若佳,2019-11-18,,
0255,好记忆，不如烂笔头。,,,,,,鼓楼区,事理类,知识,33,缪若佳,2019-11-18,,
0256,摸着油垢，以为诸娘。,,,,旧时妇女头发多擦油。摸着油垢，以为是诸娘。讥以偏概全。,,鼓楼区,事理类,知识,33,缪若佳,2019-11-18,,
0257,皇帝认错保长公。,,,,把最大的皇帝误认为是最小的地保。与“有眼不识泰山”同义。,,鼓楼区,事理类,知识,33-34,缪若佳,2019-11-18,,
0258,牛面前读契。,,,,对无知者讲道理白费心机。与“对牛弹琴”同义。,,鼓楼区,事理类,知识,34,缪若佳,2019-11-18,,
0259,一身都是屎，何在一泡尿。,,,,喻犯严重错误的人破罐子破摔的心理状态。,,福州市,事理类,是非,34,缪若佳,2019-11-18,,
0260,粪坑石，又臭又硬。,,,,喻有些人们明知行为失检，犯了错误，但又不肯认错改过。,,福州市,事理类,是非,34,缪若佳,2019-11-18,,
0261,但爿状告死人。,,,,偏听偏信的危害可致人死命的。,,鼓楼区,事理类,是非,34,缪若佳,2019-11-18,,
0262,牛头不对马嘴。,,,,,,鼓楼区,事理类,是非,34,缪若佳,2019-11-18,,
0263,时时翻，刻刻变。,,,,,,鼓楼区,事理类,是非,34,缪若佳,2019-11-18,,
0264,捉奸在床，抓贼凭脏。,,,,,,鼓楼区,事理类,是非,34,缪若佳,2019-11-18,,
0265,黄狗偷吃，白狗当罪。,,,,,根据《闽都别记》传说中云：有二小偷，一名叫黄狗，一名白狗。当时闽王王宫属官国计使薛文杰长女薛品玉，因不甘与父同流合污抗婚死于非命。小偷黄狗以为薛奸相富可敌国，女必死有贵重随葬品，偷开棺木后始知品玉因虐待而亡毫无随葬品。空手而回。随后小偷白狗也到此盗棺，见棺已开，内面空空如也，不甘心白来，随后拣了一床垫褥而回，搁在家里床底下。以后薛文杰借这个机会，向全城富绅大肆进行敲诈勒索，发动全城大搜查，在白狗家中搜出品玉用的床褥，诬其盗棺元凶，把白狗打的死去活来。此谚流传，故事就出在这里，讥某些人是非不分。,福州市,事理类,是非,34-35,缪若佳,2019-11-18,,
0266,眉毛虽无用，却占眼上风。,,,,,,福州市,事理类,是非,35,缪若佳,2019-11-18,,
0267,无话三句讲。,,,,讥捏造事实无事生非之人。,,鼓楼区,事理类,是非,35,缪若佳,2019-11-18,,
0268,礼多人必诈。,,,,,,福州市,事理类,爱憎,35,缪若佳,2019-11-18,,
0269,呆①瓜多只②，呆人多礼。,,呆dāi。,①坏。②籽。,不好的西瓜内多籽，奸诈的人多礼。,,福州市,事理类,爱憎,35,缪若佳,2019-11-18,,
0270,好心照明月，明月照沟渠。,,,,以德报怨，好心得不到好报。,,福州市,事理类,爱憎,35,缪若佳,2019-11-18,,
0271,油嘴剃刀心。,,,,,,福州市,事理类,爱憎,35,缪若佳,2019-11-18,,
0272,见蛇不打三分罪。,,,,看见毒蛇，你不打它，它必然会毒害许多人，比喻见到坏人，流氓，如包庇他，就有罪责。与养虎伤人养鼠咬布袋之意略同。,,福州市,事理类,爱憎,36,缪若佳,2019-11-18,,
0273,没菁也要切开你的肉。,没菁①鞋②起沛③。,菁，方言，读qiāng。鞋起沛，方言，读à kī Puì。,①菁：闽地野生植物，叶长丈余，叶边锋利如刀片，会刺人。②会。③如利器般将身上的肉成片切开。,没有菅菁，也会刺破你的手，切开你的肉。喻挑剔成性者无事生非的险恶居心。,,福州市,事理类,爱憎,36,缪若佳,2019-11-18,,
0274,口吐莲花，心存刀叉。,,,,,,福州市,事理类,爱憎,36,缪若佳,2019-11-18,,
0275,"{仔,囝}①亲腹生，牛用钱买。",,"{仔,囝}，方言，读giǎng（声调为入声）。",①儿子。,儿子必须亲自生的，显得可爱。牛偷的不敢公开用之耕地，必须用钱买。,,福州市,事理类,爱憎,36,缪若佳,2019-11-18,,
0276,父母疼歹子，皇帝爱奸臣。,"罢奶①疼呆②{仔,囝}，皇帝爱奸臣。",罢奶，方言，读bá rě；呆，方言，读làl。,①父母。②坏。,善于花言巧语的坏孩子，不管他怎么不肖，一般都会得到父母的偏爱。善于逢迎的奸臣一样也会得到皇帝的宠信。,,福州市,事理类,爱憎,36-37,缪若佳,2019-11-18,,
0277,"尾{仔,囝}尾珍珠，好疼又好摸。","细{仔,囝}①细珍珠，好疼又好摸。","细{仔,囝}，方言。读sè（入声）giáng。",①最小的儿子。,通常情况下，父母都比较偏爱最小的儿子。,,福州市,事理类,爱憎,37,缪若佳,2019-11-18,,
0278,凶拳难打笑脸。,,,,,,福州市,事理类,爱憎,37,缪若佳,2019-11-18,,
0279,蚊子叫哼哼，又要吃又要撑①。,,撑，方言，象声词，读cēn。,呻吟、嘀咕、骂人。,蚊子咬了人家还要骂出声音。,,福州市,事理类,爱憎,37,缪若佳,2019-11-18,,
0280,好猫管九家，凶狗爱管百人家。,,,,勤快的猫，可以抓尽好几家的老鼠；不会看家的狗，却爱到处人惹事生非。“九”“百”虚指，表多数。,,福州市,事理类,爱憎,37,缪若佳,2019-11-18,,
0281,一脚站两条船。,,,,一个人占据两条船，一脚一条船，表面看他占了便宜，船一开走，他就落水了。讽刺贪心人的可悲结局。,,福州市,事理类,爱憎,37,缪若佳,2019-11-18,,
0282,财主身，乞食①命。,,,乞丐。,财主虽然钱很多，由于吝啬，变成乞丐命，讥有钱舍不得花者。,,鼓楼区,事理类,爱憎,37-38,缪若佳,2019-11-18,,
0283,跟猴拔钻①一样。,,猴拔钻，方言，gāo bèi zuàn。,①深钻在木头里的钻子，叫猴子拔出来，既费劲而又难看。,讥吝啬掏钱的一种难看表情。,,鼓楼区,事理类,爱憎,38,缪若佳,2019-11-18,,
0284,乞丐嫌麻疯人臭腥味。,乞食嫌枯老①臭腥臊。,枯老念gū lō。,①麻疯病患者。,自己肮脏还嫌别人臭味。,,福州市,事理类,爱憎,38,缪若佳,2019-11-18,,
0285,又偷吃又野吠。,,,,讥小人言行不端，斥其如狗。,,福州市,事理类,爱憎,38,缪若佳,2019-11-18,,
0286,十矮九作疾①。,,作疾，方言，读zǔo jí。,①足智多谋。,喻个子矮小的人多数聪明。,,福州市,事理类,爱憎,38,缪若佳,2019-11-18,,
0287,白面厝①，挂灯笼。,,,①妓院,妓院是下流所在，却高挂灯笼夸耀自己，不知耻。与“又要当婊子，又要树牌坊”同义。,,鼓楼区,事理类,爱憎,38,缪若佳,2019-11-18,,
0288,生无见，死无啼。,,,,谓人际之间关系紧张，大有生死不相往来之概。,,鼓楼区,事理类,爱憎,38-39,缪若佳,2019-11-18,,
0289,五帝怕坏人。,,,,,相传明朝，福州城内有一穷秀才陈三，为了接待远地来投之友，杀了自家的公鸡作为酒宴。恰巧隔邻当天却丢了一只鸡，诬赖陈三盗杀。陈三有口难辩，要求邻居到黄鹤巷五帝庙去公断，赌咒。这位恶邻居一到五帝庙先大声喝道：“你五帝若不公断，我便砍了你的头！”。陈三捧一块碗在神案前下跪道：“五帝爷明察，弟子如果杀的鸡是偷的，碗落地无损，如不是偷的碗下地就破。”赌嘴完摔碗下地，奇怪的很，碗却落地不破。陈三却被诬为盗了。把他气得七窍生烟，众邻里替陈三抱不平，骂五帝惊呆人。事过三载，陈三出仕了，任命东南三省巡按，视察榕城，见了黄鹤巷五帝庙，勾起过去的怨恨，一怒之下剑斩五帝神像之首，并将五帝庙改建为关公庙，纪念关羽讲信义。“五帝惊呆人”之谚典故出在此。,福州市,事理类,爱憎,39,缪若佳,2019-11-18,,
0290,鸭母脚扒进。,,,,吝啬之人，好象鸭姆脚只扒进不扒出。,,鼓楼区,事理类,爱憎,39,缪若佳,2019-11-18,,
0291,麻疯院有进无出。,,,,旧社会，患了麻疯病症永远不会治愈，进了麻疯院就不见再出来。此谚却借题发挥，用来讽刺吝啬人只知挣钱不懂花钱，或是解释为贪心无厌。,,福州市,事理类,爱憎,39,缪若佳,2019-11-18,,
0292,妲妃害人猫。,,,,,,鼓楼区,事理类,爱憎,39,缪若佳,2019-11-18,,
0293,拉屎碰到狗。,,,,狗是吃屎的，你在拉大便，它却跑来在你的屁股下窜来窜去讨屎吃，招人厌烦，有触霉之感。,,鼓楼区,事理类,爱憎,39-40,缪若佳,2019-11-18,,
0202,拉尿看风势。,,,,,,鼓楼区,事理类,实践,29,圈圈圆圆圈圈,2019-11-23,,
0203,小姑教兄嫂断脐带。,,,,不懂装懂，必然坏了事，吃苦头的。,,鼓楼区,事理类,实践,29,圈圈圆圆圈圈,2019-11-23,,
0204,巴掌再大也难掩人嘴巴。,,,,,,鼓楼区,事理类,实践,29,圈圈圆圆圈圈,2019-11-23,,
0205,贼偷十次，不如火烧一回。,,,,,,鼓楼区,事理类,实践,29,圈圈圆圆圈圈,2019-11-23,,
0206,上半盲财主，下半盲穷户。,,,,旧时福州住屋，均以土木结构，易发生火灾。一烧烧个精光，由财主沦为穷户就在一夜之间。此谚讽刺富者不要趾高气昂。,,鼓楼区,事理类,实践,29,圈圈圆圆圈圈,2019-11-23,,
0207,不做媒，不做保，一世少烦恼。,,,,,,鼓楼区,事理类,实践,29,圈圈圆圆圈圈,2019-11-23,,
0208,牛尾难遮牛屁股。,,,,自己保不住自己。,,鼓楼区,事理类,实践,29,圈圈圆圆圈圈,2019-11-23,,
0209,路靠嘴问。,,,,,,福州市,事理类,实践,29,圈圈圆圆圈圈,2019-11-23,,
0210,死嫖活赌。,,,,嫖妓所花的钱有去无回谓之死嫖。赌博有输有赢，所以叫做“活赌”。这是为赌徒找借口之谚，不足取。,,鼓楼区,事理类,实践,29,圈圈圆圆圈圈,2019-11-23,,
0211,墙倒基未倒。,,,,,,鼓楼区,事理类,实践,29,圈圈圆圆圈圈,2019-11-23,,
0212,老实和歞①隔壁。," ",,①傻瓜,人如果机械地老实，反多吃亏，因而有人认为就是傻瓜。,,鼓楼区,事理类,实践,29,圈圈圆圆圈圈,2019-11-23,,
0213,心急马倒退，欲速则不达。,,,,,,福州市,事理类,实践,30,圈圈圆圆圈圈,2019-11-23,,
0214,贪便宜去倒长①。,,,①去：损失；倒长：更多。,贪小失大。,,鼓楼区,事理类,实践,30,圈圈圆圆圈圈,2019-11-23,,
0215,盐瓮自生虫。,,,,内部起变化，这是致命伤。,,鼓楼区,事理类,实践,30,圈圈圆圆圈圈,2019-11-23,,
0216,官急莫抵私急。,,,,官再急不如私人大小便急。,,福州市,事理类,实践,30,圈圈圆圆圈圈,2019-11-23,,
0217,府误县又误。,,,,,,鼓楼区,事理类,实践,30,圈圈圆圆圈圈,2019-11-23,,
0218,人未行，钱先行。,,,,拜金主义者认为“凡办一事，非财莫举”。在现实生活中屡见不鲜。,,福州市,事理类,实践,30,圈圈圆圆圈圈,2019-11-23,,
0219,人在人情在。,,,,公共关系主要表现在人情关系上，中国社会传统习惯人情关系尤其赤裸。俗谚说：“一人得道，鸡犬升天”，“一把凉伞会遮一批人”，“夫贵妻荣”，“福荫子孙”等等均为人情关系的注解。,,福州市,事理类,实践,30,圈圈圆圆圈圈,2019-11-23,,
0220,人多乱，龙多旱，母鸡多了难孵蛋，媳妇多了婆煮饭。,,,,人多心不齐反而误事。,,鼓楼区,事理类,实践,30,圈圈圆圆圈圈,2019-11-23,,
0221,人多口舌多。,,,,,,鼓楼区,事理类,实践,30,圈圈圆圆圈圈,2019-11-23,,
0222,人穷当街卖艺，虎饿拦路伤人。,,,,,,鼓楼区,事理类,实践,30,圈圈圆圆圈圈,2019-11-23,,
0223,人穷见知己。,,,,人到穷困潦倒的时候，才能显现知己者。,,鼓楼区,事理类,实践,31,圈圈圆圆圈圈,2019-11-23,,
0224,人情剔得透，有鼎又没灶。,,,,这里所谓“人情”指喜丧事应酬礼金。如果面面俱到应付得人们都满意，所耗酬金，必然造成生活困难。送红包之害由来已久。,,鼓楼区,事理类,实践,31,圈圈圆圆圈圈,2019-11-23,,
0225,人怕理，马怕鞭，蚊子怕烟。,,,,,,鼓楼区,事理类,实践,31,圈圈圆圆圈圈,2019-11-23,,
0226,人命大如天。,,,,,,鼓楼区,事理类,实践,31,圈圈圆圆圈圈,2019-11-23,,
0227,人怕老，债怕讨。,,,,,,鼓楼区,事理类,实践,31,圈圈圆圆圈圈,2019-11-23,,
0228,人命跨天三尺。,,,,,,鼓楼区,事理类,实践,31,圈圈圆圆圈圈,2019-11-23,,
0229,人言可畏。,,,,喻群众舆论的威力。,,鼓楼区,事理类,实践,31,圈圈圆圆圈圈,2019-11-23,,
0230,人是鱼，钱是水。,,,,,,鼓楼区,事理类,实践,31,圈圈圆圆圈圈,2019-11-23,,
0231,人听甜言易上当，马踏软底易失蹄。,,,,,,鼓楼区,事理类,实践,31,圈圈圆圆圈圈,2019-11-23,,
0232,人直不富，港直不深。,,,,在旧社会老实人永远富不了，说明当时尔虞我诈的人际关系何等可怕。,,鼓楼区,事理类,实践,31,圈圈圆圆圈圈,2019-11-23,,
0233,人善多人欺，马善多人骑。,,,,,,鼓楼区,事理类,实践,31,圈圈圆圆圈圈,2019-11-23,,
0234,三爷酒，不好吃。,,,,闽地“三爷”指舅爷、姑爷、师爷，旧时在官衙内均是有权势之人。,,鼓楼区,事理类,实践,31,圈圈圆圆圈圈,2019-11-23,,
0235,子不嫌母丑，犬不怨主贫。,,,,,,鼓楼区,事理类,实践,31,圈圈圆圆圈圈,2019-11-23,,
0236,三个鸦片鬼，抵一个诸葛亮。,,,,抽大烟的人，精力亢进，思路灵活，机智有时赛过错。,,鼓楼区,事理类,实践,32,圈圈圆圆圈圈,2019-11-23,,
0237,大桥无栏井无盖。,,,,人若轻生，到处都可以自尽。,,鼓楼区,事理类,实践,32,圈圈圆圆圈圈,2019-11-23,,
0238,男藏女现,,,,男女二人同样高度，看过去女的好象要比男的高。,,鼓楼区,事理类,实践,32,圈圈圆圆圈圈,2019-11-23,,
0239,千日晴不厌，一日雨讨厌。,,,,,,鼓楼区,事理类,实践,32,圈圈圆圆圈圈,2019-11-23,,
0240,不当家不知柴米贵。,,,,,,鼓楼区,事理类,实践,32,圈圈圆圆圈圈,2019-11-23,,
0241,眼不见未净，水过三清。,,,,,,鼓楼区,事理类,实践,32,圈圈圆圆圈圈,2019-11-23,,
0242,"养{仔,囝}算饭顿，无比失算。",,,,,,鼓楼区,事理类,实践,32,圈圈圆圆圈圈,2019-11-23,,
0243,倒运大夫看病头，行运先生看病尾。,,,,人初病时，不易诊断，医师碰上这号病人，疗效认倒霉。反之，病久了则症自明，医师易于辩症投药，疗著，人们都夸这个医师技高。,,鼓楼区,事理类,实践,32,圈圈圆圆圈圈,2019-11-23,,
0244,草鞋也有三日新。,,,,,,鼓楼区,事理类,实践,32,圈圈圆圆圈圈,2019-11-23,,
0245,善恶到头终有报。,,,,,,鼓楼区,事理类,实践,32,圈圈圆圆圈圈,2019-11-23,,
0246,财落君子手，米落乞食袋。,,,,财到了君子手，容易散尽不留；米进了乞食袋，容易无余。,,鼓楼区,事理类,实践,32,圈圈圆圆圈圈,2019-11-23,,
0247,树老根多，人老话多。,,,,,,鼓楼区,事理类,实践,32,圈圈圆圆圈圈,2019-11-23,,
0293,拉屎遇到狗。,,,,狗是吃屎的，你在拉大便，它却跑来在你的屁股下窜来窜去讨屎吃，招人厌烦，有触霉之感。,,鼓楼区,事理类,爱憎,39-40,圈圈圆圆圈圈,2019-11-23,,
0294,拉屎不臭，鼓屎更臭。,,,,拉的大便不觉太丑，搅动的大便，臭气冲天，喻坏事张扬的恶果。,,鼓楼区,事理类,爱憎,40,圈圈圆圆圈圈,2019-11-23,,
0295,饱狗占屎。,,,,吃饱的狗，霸占着大便，自己不吃，也不让他狗吃，与“占着粪坑不拉屎”同义。,,福州市,事理类,爱憎,40,圈圈圆圆圈圈,2019-11-23,,
0296,金龟又没叔又没。,,,,,闽剧《金龟母》，描述一个男孩得了异宝金龟，嫂见宝起异心，谋害小叔，结果金龟变为土龟。在最后一出戏中，嫂子痛哭流涕唱到：“金龟又没叔又没”！,福州市,事理类,爱憎,40,圈圈圆圆圈圈,2019-11-23,,
0297,大汉做乞食贪闲。,,,,,,鼓楼区,事理类,爱憎,40,圈圈圆圆圈圈,2019-11-23,,
0298,犬嘴无饭粒施。,,,,到犬嘴的粮食，岂能轻易遗落。,,鼓楼区,事理类,爱憎,40,圈圈圆圆圈圈,2019-11-23,,
0299,跌一倒，土沙抓一把。,,,,讥吝啬人做事不肯吃亏，跌倒了也要抓一把土沙来补偿。,,鼓楼区,事理类,爱憎,40,圈圈圆圆圈圈,2019-11-23,,
0300,跌倒赖土地。,,,,不慎跌倒，也要怪土地公，讥失误者常推诿客观原因。,,鼓楼区,事理类,爱憎,40,圈圈圆圆圈圈,2019-11-23,,
0301,看人上，看人下。,,,,人家登天就吹捧，人家落井就添石。势利小人的卑劣行为。,,鼓楼区,事理类,爱憎,41,圈圈圆圆圈圈,2019-11-23,,
0302,猴头老鼠耳。,,,,形容狡滑不善之流。,,鼓楼区,事理类,爱憎,41,圈圈圆圆圈圈,2019-11-23,,
0303,看你又受怪①，吃饱又作怪。,,受怪，方言读xiū guài。,①可怜相。,同情你的可怜相，一转机你又装模作样。,,鼓楼区,事理类,爱憎,41,圈圈圆圆圈圈,2019-11-23,,
0304,猴人①假正经。,,猴人，方言读gāo rùn。,①不正派的人。,外表道貌岸然，实乃男盗女娼。,,福州市,事理类,爱憎,41,圈圈圆圆圈圈,2019-11-23,,
0305,输人老婆，贴人枕头。,,,,讥妇女偷汉，其夫最倒霉，赔了夫人又贴了枕头。,,鼓楼区,事理类,爱憎,41,圈圈圆圆圈圈,2019-11-23,,
0306,猴戴帽不象人形。,,,,,,鼓楼区,事理类,爱憎,41,圈圈圆圆圈圈,2019-11-23,,
0307,厝里犬，咬门限。,,,,与“养鼠咬布袋”同义。,,鼓楼区,事理类,爱憎,41,圈圈圆圆圈圈,2019-11-23,,
0308,好犬不当路，坏犬把路头。,,,,,,鼓楼区,事理类,爱憎,41,圈圈圆圆圈圈,2019-11-23,,
0309,吃饱弄朝做皇帝。,,,,指饱食终日，张威作福的霸行者。,,鼓楼区,事理类,爱憎,41-42,圈圈圆圆圈圈,2019-11-23,,
0310,铁公鸡一毛不拔。,,,,,,鼓楼区,事理类,爱憎,42,圈圈圆圆圈圈,2019-11-23,,
0311,逐犬打乞食。,,,,什么都要做。,,鼓楼区,事理类,爱憎,42,圈圈圆圆圈圈,2019-11-23,,
0312,海贼做普渡。,,,,讥恶人发善心，一片假慈悲。,,鼓楼区,事理类,爱憎,42,圈圈圆圆圈圈,2019-11-23,,
0313,雷公困落眠①。,,困落眠，方言，读kǒn lò mǐn。,①睡觉了。,古人认为，凡是不孝的人都会遭到雷公打击。此谚表明有的不孝者照样逍遥“雷打”之外，照样生活在世上。此时只好怪雷公睡觉了。,,鼓楼区,事理类,爱憎,42,圈圈圆圆圈圈,2019-11-23,,
0314,脚闲手闲嘴也闲。,,,,讥懒惰者最终得挨饿。,,鼓楼区,事理类,爱憎,42,圈圈圆圆圈圈,2019-11-23,,
0315,争妻夺田，视死如归。,,,,有的人为了个人利益，甚至置生命于不顾。,,鼓楼区,事理类,爱憎,42,圈圈圆圆圈圈,2019-11-23,,
0316,时时翻，刻刻变。,,,,讥无主心的人多变。,,鼓楼区,事理类,爱憎,42,圈圈圆圆圈圈,2019-11-23,,
0317,"纸{人,侬}{仔,囝}露骨。",,,,伪装的人易被识破。纸老虎本相一现，人人就不怕它了。,,鼓楼区,事理类,爱憎,42-43,圈圈圆圆圈圈,2019-11-23,,
0318,龟莫笑鳖，鳖勿笑龟。,,,,二者同类，不须互相嘲笑。,,鼓楼区,事理类,爱憎,43,圈圈圆圆圈圈,2019-11-23,,
0319,绿帽满天飞，戴上无奈何。,,,,老婆偷汉子，男人就要戴绿帽变成乌龟。这是一种形容词，事实上戴绿帽是不存在的。,,鼓楼区,事理类,爱憎,43,圈圈圆圆圈圈,2019-11-23,,
0320,银是白的，眼珠是黑的。,,,,乌黑的眼珠对雪白的银子，富有敏感性。讥贪财者。,,鼓楼区,事理类,爱憎,43,圈圈圆圆圈圈,2019-11-23,,
0321,瘦猪拉硬屎。,,,,讥无能而强装有能者。,,鼓楼区,事理类,爱憎,43,圈圈圆圆圈圈,2019-11-23,,
0322,胆小疑心重。,,,,,,鼓楼区,事理类,爱憎,43,圈圈圆圆圈圈,2019-11-23,,
0323,犬肉不上盘。,,,,指犬肉乃下等菜肴，不能上酒席的。,,鼓楼区,事理类,爱憎,43,圈圈圆圆圈圈,2019-11-23,,
0324,无益鸡啄蚶。,,,,,,福州市,事理类,爱憎,43,圈圈圆圆圈圈,2019-11-23,,
0325,鸡姆啄秤锤一无所得。,,,,,,鼓楼区,事理类,爱憎,43,圈圈圆圆圈圈,2019-11-23,,
0326,死鸡刺无血。,,,,在死鸡身上采不到血的。喻做事白费力。,,鼓楼区,事理类,爱憎,43,圈圈圆圆圈圈,2019-11-23,,
0327,拍屁股，放钱债。,,,,拍屁股福州人即身无分文者，却想放高利贷，毫不自量。,,鼓楼区,事理类,爱憎,43-44,圈圈圆圆圈圈,2019-11-23,,
0328,虱姆落在破棉絮内。,,,,虱子掉在破棉絮内，甚得其所，走好运。,,鼓楼区,事理类,爱憎,44,圈圈圆圆圈圈,2019-11-23,,
0329,使牛去逐马。,,,,马比牛跑得快，牛追马，明摆着追不上的。与“菜篮挑水一场空。”同义。,,鼓楼区,事理类,爱憎,44,圈圈圆圆圈圈,2019-11-23,,
0330,火烧厝好看，难为东家。,,,,,,福州市,事理类,爱憎,44,圈圈圆圆圈圈,2019-11-23,,
0331,牛头不对马嘴。,,,,,,鼓楼区,事理类,爱憎,44,圈圈圆圆圈圈,2019-11-23,,
0332,有时碰无时。,,,,这里所谓的时，指时运的时。运气不为人们所掌握，事情的成败，只好靠遭遇而定。,,鼓楼区,事理类,爱憎,44,圈圈圆圆圈圈,2019-11-23,,
0333,乌猪变白尾。,,,,乌猪不可能有白尾巴。此谚讥坏人难以变好。,,鼓楼区,事理类,爱憎,44,圈圈圆圆圈圈,2019-11-23,,
0334,鹅姆对番鸭雄。,,,,,,鼓楼区,事理类,爱憎,44,圈圈圆圆圈圈,2019-11-23,,
0335,韭菜命，一长就割。,,,,福州用此谚自叹命不好，十分形象。韭菜一长就割下用。难于积钱成富翁。,,鼓楼区,事理类,爱憎,44,圈圈圆圆圈圈,2019-11-23,,
0336,皇帝要吃公鸡蛋。,,,,不要认为自己权倾朝野，便可为所欲为，皇帝想吃公鸡蛋，办不到还是办不到。,,鼓楼区,事理类,爱憎,44,圈圈圆圆圈圈,2019-11-23,,
0337,姜太公钓鱼，愿者上钩。,,,,,,鼓楼区,事理类,爱憎,44,圈圈圆圆圈圈,2019-11-23,,
0338,唤赌必输。,,,,,,鼓楼区,事理类,其他,45,圈圈圆圆圈圈,2019-11-23,,
0339,富烧香，穷看命。,,,,,,鼓楼区,事理类,其他,45,圈圈圆圆圈圈,2019-11-23,,
0340,看命先生半路死，地理先生无处埋。,,,,此谚无情揭穿了算命与风水的迷信面纱。,,,事理类,其他,45,圈圈圆圆圈圈,2019-11-23,,
0341,祸和福隔壁庴。,,,,意谓祸和福相邻近，可以互相转化。,,福州市,事理类,其他,45,圈圈圆圆圈圈,2019-11-23,,
0342,一把米摔璧，没一粒加粒①。,,加粒，方言，读gā là。,①粘住。,喻无任何牵连的关系。,,福州市,事理类,其他,45,圈圈圆圆圈圈,2019-11-23,,
0343,七疤八瘤做夫人。,,疤，方言，读bā。瘤，方言，读líǚ。,,能当上贵妇人的，容貌不一定漂亮，反之，“红颜多薄命”。,,福州市,事理类,其他,45,圈圈圆圆圈圈,2019-11-23,,
0344,猪头吃过耳。,,,,吃了过头粮，不知顾后。,,福州市,事理类,其他,45,圈圈圆圆圈圈,2019-11-23,,
0345,大炮打麻雀。,,,,喻大材小用，与“宰鸡何用牛刀”同义。,,福州市,事理类,其他,45-46,圈圈圆圆圈圈,2019-11-23,,
0346,四四十四，落咯①。,,落咯，方言，念lō gō。,①落入圈套，受尽熬煎。,“四”与“死”方言之谐音，“十”与“是”是谐音。喻所碰到的字都是死，死路一条，陷入困境，只好受尽熬煎或任其敲竹扛。,,鼓楼区,事理类,其他,46,圈圈圆圆圈圈,2019-11-23,,
0347,羊毛出在羊身上。,,,,,,福州市,事理类,其他,46,圈圈圆圆圈圈,2019-11-23,,
0348,将这土塑这佛。,,,,,,鼓楼区,事理类,其他,46,圈圈圆圆圈圈,2019-11-23,,
0349,"锣{仔,囝}掼①过山打。",,掼，方言，读guǎn。,①提。,此谚指旧社会渣滓二流子做坏事也得到外地去做，在本乡本土作恶是低能儿。,,福州市,事理类,其他,46,圈圈圆圆圈圈,2019-11-23,,
0350,秀才碰着兵，有理说不清。,,,,,,鼓楼区,事理类,其他,46,圈圈圆圆圈圈,2019-11-23,,
0351,雷公打死闪电。,,,,自己打自己是不可能的事。,,鼓楼区,事理类,其他,46,圈圈圆圆圈圈,2019-11-23,,
0352,扫庴扫庴角，洗面洗耳角。,,,,喻做事要全面周到。,,鼓楼区,事理类,其他,46,圈圈圆圆圈圈,2019-11-23,,
0353,张天师问鬼无法可治。,,,,张天师是抓鬼的大法师。到了天师向鬼请教的地步，说明大法师已无法可治了。,,,事理类,其他,46,圈圈圆圆圈圈,2019-11-23,,
0354,鸡屎落地三寸气。,,,,,,福州市,修养类,理想、立志,48,简兮,2019-11-22,,
0355,穷无根，富无核。,,,,“核”即种子。劝喻人发奋创业。穷富主要由人的因素决定。此谚具有朴素的反宿命论的思想。,,福州市,修养类,理想、立志,48,简兮,2019-11-22,,
0356,肯做有卜①。,,,①有成功的希望。,肯努力办一件事，必然有成功的希望。,,福州市,修养类,理想、立志,48,简兮,2019-11-22,,
0357,教师只怕泥使猪①。,,泥使猪，方言，读lē sāi dǖ。,①指自学成才者。,这里的教师指拳术师。有个别人虽然没接受过武术教练，然而他靠体质好力大勇敢和韧性也会把教师打败。,,福州市,修养类,理想、立志,48,简兮,2019-11-22,,
0358,人不可貌相，海水不可斗量。,,,,,,福州市,修养类,理想、立志,48,简兮,2019-11-22,,
0359,人看志气，书看材。,,,,,,鼓楼区,修养类,理想、立志,48,简兮,2019-11-22,,
0360,人老骨头硬。,,,,,,鼓楼区,修养类,理想、立志,48,简兮,2019-11-22,,
0361,人老心不老。,,,,,,鼓楼区,修养类,理想、立志,48,简兮,2019-11-22,,
0362,破布包珍珠。,,,,喻不重外表重内材者。,,鼓楼区,修养类,理想、立志,48,简兮,2019-11-22,,
0363,吃马屎假癫。,,,,装疯作傻，忍一时之屈，伸百年志。,,鼓楼区,修养类,理想、立志,48,简兮,2019-11-22,,
0364,炮仗失心人失志。,,,,鞭炮丢了导火线，当然不会爆响，而人失了意志，同样也得不到发展。,,鼓楼区,修养类,理想、立志,49,简兮,2019-11-22,,
0365,将相本无种，男儿当自强。,,,,,,鼓楼区,修养类,理想、立志,49,简兮,2019-11-22,,
0366,人穷志不穷。,,,,,,鼓楼区,修养类,理想、立志,49,简兮,2019-11-22,,
0367,人死留名，虎死留皮。,,,,,,鼓楼区,修养类,理想、立志,49,简兮,2019-11-22,,
0368,不受苦中苦，难为人上人。,,,,,,鼓楼区,修养类,理想、立志,49,简兮,2019-11-22,,
0369,"牛{仔,囝}跌九倒。",,,,初生牛犊，几经跌倒，然后渐能站立。此谚喻幼受锻炼。必然成材。,,鼓楼区,修养类,理想、立志,49,简兮,2019-11-22,,
0370,檐前滴水石成穿。,,,,与“滴水穿石”同义。加上“檐前”二字更见深刻。檐前不常滴水，然而日久月深，也能使石成穿的。可见恒心之重要。,,鼓楼区,修养类,理想、立志,49,简兮,2019-11-22,,
0371,争气不争财。,,,,,,鼓楼区,修养类,理想、立志,49,简兮,2019-11-22,,
0372,有志不在年高。,,,,,,鼓楼区,修养类,理想、立志,49,简兮,2019-11-22,,
0373,皇天不负有心人。,,,,,,鼓楼区,修养类,理想、立志,49,简兮,2019-11-22,,
0374,做乞食行大路。,,,,,,鼓楼区,修养类,理想、立志,49,简兮,2019-11-22,,
0375,船里老鼠，堵里讨食。,,,,船中鼠，只能在舱中觅食。讥无志者。,,鼓楼区,修养类,理想、立志,49,简兮,2019-11-22,,
0376,秦正打郎罢①，只看这一下。,,郎罢，方言，读róng bà。,①父亲。,,福建民间传说，古代有个孝子秦正，对父母毕恭毕敬，尤其对严父惧怕十分，不敢正视。有人与之打赌，敢不敢打一下父亲。秦正性又好强，勉为其难。当父亲午间坐着打瞌睡时，想轻轻打那么一下，表示自己的胆量，但是当他举起手来的时候，腿发软，手发抖，被父亲一个呼噜吓瘫在地，这一下终于不敢打。,福州市,修养类,德行,50,简兮,2019-11-22,,
0377,上半盲①肖鸡，下半盲肖鸭。,,,①夜。,讥多变者。,,鼓楼区,修养类,德行,50,简兮,2019-11-22,,
0378,心肝生胼①。,,胼，方言，读Piān。,①背。,讥人违背良心。,,鼓楼区,修养类,德行,50,简兮,2019-11-22,,
0379,心肝拍拍，不怕菩萨。,,,,谓问心无愧，不怕鬼神。,,鼓楼区,修养类,德行,50,简兮,2019-11-22,,
0380,吃鱼应记金钩钓，吃笋应记栽竹人。,,,,此谚讽喻，饮水思源，不可忘本。,,福州市,修养类,德行,50,简兮,2019-11-22,,
0381,让人三分不算输。,,,,,,鼓楼区,修养类,德行,51,简兮,2019-11-22,,
0382,没位争当中。,,,,没有你的位置，却钻进中间正位落座。喻篡位者可耻。,,鼓楼区,修养类,德行,51,简兮,2019-11-22,,
0383,人开井，伊食水。,,,,讥坐享其成的人。,,鼓楼区,修养类,德行,51,简兮,2019-11-22,,
0384,人上楼，伊拔梯。,,,,别人上楼，搬掉梯子，喻伺机陷害。,,鼓楼区,修养类,德行,51,简兮,2019-11-22,,
0385,人无廉耻，不如一死。,,,,,,鼓楼区,修养类,德行,51,简兮,2019-11-22,,
0386,人见利而不见害，鱼见饵而不见钩。,,,,,,鼓楼区,修养类,德行,51,简兮,2019-11-22,,
0387,老鼠爬天平自称自夸。,,,,,,鼓楼区,修养类,德行,51,简兮,2019-11-22,,
0388,君子动口不动手，小人动手不动口。,,,,,,鼓楼区,修养类,德行,51,简兮,2019-11-22,,
0389,新娘一过门，媒人丢过墙。,,,,达到目的，忘了恩人。与“过桥丢拐”同义。,,鼓楼区,修养类,德行,51,简兮,2019-11-22,,
0390,南风南斜，北风北斜。,,,,摇摆不定，没有立场。,,鼓楼区,修养类,德行,51,简兮,2019-11-22,,
0391,好心有好报。,,,,,,鼓楼区,修养类,德行,51,简兮,2019-11-22,,
0392,侯人①难经三回惹。,,侯人，方言，读hēi rùn。,①骚货。,骚货的女人经不超男人挑逗，很容易跟人发生不正当关系。,,鼓楼区,修养类,德行,51,简兮,2019-11-22,,
0393,破船装私盐。,,,,破缸破摔，铤而走险。,,鼓楼区,修养类,德行,52,简兮,2019-11-22,,
0394,真侯假定。,,,,风骚的女人闽人谓“侯”，表面伪装文静庄重借以迷惑男子。,,鼓楼区,修养类,德行,52,简兮,2019-11-22,,
0395,丈奶伤寒，灸女婿后脚眼。,,,,"闽人丈母娘都很嘻爱自己的女婿，女婿有半爿{仔,囝}（即半个儿子）之称。丈母娘与之亲近，无人非议。有些不正经的丈母娘，乘机与女婿发生了不正当关系，二人睡在一铺，丈母娘得了伤寒病，灸错了女婿的脚后跟，此谚今已罕见。",,鼓楼区,修养类,德行,52,简兮,2019-11-22,,
0396,未食三天菜，就想上西天。,,,,,,鼓楼区,修养类,德行,52,简兮,2019-11-22,,
0397,无鲎睨乃①。,,睨乃，方言，读hé lāi。,①看着小篮子。,喻无中生有。,,鼓楼区,修养类,德行,52,简兮,2019-11-22,,
0398,无姆等人死，无位等人起。,,,,为了自己得到好处，总盼望着有机可乘，是自私的妄想。,,鼓楼区,修养类,德行,52,简兮,2019-11-22,,
0399,见着先生就算命。,,,,闽称以五行八字推算一生命运者为“看命先生”。此谚讥善于钻营的人，有机会都钻。,,鼓楼区,修养类,德行,52,简兮,2019-11-22,,
0400,欠人钱债慢慢还，吃了肥白街上环。,,,,借了钱债不守信，有余钱先图自己享受，讥赖债者。,,鼓楼区,修养类,德行,53,简兮,2019-11-22,,
0401,见糟就醉。,,,,讥好色之徒。,,鼓楼区,修养类,德行,53,简兮,2019-11-22,,
0402,当面是人，背后是鬼。,,,,闽谓男女非法姘居为“夹纱挂”夹纱重马挂，讥姘居者混帐可耻。,,鼓楼区,修养类,德行,53,简兮,2019-11-22,,
0403,夹纱重马挂。,,,,,,鼓楼区,修养类,德行,53,简兮,2019-11-22,,
0404,救急没救穷。,,,,救急，是民间的一种传统道德，诸如抉贫济困，见义勇为，劫富济贫等。“穷”指不思进取，荒唐颓废，自甘落后的废人。此谚反映福州民间的一种道德观。,,福州市,修养类,德行,53,简兮,2019-11-22,,
0405,李闯打天下，顺治坐朝。,,,,世上有不少人不劳而获坐享其成或夺享其成，可耻。,,福州市,修养类,德行,53,简兮,2019-11-22,,
0406,岂能尽如人意，但求无愧我心。,,,,,,福州市,修养类,德行,53,简兮,2019-11-22,,
0407,一槌打两橛。,,橛，方言，读kuō。,①截成段。,喻一举两得。,,福州市,修养类,智慧,54,简兮,2019-11-22,,
0408,头弹尾翘。,,,,头脑反映迅速，思路灵敏。,,鼓楼区,修养类,智慧,54,简兮,2019-11-22,,
0409,一手抓钱，一手抓命。,一手妈①钱，一手妈命。,妈，方言，读mā。,①抓,讥贪财而又怕死的人。,,福州市,修养类,胆识,54,简兮,2019-11-22,,
0410,又惊猫又惊鼠。,,,,没有胆识的人，顾虑重重，与“前怕狼后怕虎”同义。,,福州市,修养类,胆识,54,简兮,2019-11-22,,
0411,胭脂马不好骑。,,,,胭脂色泽的马，属烈性骏马，一般人不易驾驭。喻刚强的人才，也是不易驾驭。有胆识者便会运用这种人材。,,鼓楼区,修养类,胆识,54,简兮,2019-11-22,,
0412,心肝用磨层压。,,,,磨的上层谓之磨层，表明重量之沉。有胆识者心中安然。,,鼓楼区,修养类,胆识,55,简兮,2019-11-22,,
0413,无禁无忌，做事都是。,,,,禁忌是迷信的行为表现。有胆识者无禁无忌。,,鼓楼区,修养类,胆识,55,简兮,2019-11-22,,
0414,不知天高地厚。,,,,,,鼓楼区,修养类,胆识,55,简兮,2019-11-22,,
0415,"牛{仔,囝}{不识,儥仈}虎。",,,,,,鼓楼区,修养类,胆识,55,简兮,2019-11-22,,
0416,鼻孔脚未插不哈嚏。,,,,"与“牛{仔,囝}未穿鼻不知厉害”同义。",,鼓楼区,修养类,胆识,55,简兮,2019-11-22,,
0417,反山东，劫皇杠。,,,,男子汉大丈夫必有惊人之举。反山东，劫皇杠是唐朝程咬金起义故事。,,鼓楼区,修养类,胆识,55,简兮,2019-11-22,,
0418,做贼靠胆大。,,,,,,鼓楼区,修养类,胆识,55,简兮,2019-11-22,,
0419,宁作太平犬，不作乱世人。,,,,在混乱不安的时代，人民沦于水深火热之中，过着牛马不如的生活，此谚反映几千年来，人民群众盼望安定，盼望过太平日子的愿望。,,鼓楼区,修养类,胆识,55,简兮,2019-11-22,,
0432,三十盲晡学拳头，正月初一早使。,,,,刚学到的东西，自以为得意，第二天就付诸实践，结果居多碰壁。与“浅尝辄止”同义。,,鼓楼区,修养类,学习,56,简兮,2019-11-22,,
0433,是师要拜，是𥻗①要挼②。,,𥻗，方言，读ziǎ。挼，方言，读vuì。,①湿磨的米粉或湿拌的面粉均谓“𥻗”。②挼，动词，反复推压绞拌。,人家有本事就得老实拜人为师，要想学本事就得磨练。,,福州市,修养类,学习,56,简兮,2019-11-22,,
0434,学坏容易，学好艰难。,,,,,,福州市,修养类,学习,56,简兮,2019-11-22,,
0435,学如逆水行舟。,,,,,,福州市,修养类,学习,56,简兮,2019-11-22,,
0436,活到老，学到老。,,,,,,福州市,修养类,学习,56,简兮,2019-11-22,,
0437,九十九还要问一百。,,,,,,福州市,修养类,学习,56,简兮,2019-11-22,,
0438,学问学问即学必问。,,,,,,福州市,修养类,学习,56,简兮,2019-11-22,,
0439,三人同行必有我师。,,,,,,福州市,修养类,学习,56,简兮,2019-11-22,,
0440,没学打虎艺，不敢上山岗；没学拎龙术，不敢下深渊。,,,,喻未学会某种技术，就不敢做某项事。要想办好一件事，首先要学好本领。,,福州市,修养类,学习,56,简兮,2019-11-22,,
0420,一等光根朱光龙。,,,,相传清乾隆时，某官衙名保镖朱光龙，为人黠智，善骗多谋。此谚讽狡诈之人。,,福州市,修养类,其他,57,简兮,2019-11-22,,
0421,一去沙婆陀①。,,,①传说中的佛教西天圣地。,喻不辞而别的人踪迹杳然，有如上了西天。,,福州市,修养类,其他,57,简兮,2019-11-22,,
0422,一斤元宝灰①，出四两锡。,,,①福州迷信用的纸钱，纸上涂有锡箔，金色谓金，银色谓银，焚化后，锡箔沉淀，一斤元宝灰一般可留四两锡。,锡与式，福州土话谐音。喻惯耍花招的小人。,,福州市,修养类,其他,57,简兮,2019-11-22,,
0423,四块棺材板，搬到三块半。,,,,谓日迫西山人将死，没有什么值得威风。,,鼓楼区,修养类,其他,57,简兮,2019-11-22,,
0424,空宽①没尺寸。,,空宽，方言，读kūn kuǎn。,声腔粗大。,唱高调，吹牛皮，说大话到了无边无际的程度。福州方言讥谓“空宽没尺寸”。,,福州市,修养类,其他,57,简兮,2019-11-22,,
0425,人哄①趁人哄。,,人哄，方言，读rùn hùn。,①人们议论纷纷。,人家说什么自己就跟着起哄，没有主见。与“人云亦云”同义。,,鼓楼区,修养类,其他,58,简兮,2019-11-22,,
0426,祠堂鼓自擂。,,,,讥自吹自擂者。,,鼓楼区,修养类,其他,58,简兮,2019-11-22,,
0427,江山易改，癖气难移。,,,,,,福州市,修养类,其他,58,简兮,2019-11-22,,
0428,炮仗信①一点就着。,,炮仗信，方言，读bāo tuò sèn。,①鞭炮的引线。,喻性格爽直者，被人一挑逗，马上就动火发脾气。,,鼓楼区,修养类,其他,58,简兮,2019-11-22,,
0429,老虎虽凶不食子。,,,,,,鼓楼区,修养类,其他,58,简兮,2019-11-22,,
0430,真金不怕火。,,,,,,鼓楼区,修养类,其他,58,简兮,2019-11-22,,
0431,贼性不改。,,,,,,鼓楼区,修养类,其他,58,简兮,2019-11-22,,
0441,一条箸易折断，一把箸压不弯。,,,,,,福州市,社交,集体、团结,60,陈毓灵,2020-01-12,,
0442,一人计短，众人计长。,,,,,,福州市,社交,集体、团结,60,陈毓灵,2020-01-12,,
0443,一拳难敌四手。,,,,,,福州市,社交,集体、团结,60,陈毓灵,2020-01-12,,
0444,一人莫敌两人计。,,,,,,福州市,社交,集体、团结,60,陈毓灵,2020-01-12,,
0445,单丝不成线，单竹不成林。,,,,,,福州市,社交,集体、团结,60,陈毓灵,2020-01-12,,
0446,鱼帮水，水帮鱼。,,,,,,福州市,社交,集体、团结,60,陈毓灵,2020-01-12,,
0447,心酸不在路头啼。,,,,,,福州市,社交,个人、交游,60,陈毓灵,2020-01-12,,
0448,一人难唱一台戏,,,,,,福州市,社交,个人、交游,60,陈毓灵,2020-01-12,,
0449,一人藏，百人找。,,,,一个人把东西窝藏起来，纵使百人寻找也难找到。喻出谜语的容易，猜谜语的难。,,福州市,社交,个人、交游,60,陈毓灵,2020-01-12,,
0450,一人难遂百人意。,,,,,,福州市,社交,个人、交游,60,陈毓灵,2020-01-12,,
0451,一人做事一人当。,,,,,,福州市,社交,个人、交游,60,陈毓灵,2020-01-12,,
0452,好时烧香，坏时泼粪。,,,,,,鼓楼区,社交,个人、交游,60,陈毓灵,2020-01-12,,
0453,柴米夫妻，酒肉朋友。,,,,,,鼓楼区,社交,个人、交游,60,陈毓灵,2020-01-12,,
0454,说曹操，曹操到。,,,,刚说某人，某人恰巧来到，此谚语经常在这种场合出现在人们口上。,,鼓楼区,社交,个人、交游,60,陈毓灵,2020-01-12,,
0455,客去主人宽。,,,,客人走后主人减轻负担,,鼓楼区,社交,个人、交游,61,陈毓灵,2020-01-12,,
0456,恨生不恨死。,,,,人死万事休，量大者不记前仇。,,,社交,个人、交游,61,陈毓灵,2020-01-12,,
0457,入门三般相。,,,,初见其人，细察其举止言动，便可略知大概。,,福州市,社交,个人、交游,61,陈毓灵,2020-01-12,,
0458,一个巴掌拍不响。,,,,喻一个人吵不成架，另喻孤军作战势力单薄之意，与“孤掌难鸣”同义辞。,,福州市,社交,个人、交游,61,陈毓灵,2020-01-12,,
0459,隔河千里路。,,,,,,鼓楼区,社交,个人、交游,61,陈毓灵,2020-01-12,,
0460,千钱买邻，八百买舍。,,,,意好邻居比房舍贵。,,鼓楼区,社交,个人、交游,61,陈毓灵,2020-01-12,,
0461,瞒同行不足，骗施主有余。,,,,,,鼓楼区,社交,个人、交游,61,陈毓灵,2020-01-12,,
0462,光棍碰着光光。,,,,“光棍”指骗子。所谓“光光”，比“光棍”还狡猾的高级骗子，与“恶人自有恶人磨”同义。,,鼓楼区,社交,个人、交游,61,陈毓灵,2020-01-12,,
0463,替狗抓痒。,,,,喻无代价之举。,,鼓楼区,社交,个人、交游,61,陈毓灵,2020-01-12,,
0464,在家前日好，出外半朝难。,,,,,,鼓楼区,社交,个人、交游,61,陈毓灵,2020-01-12,,
0465,在家靠父母，出门靠朋友。,,,,,,鼓楼区,社交,个人、交游,62,陈毓灵,2020-01-12,,
0466,鼓楼前拾柴沛①朋友。,,柴沛，方言，读qiá Pèi。,①木屑或者卷木花,,《闽都别记》一书中故事。唐末王审知时期，有一对异姓兄弟俞百均和徐得兴，二人都在福州鼓楼前一家药铺当艺徒。穷人儿子相依为命，亲似骨肉，适逢兴建鼓楼，店主命他二人天天去拣木屑，以供煎药生火之用。俞百均不幸为建筑木材压得重伤，徐德兴日夜优待，数月始愈。二人后来得志，各成富贾。然而这一段总角之交的友谊他们始终没有忘记，还成世家之交。福州人称自幼总角好友，均以“鼓楼前拾柴沛朋友”为代名词，次谚流传千年，极富地域色彩。,鼓楼区,社交,个人、交游,62,陈毓灵,2020-01-12,,
0467,活人不欠死人债。,,,,有本事的人不能拖债不还更不能趁人死了赖账。,,鼓楼区,社交,个人、交游,62,陈毓灵,2020-01-12,,
0468,眉毛会讲话,,,,形容眉来眼去或眉眼传情之类。,,鼓楼区,社交,个人、交游,62,陈毓灵,2020-01-12,,
0469,一言既出，驷马①难追。,,驷，方言，读sì。,①古代四匹马拉的马车。,说出了一句话，虽用那四个马拉的车的速度都无法追得回来。即《论语》所谓“驷不及舌”，此谚在闽较为流行,,福州市,社交,待人接物,63,陈毓灵,2020-01-12,,
0470,金乡里，金厝边。,,,,意谓乡人及邻居的友谊，像金银一样宝贵。,,福州市,社交,待人接物,63,陈毓灵,2020-01-12,,
0471,一句话难益两个人。,,,,,,福州市,社交,待人接物,63,陈毓灵,2020-01-12,,
0472,人熟礼不熟。,,,,人熟，必然亲近，随便，不拘束。然而礼节，道德规范，人情道理等，却不因“人熟”可以通融。随便，马虎的。,,福州市,社交,待人接物,63,陈毓灵,2020-01-12,,
0473,千里寄鹅毛，礼轻情意重。,,,,,,福州市,社交,待人接物,63,陈毓灵,2020-01-12,,
0474,借钱亲家，讨钱冤家。,,,,借钱的时候没亲攀亲，满脸笑容，待到向其讨债时却翻脸不认人，推三推四。讥某些小人嘴脸。,,福州市,社交,待人接物,63,陈毓灵,2020-01-12,,
0475,生羊肉叫人吃。,,,,强人所难，受者啼笑皆非。,,福州市,社交,待人接物,63,陈毓灵,2020-01-12,,
0476,生做粿，熟商量。,,,,喻迁就既成事实。,,鼓楼区,社交,待人接物,64,陈毓灵,2020-01-12,,
0477,敬老当烧香。,,,,,,鼓楼区,社交,待人接物,64,陈毓灵,2020-01-12,,
0478,砖何厚，瓦何薄。,,,,不能厚此薄彼。与“看人办碗菜，待遇不一样”同义。,,鼓楼区,社交,待人接物,64,陈毓灵,2020-01-12,,
0479,雪中送炭是君子，锦上添花是小人。,,,,,,鼓楼区,社交,待人接物,64,陈毓灵,2020-01-12,,
0480,鼎边糊一纹①就熟。,,一纹，方言，读sō yòng,①做鼎边糊时须用米浆均匀地向鼎的四周泼下，这叫做“纹一纹”。,喻善于交际者初见面就如故，含贬义有些马大哈的意思。,,鼓楼区,社交,待人接物,64,陈毓灵,2020-01-12,,
0481,城里县伯①，城外墓客②。,,,①县衙当差。②管墓的人,意谓在城里当衙役的有他权利，在城外管墓的也有他的权利，在不同的地方，要尊重不同的当权人。,,鼓楼区,社交,待人接物,64,陈毓灵,2020-01-12,,
0482,大家马大家骑。,,,,谓公平的对等待遇。,,鼓楼区,社交,待人接物,64,陈毓灵,2020-01-12,,
0483,上山擒虎易，开口问人难。,,,,,,鼓楼区,社交,待人接物,64,陈毓灵,2020-01-12,,
0484,前鼎未滚，后鼎沸沸滚①。,,,①开水沸腾,讥喧宾夺主。,,福州市,社交,待人接物,64,陈毓灵,2020-01-12,,
0485,手底是肉，手面也是肉。,,,,待人接物，不分彼此，无所厚薄，一视同仁。,,福州市,社交,待人接物,65,陈毓灵,2020-01-12,,
0486,过身①使目箭②。,,过身，方言，读guò shin。  目箭，方言，读mei jian。,①言事之过去。②眼尾秋波一扫。,事情已经过去了倒来说好话。讥某些惯耍顺水人情。一种假情假意，不是待人接物的好方法。,,鼓楼区,社交,待人接物,65,陈毓灵,2020-01-12,,
0487,唧唧①水养唧唧鱼。,,唧唧，方言，读ji ji,①不多不少。,不多不少的水养着不多不少的鱼，刚刚好让鱼活着。吝啬者不肯花钱的一种借口。,,鼓楼区,社交,待人接物,65,陈毓灵,2020-01-12,,
0488,官差令差，来人不差。,,,,,,鼓楼区,社交,待人接物,65,陈毓灵,2020-01-12,,
0489,孔夫子不收隔夜贴。,,,,将来的事不能百分百预料准确。孔夫子是圣人也不敢收隔夜之请帖。,,鼓楼区,社交,待人接物,65,陈毓灵,2020-01-12,,
0490,三人五眼，长短无后话。,,,,事经第三者见证，就不能轻易翻悔不认账。,,鼓楼区,社交,待人接物,65,陈毓灵,2020-01-12,,
0491,笑穷无笑贱。,,,,宁可当婊子，不要做穷鬼，为某些少廉寡耻着画相。,,鼓楼区,社交,待人接物,66,陈毓灵,2020-01-12,,
0492,男人头，女人髻。,,,,男人的头和女人的发髻都是一样的尊贵的，不容人们戏弄。,,鼓楼区,社交,待人接物,66,陈毓灵,2020-01-12,,
0493,怪人不理，知理不怪人。,,,,深知情理的人，不会随便责怪他人的。,,鼓楼区,社交,待人接物,66,陈毓灵,2020-01-12,,
0494,亲家隔壁，礼数还在。,,,,,,鼓楼区,社交,待人接物,66,陈毓灵,2020-01-12,,
0495,请客何必在多了一双箸。,,,,,,鼓楼区,社交,待人接物,66,陈毓灵,2020-01-12,,
0496,客凭主调。,,,,客人理宜听凭主人调遣。,,鼓楼区,社交,待人接物,66,陈毓灵,2020-01-12,,
0497,酒席不吃被人怪。,,,,东家办酒请客，总希望客人都到，增加光彩，不赴宴是会被东家怪意的。,,鼓楼区,社交,待人接物,66,陈毓灵,2020-01-12,,
0498,扫帚囊①w搵屎②打你出去。,,扫帚囊，方言，读sáo yōu nòng 搵屎，方言，读lang sal,①用秃的芒帚。②沾屎。,喻憎恶其人，带侮辱性强制驱逐。,,鼓楼区,社交,待人接物,66,陈毓灵,2020-01-12,,
0499,薄礼强失礼。,,,,,,鼓楼区,社交,待人接物,66,陈毓灵,2020-01-12,,
0500,君子不赢头盘棋。,,,,,,鼓楼区,社交,待人接物,67,陈毓灵,2020-01-12,,
0501,宁可失初一，免得失十五。,,,,既然得罪人还是早点表态。,,鼓楼区,社交,待人接物,67,陈毓灵,2020-01-12,,
0502,挖东墙，补西壁。,,,,,,福州市,社交,工作,67,陈毓灵,2020-01-12,,
0503,屎急掏①粗纸②。,,掏，方言，读dò。粗纸，方言，念cū jiá。,①拿。②大便用的草纸。,事到临头才仓促行事，显得慌张。,,福州市,社交,工作,67,陈毓灵,2020-01-12,,
0504,全家勤，田头厝角出金银。,,,,,,福州市,社交,工作,67,陈毓灵,2020-01-12,,
0505,一口不能吃块饼，一天不能打口井。,,,,,,福州市,社交,工作,67,陈毓灵,2020-01-12,,
0506,和尚不能当，老婆又不能娶。,和尚卖做①姆卖讨②。,卖做，方言，念mā zōu。讨，方言，念tō。,①不能做。②老婆又不能讨。,喻事情处在左右为难之中。,,福州市,社交,工作,67,陈毓灵,2020-01-12,,
0507,头次养猪姆①，半夜挑酸蜂②。,,猪姆，方言，读dǚ móu。酸蜂，方言，念shun Pōng,①母猪。②洗米水与剩饭余菜的混合私聊，因贮久发酵，有酸味，福州方言称“酸蜂”。,初次养猪，心情激动，格外勤劳，起半夜为猪挑饲料去。喻人们初办事的高兴劲头，另外也说明初办事的无经验，夜半操劳，效果不好。,,福州市,社交,工作,67,陈毓灵,2020-01-12,,
0508,鸡姆扒粪倒①，没事找事做。,,粪倒，方言，念bòng dǎo。,垃圾,母鸡扒垃圾，整天忙碌，实际多余。喻有些人喜欢空忙，劳而无功。此谚闽地极为常用。,,福州市,社交,工作,68,陈毓灵,2020-01-12,,
0509,做福论起庙①。,,起庙，方言，念ké miù。,建庙。旧社会闽俗。人们为了祈求平安幸福，请道士在神庙里进行“做福”求禳神明法事。到了做法事的时候才去建庙宇根本来不及。讥讽有些人办事无预先计划。,,,福州市,社交,工作,68,陈毓灵,2020-01-12,,
0510,"郎罢使{仔,囝}{仔,囝}使孙。",,,,父亲指使儿子做事，儿子却退给孙子去做。喻某些办事者不负其责。如今盛行此风，替官僚主义画相。,,福州市,社交,工作,68,陈毓灵,2020-01-12,,
0511,未生子，先号名。,,,,,,鼓楼区,社交,工作,68,陈毓灵,2020-01-12,,
0512,犬咬粽。,,,,喻事情错综复杂难于调解。,,福州市,社交,工作,68,陈毓灵,2020-01-12,,
0513,来福提猪肚，生见熟不见。,,,,来福是家仆的名字。他有去买猪肚的机会，却没有吃猪肚的份。所以叫生见熟不见。为有做没吃的人打抱不平。,,鼓楼区,社交,工作,68,陈毓灵,2020-01-12,,
0514,当鬼抢不了冥头斋。,,,,旧闽俗，年终岁首，每以冥头斋供鬼神下界爷，祈平安发财。鬼抢不了此斋，说明无用之极，讥窝囊废者。,,鼓楼区,社交,工作,69,陈毓灵,2020-01-12,,
0515,慌张犬，扑无屎。,,,,,,鼓楼区,社交,工作,69,陈毓灵,2020-01-12,,
0516,道士轴①挂别人厅。,,,①画轴。,道士画条幅自己家不挂，专供他人用。用“为别人作嫁衣裳”同义。,,鼓楼区,社交,工作,69,陈毓灵,2020-01-12,,
0517,有闲站，无闲坐。,,,,旧时劳动者有站着休息片刻的功夫，没有坐着休息的时间，他们只能忙中偷闲。不象如今休假的规定。,,鼓楼区,社交,工作,69,陈毓灵,2020-01-12,,
0518,吃家饭，拉野屎。,,,,指狗猫畜生，吃家饭，乱拉大小便。讥讽既得好吃，又要做坏事的人。,,鼓楼区,社交,工作,69,陈毓灵,2020-01-12,,
0519,吃曹操饭，做刘备事。,,,,,,鼓楼区,社交,工作,69,陈毓灵,2020-01-12,,
0520,痒上不抓，痛里去挖。,,,,,,鼓楼区,社交,工作,69,陈毓灵,2020-01-12,,
0521,虎头蛇尾。,,,,,,鼓楼区,社交,工作,69,陈毓灵,2020-01-12,,
0522,弯背背包袱，吃力不讨好。,,,,,,鼓楼区,社交,工作,69,陈毓灵,2020-01-12,,
0523,乞人道，莫乞人号。,,,,宁可让人在背后议论，不允许当面给人加绰号。绰号具有漫画的高度概括，一般都带有讽刺性质。人们都有爱面子的通病，自己形象蒙上不雅之号，当然不高兴。所以在谈吐中要注意礼貌。,,鼓楼区,社交,谈吐,70,陈毓灵,2020-01-12,,
0524,天不怕，地不怕，只怕福州人讲官话。,,,,福州方言与普通话发音差异很大，一般很难学得像。同样的福州人讲普通话也都带有土腔，发音吐字难以接近规范化，说出的普通话多是“半咸淡”，一般人听了多有误解。所谓“半咸淡”即指所说的话一半是普通话，而另一半却夹带福州土话。,,鼓楼区,社交,谈吐,70,陈毓灵,2020-01-12,,
0525,轻声讲重话。,,,,,,鼓楼区,社交,谈吐,70,陈毓灵,2020-01-12,,
0526,嘴象高脚桶。,,,,高脚面桶，是闽人用来洗下身的，两头均可用。喻某些不守信义的人，说话滑头，出尔反尔。,,鼓楼区,社交,谈吐,70,陈毓灵,2020-01-12,,
0527,讲话有馅，红线系脚、唐铺老马，诸娘人。,,,,,唐末，唐兵南征我省福州、长乐、连江等地。当时百姓反抗失败，陆地上男人纷纷下海多难，弄得妻离子散，男人生活在水上当了渔民和船民。时间久了，思念亲人，唐将生怕他们卷土重来，下令只限大年初一至初三准他们上岸，他们为了不错过机会，在这个规定时间内全部登陆，借贺年名义，唱着贺年诗，提着鸭姆篮，挨家挨户讨斋。原来，当年这一代闽地男人下江海之后，剩下的女眷，均被唐兵抢占为妻。这些女眷中有的年轻有的半老徐娘，有的老太婆，并且还有美丑之别。谁都想要又年轻又漂亮的，怎么办？矛盾如此解决：不论年轻年老美丑全部用麻袋装了起来，底下露一个脚来，让唐兵自由选择。选中了便用红头绳系足，绳子上挂着标写自己名字的红签。然后打开麻袋，袋中人就是某唐兵的老婆了。上述便是“红线系脚”的来历。唐兵中拉到年轻标志的姑娘，当然兴高采烈而归。拉到半老徐娘或者老太婆的，他们就怨声怨气地称他们这些女人为“诸娘人”。被唐兵占位妻妾的诸娘人，每临春节，都忙着制作许多斋粿，将自己要说的话，写在小字条上揉成纸团，包入斋心，传送信息。他们为了引起唱诗人的注意，又在斋上标上红点，按时内存有留言条。“讲话有馅”就从这里引出。后来岸上有的诸娘人找到了原有的亲人，他们勇敢地跳出牢笼奔向水上。到了十二世纪，她们经过长期的繁衍生吸，水上船名便自成族派，谓之昼族。唱贺年诗讨斋之风一直沿袭直建国初期。不过寓意已不再是“馅中有话”，而是用红点表示吉祥喜气。,鼓楼区,社交,谈吐,70-71,陈毓灵,2020-01-12,,
0528,逢人只说三分话。未可全抛一片心。,,,,,,鼓楼区,社交类,谈吐,71,LinSQ,2020-02-08,,
0529,过头饭可吃，过头话不可讲。,,,,,,福州市,社交类,谈吐,71,LinSQ,2020-02-08,,
0530,空嘴讲白话。,,,,说话的人没有权力代表，便意味着废话连篇。,,鼓楼区,社交类,谈吐,71,LinSQ,2020-02-08,,
0531,刀嘴豆腐心。,,,,,,鼓楼区,社交类,谈吐,71,LinSQ,2020-02-08,,
0532,三十未讨姆，讲话奥乳膻。,,,,三十岁未结婚，还是孩子辈，说话还会臭到乳膻味。与“嘴上没毛，做事不牢”同义。,,鼓楼区,社交类,谈吐,72,LinSQ,2020-02-08,,
0533,三句话不离本行。,,,,,,鼓楼区,社交类,谈吐,72,LinSQ,2020-02-08,,
0534,上等诸娘讲世事，下等诸娘讲吃穿。,,,,,,鼓楼区,社交类,谈吐,72,LinSQ,2020-02-08,,
0535,"请婆奶，{仔,囝}三旦。",,,,助产婆请到时，孩子已经养出三天了，讥办事拖拉误事。,,鼓楼区,社交类,谈吐,72,LinSQ,2020-02-08,,
0536,迎亲丢了新妇。,,,,迎亲的主要对象是新娘，却丢了她，说明忘了根本。,,鼓楼区,社交类,谈吐,72,LinSQ,2020-02-08,,
0537,三跳两歇脚。,,,,以虾蟆三跳两歇脚形容工作态度打打停停。,,鼓楼区,社交类,谈吐,72,LinSQ,2020-02-08,,
0538,君子问灾不问福。,,,,,,鼓楼区,社交类,谈吐,72,LinSQ,2020-02-08,,
0539,火车不能用推，说话不能用吹。,,,,,,鼓楼区,社交类,谈吐,72,LinSQ,2020-02-08,,
0540,骂一句秃驴，十八罗汉愁眉。,,,,,,鼓楼区,社交类,谈吐,72,LinSQ,2020-02-08,,
0541,讲钱歹神气①。,,,①不好意思。,开口要钱，有失身分。,,鼓楼区,社交类,谈吐,72,LinSQ,2020-02-08,,
0542,讲到皇帝牛牵吃麦。,,,,信口雌黄，天高地阔。,,鼓楼区,社交类,谈吐,72-73,LinSQ,2020-02-08,,
0543,上湖下湖对湖，通通都是胡。,,,,福州仓山有上湖、下湖、对湖的地名。湖与胡同音，借此讽人胡说八道。,,鼓楼区,社交类,谈吐,73,LinSQ,2020-02-08,,
0544,未知心内事，且听口中言。,,,,,,鼓楼区,社交类,谈吐,73,LinSQ,2020-02-08,,
0545,耳聋会听鸭母叫更。,,,,鸭根本不会叫更，是耳聋者的错觉。,,鼓楼区,社交类,谈吐,73,LinSQ,2020-02-08,,
0546,老犬会记千年屎。,,,,讥喜扣重提旧事者。,,鼓楼区,社交类,谈吐,73,LinSQ,2020-02-08,,
0547,石荟①不知自身臭。,,,①一种具有寄臭的爬行虫类。,讽刺无自知之明的人，专会说别人的坏话，不正视自身的问题。,,福州市,社交类,训教,73,LinSQ,2020-02-08,,
0548,大汉做乞食①贪闲。,,,①乞丐,,,福州市,社交类,训教,73,LinSQ,2020-02-08,,
0549,饿死懒尸汉①，晒干河边田。,,懒尸，方言，读lān xī,①懒汉,,,福州市,社交类,训教,73,LinSQ,2020-02-08,,
0550,风吹单条竹，饿死单身哥。,,,,,,福州市,社交类,训教,73,LinSQ,2020-02-08,,
0551,良药苦口婆心。,,,,,,福州市,社交类,训教,73,LinSQ,2020-02-08,,
0552,进一步逼虎伤人，退一步天高地厚。,,,,,,福州市,社交类,训教,74,LinSQ,2020-02-08,,
0553,"犬{仔,囝}想泔①{吃,食}。",,泔，方言，念āng,①米汤糊,"犬{仔,囝}一般是吃屎吃骨头的，米汤是猪吃的，狗没资格消受。同“癞蛤蟆想吃天鹅肉”。",,福州市,社交类,训教,74,LinSQ,2020-02-08,,
0554,一滴何曾到九泉。,,,,祭奠洒在地上的酒，真的能渗透到九泉之下吗？人们对阴冥，迷信之类产生了怀疑。,,福州市,社交类,训教,74,LinSQ,2020-02-08,,
0555,一百岁能挣一百两银。,,,,,,福州市,社交类,训教,74,LinSQ,2020-02-08,,
0556,一不赌力，二不赌食。,,,,赌力赌食招来的恶果屡见不鲜，教训人们千万不要干此傻事。,,福州市,社交类,训教,74,LinSQ,2020-02-08,,
0557,吃人嘴软，得人手软。,,,,,,福州市,社交类,训教,74,LinSQ,2020-02-08,,
0558,收人钱财，替人收埋。,,,,,,福州市,社交类,训教,74,LinSQ,2020-02-08,,
0559,看贼吃，没看贼打。,,,,“贼打”，贼被打。喻，对人不要妒嫉、眼红，要想到他们的难处。,,福州市,社交类,训教,74,LinSQ,2020-02-08,,
0560,草莽①惹鸡角②,,草莽，方言，念cǎo mān,①螳螂。②公鸡,标了释义但书上没有？？,,福州市,社交类,训教,74,LinSQ,2020-02-08,,
0561,弱惹强，小惹大，最终不得便宜。,,,,,,福州市,社交类,训教,75,LinSQ,2020-02-08,,
0562,抓猪上架，抬狗落汤。,,,,抓猪上架，与抬狗落汤都是要屠宰的。猪与狗当然要大喊大叫，临死挣扎的。此谚喻逼人太甚，必然怨声载道。,,福州市,社交类,训教,75,LinSQ,2020-02-08,,
0563,蚂蚁去蛀泔腐①的柴,,泔腐，方言，念ān bò,①腐朽,喻本质有了毛病，外界的影响才能起作用。,,福州市,社交类,训教,75,LinSQ,2020-02-08,,
0564,长鼻给猪噗。,,噗，方言，念pō,,,民间传说，清末福州有个唐四，其人奸狡吝啬，颇有家资。当时有个姓方名瑞花的妇女，丈夫名叫依猪，人称她猪嫂。徐娘半老，她结识了唐四。为了谋取其财，投唐四所好。从替他代买便宜菜入手，登堂入室，先做唐四的佣人，后当唐四的姘头。让唐四贪心得到一定满足后，取其信任，偷了他的箱笼锁匙，盗取大量珠宝金银，并拐走唐四的媳妇，卖到上海为娼。唐四贪便宜上了猪嫂的当，吃了倾家荡产的大亏。闽谚：“唐鼻给猪噗”，就是数唐四的鼻子被猪嫂咬了。因方言长与唐谐音，后传为“长鼻给猪噗“。长鼻讥为贪便宜，意义更贴切,福州市,社交类,训教,75,LinSQ,2020-02-08,,
0565,乞丐难过三门户。,,,,当乞丐一般都认为是极为羞耻之事，但是只要讨了三户以上，脸皮便慢慢厚起来，习以为常了，戒人错路一步也不能走。,,福州市,社交类,训教,76,LinSQ,2020-02-08,,
0566,上有这楔①下有这例。,,楔，方言，念klē,,上面开了门路，下面当然照走。与“上梁不正下梁歪”、“上行下效”同义。,,福州市,社交类,训教,76,LinSQ,2020-02-08,,
0567,海里不去讨，碗里相争吃。,,,,,,福州市,社交类,训教,76,LinSQ,2020-02-08,,
0568,心急马倒退。,,,,,,鼓楼区,社交类,训教,76,LinSQ,2020-02-08,,
0569,小鬼未见大猪头。,,,,,旧时祭神用大猪头谢礼，祭鬼一般不用此物，一碗菜汤一碗米，小斋光饼供之便可。所以说小鬼未见大猪头，讥不见世面的人。,鼓楼区,社交类,训教,76,LinSQ,2020-02-08,,
0570,会偷吃，不会拭嘴,,,,偷吃东西的人，唇边不免留有痕迹，容易被人所察。与“要想人不知，除非己莫为”同义。,,鼓楼区,社交类,训教,76,LinSQ,2020-02-08,,
0571,"两虎相斗，必有一伤。 ",,,,,,鼓楼区,社交类,训教,76,LinSQ,2020-02-08,,
0572,"草{人,侬}{仔,囝}也会卜铜①。",,铜，方言，读dìn,①上神入魔，手舞足蹈,老实得如草扎的人，不说话，不吭气，遇到过于不平的事，也会气愤难当急得跳起来。喻凡事不可做绝。,,鼓楼区,社交类,训教,76,LinSQ,2020-02-08,,
0573,嫖嫖赌赌，自己“讨祖”①。,,讨祖，方言，tō zhū,①自行制约,旧社会是嫖赌世界。虽然公开合理化，人们对此仍有禁约的倾向。,,鼓楼区,社交类,训教,77,LinSQ,2020-02-08,,
0574,老鼠和猫共处,,,,猫鼠共处，危及鼠类。,,,社交类,训教,77,LinSQ,2020-02-08,,
0575,色字头上一把刀。,,,,,,鼓楼区,社交类,训教,77,LinSQ,2020-02-08,,
0576,五帝有捉，庙祝①有食。,,,①看庙的人,五帝来阴间抓人，人死了，牲礼祭禳，庙祝从中得食。,,鼓楼区,社交类,训教,77,LinSQ,2020-02-08,,
0577,无瘤讨鸡脬挂①。,,脬，方言，读pū,①鸡的肾脬。,讥自找麻烦。,,鼓楼区,社交类,训教,77,LinSQ,2020-02-08,,
0578,"牛{仔,囝}未贯鼻。",,,,不知其害，胆大妄为。与“初生牛犊不怕虎”同义。,,鼓楼区,社交类,训教,77,LinSQ,2020-02-08,,
0579,光棍只听头尾声。,,,,凡是骗子，注意听他说话必然有漏洞，不是自相矛盾，便是前言不对后语。此谚帮助人们识破骗子有好处。,,鼓楼区,社交类,训教,77,LinSQ,2020-02-08,,
0580,光棍一重膜，捅破泽泽落。,,,,凡是骗子都是蒙着一种伪装薄膜，经不起人们认真推敲，捅破都是水分。,,鼓楼区,社交类,训教,78,LinSQ,2020-02-08,,
0581,路旁讲话，草里有人。,,,,小事不检点，往往会带来重大的损失。,,鼓楼区,社交类,训教,78,LinSQ,2020-02-08,,
0582,人欺不是辱，人怕不是福。,,,,,,鼓楼区,社交类,训教,78,LinSQ,2020-02-08,,
0583,人心难测，海水难量。,,,,,,鼓楼区,社交类,训教,78,LinSQ,2020-02-08,,
0584,爽快三分钟，吃亏三十年。,,,,此谚源行在反右后。反右扩大化，不少人只说几句批评的话，在政治上便吃苦了三十多年，是上纲上线极左路线的产物。,,福州市,社交类,训教,78,LinSQ,2020-02-08,,
0585,靠骗取富不了，最终还是没了刁。,,,,,,鼓楼区,社交类,训教,78,LinSQ,2020-02-08,,
0586,干柴烈火。,,,,喻年青男女相处易发生两性关系。,,鼓楼区,社交类,训教,78,LinSQ,2020-02-08,,
0587,三姑六婆，不可进曹①。,,,①进屋入门。,三姑六婆泛指下流社会从事不正当职业的妇女，不能让这些妇女登门入室，产生意外。,,鼓楼区,社交类,训教,78,LinSQ,2020-02-08,,
0588,三年吃长齑，一条虾米秋①开荤。,,秋，方言，读qiū,①胡子。,,,鼓楼区,社交类,训教,78,LinSQ,2020-02-08,,
0589,上轿缠足做新人。,,,,讽临时急就之人，与“临时抱佛脚”同义。,,鼓楼区,社交类,训教,79,LinSQ,2020-02-08,,
0590,大桥头野舅。,,,,这里所指的大桥乃福州万寿桥。旧时肩舆集市，招人雇佣代步。“轿”与舅同音。谚讥不为人所重的舅父谓之野舅。,,鼓楼区,社交类,训教,79,LinSQ,2020-02-08,,
0591,下邪①不富，十二月穿济裤。,,下邪，方言，念ā xià,①用不正当的手段骗取人财。,,,鼓楼区,社交类,训教,79,LinSQ,2020-02-08,,
0592,先是人情后是债。,,,,,,鼓楼区,社交类,训教,79,LinSQ,2020-02-08,,
0593,病哑①乞犬肏。,,肏，方言，念ga。,①哑巴。,,,福州市,社交类,训教,79,LinSQ,2020-02-08,,
0594,哑子给蜂叮。,,,,,,鼓楼区,社交类,训教,79,LinSQ,2020-02-08,,
0595,翻脸跟翻纸一样。,,,,,,鼓楼区,社交类,训教,79,LinSQ,2020-02-08,,
0596,借花献佛。,,,,,,鼓楼区,社交类,训教,79,LinSQ,2020-02-08,,
0597,别人肉报孝。,,,,,,鼓楼区,社交类,训教,79,LinSQ,2020-02-08,,
0692,单身哥还嫌家发①大。,,,①家庭人口生活开支。,个人挣钱个人花还应付不了。喻懒惰者低能。,,福州市,生活类,衣食住行,92,海水江崖,2019-11-30,,
0693,开饭店还怕大吃饭。,,,,,,福州市,生活类,衣食住行,92,海水江崖,2019-11-30,,
0694,山食鹧鸪麑鹿獐，海食油翅马鲛鲳。,,,,言闽中山珍海味之美。麑鹿獐今已属稀有动物，油翅就是鲥鱼，味美不亚马鲛、鲳鱼。,,福州市,生活类,衣食住行,92,海水江崖,2019-11-30,,
0695,风吹单条竹，饿死单身哥。,,,,,,福州市,生活类,衣食住行,92,海水江崖,2019-11-30,,
0696,靠着大河有水吃，靠近大山有柴烧。,,,,比喻倚仗某种势力就能获益。,,鼓楼区,生活类,衣食住行,92,海水江崖,2019-11-30,,
0697,头是门面，脚是厅。,,,,谓妇女头上妆饰极关主要，是装门面的，足部的穿戴也不宜简慢。富足与否，大厅的摆设，便可见之一二。故有“品头评足”之说。,,鼓楼区,生活类,衣食住行,92,海水江崖,2019-11-30,,
0698,寅吃卯粮。,,,,食粮无计划，致寅年预吃到卯年的粮，喻吃过头粮。,,鼓楼区,生活类,衣食住行,92,海水江崖,2019-11-30,,
0699,出路由路。,,,,上了旅途，行程无法精确预计，只能走了算。,,鼓楼区,生活类,衣食住行,92,海水江崖,2019-11-30,,
0700,三分人样七分装，七分人样不用装。,,,,,,福州市,生活类,衣食住行,92-93,海水江崖,2019-11-30,,
0701,女大不中留，留了结冤仇。,,,,,,鼓楼区,生活类,衣食住行,93,海水江崖,2019-11-30,,
0702,蜻蜓自吃尾。,,,,,,福州市,生活类,衣食住行,93,海水江崖,2019-11-30,,
0703,腹饱不如心宽。,,,,,,鼓楼区,生活类,衣食住行,93,海水江崖,2019-11-30,,
0704,新粪坑好拉屎。,,,,,,福州市,生活类,衣食住行,93,海水江崖,2019-11-30,,
0705,有钱买饼当街咬。,,,,,,鼓楼区,生活类,衣食住行,93,海水江崖,2019-11-30,,
0706,客气吃没吃乇①。,,乇，方言，念lō。,①东西、食物。,过份客气了吃不到东西，自己吃亏。,,鼓楼区,生活类,衣食住行,93,海水江崖,2019-11-30,,
0707,吃粥看戏，吃饭做大计①。,,,①劳动、做事。,要想吃好吃饱，必须积极劳动生产，一心想玩看戏，只好吃稀饭度日。,,福州市,生活类,衣食住行,93,海水江崖,2019-11-30,,
0708,菜里三碗荤，荤里三碗菜。,,,,这里的菜，即素食类。佛家认为葱、蒜、韭虽然是蔬菜类，然而食之能刺激性器官，故谓淫菜，当做荤味来禁。水产海带、海苔、紫菜虽然味荤，可是却滋阴，故列素食，僧家可用。,,鼓楼区,生活类,衣食住行,93,海水江崖,2019-11-30,,
0709,肉吃肉做，菜吃菜做。,,,,,,福州市,生活类,衣食住行,93,海水江崖,2019-11-30,,
0710,吃一夹二睨三。,,,,贪吃的人上酒席，吃菜的丑相。嘴巴在吃第一箸菜，箸子又夹第二块好肉，眼睛又在留意第三块的好料。多么深刻的描写。,,福州市,生活类,衣食住行,93,海水江崖,2019-11-30,,
0711,吃茬茬①，做懒懒，每月工资凡在。,,茬茬，方言，念jai jai。,①吃饱饱的。,揭露怠工者的阴暗心理状态。这是“吃大锅饭”的产物。,,福州市,生活类,衣食住行,94,海水江崖,2019-11-30,,
0712,毡头褥毯，莫抵“人简”①。,,“人简”，方言，读yùn gān。,①稻草。,农家编织稻草为垫以御寒，十分暖和，一般毡毯不一定比得上。另一角度此谚在某种意义上反映农民守旧意识。,,福州市,生活类,衣食住行,94,海水江崖,2019-11-30,,
0713,穿靴用鞋拔。,,,,穿靴用不上鞋拔的，讥多此一举。,,鼓楼区,生活类,衣食住行,94,海水江崖,2019-11-30,,
0714,金被罩鸡笼。,,,,谓外表好看，内实空虚。,,鼓楼区,生活类,衣食住行,94,海水江崖,2019-11-30,,
0715,未上床，先争被。,,,,,,鼓楼区,生活类,衣食住行,94,海水江崖,2019-11-30,,
0716,火腿猪头鹅。,,,,福州谢神大礼必备佳品。,,鼓楼区,生活类,衣食住行,94,海水江崖,2019-11-30,,
0717,大鼎饭，小鼎菜。,,,,米多则饭香，菜少而味佳。今之所谓“小灶”，就是说有高质量的菜肴。,,鼓楼区,生活类,衣食住行,94,海水江崖,2019-11-30,,
0718,斤鸡马蹄鳖。,,,,一斤多的鸡与马蹄般大小的鳖，其肉最嫩，其味最美。,,鼓楼区,生活类,衣食住行,94-95,海水江崖,2019-11-30,,
0719,长脚穿鞋，短脚出钱。,,,,,,鼓楼区,生活类,衣食住行,95,海水江崖,2019-11-30,,
0720,手捷口快喉咙宽。,,,,讥在宴席上抢食菜肴的狼狈相。,,鼓楼区,生活类,衣食住行,95,海水江崖,2019-11-30,,
0721,无钱也要腹圆。,,,,无金钱代价，也要图一餐酒醉饭饱。,,鼓楼区,生活类,衣食住行,95,海水江崖,2019-11-30,,
0722,无菜不吃饭。,,,,,,鼓楼区,生活类,衣食住行,95,海水江崖,2019-11-30,,
0723,自嘴没沾，那有食物分厝边。,,,,自己没东西吃，用什么分给乡里食用。谓自顾不暇，何恤他人！,,鼓楼区,生活类,衣食住行,95,海水江崖,2019-11-30,,
0724,明里施舍，暗中分赃。,,,,,,鼓楼区,生活类,衣食住行,95,海水江崖,2019-11-30,,
0725,有日天堂，无日地狱。,,,,,,鼓楼区,生活类,衣食住行,95,海水江崖,2019-11-30,,
0726,有鸟有栏杆。,,,,喻妇女有所归宿。,,鼓楼区,生活类,衣食住行,95,海水江崖,2019-11-30,,
0727,有米煮饭不怕迟。,,,,,,鼓楼区,生活类,衣食住行,95,海水江崖,2019-11-30,,
0728,佛要金装，人要衣装。,,,,,,鼓楼区,生活类,衣食住行,95,海水江崖,2019-11-30,,
0729,有勤不俭枉徒劳，有俭不勤空受饿。,,,,,,福州市,生活类,持家经营,95,海水江崖,2019-11-30,,
0730,一分钱要俭，一千钱要花。,,,,,,福州市,生活类,持家经营,95,海水江崖,2019-11-30,,
0731,一狮①一法门，一家一家规。,,狮，方言，念sāi。,①法师或道士。,每个法师都有自己特有的法术，每个家庭也有它自己的家规，不能强求一致，谓事物的复杂性。,,福州市,生活类,持家经营,96,海水江崖,2019-11-30,,
0732,七个吃饭，八人当家。,,,,讽政出多门。,,福州市,生活类,持家经营,96,海水江崖,2019-11-30,,
0733,九十九整一百。,,,,讽鄙吝的人，深恐积钱不多。,,福州市,生活类,持家经营,96,海水江崖,2019-11-30,,
0734,会扒卖算，买饼当顿。,,,,不会计算的人，买饼当饭吃，这样花钱就更多了。,,福州市,生活类,持家经营,96,海水江崖,2019-11-30,,
0735,大吃不穷失算穷。,,,,,,鼓楼区,生活类,持家经营,96,海水江崖,2019-11-30,,
0736,卖货不吃货。,,,,做小买卖者，舍不得吃自己贩卖的食品。,,鼓楼区,生活类,持家经营,96,海水江崖,2019-11-30,,
0737,手里趁，手里使。,,,,收入不多，随赚随用，手头没有余款。,,鼓楼区,生活类,持家经营,96,海水江崖,2019-11-30,,
0738,早起三朝当一工。,,,,三天早起，可抵得一天工夫。,,鼓楼区,生活类,持家经营,96,海水江崖,2019-11-30,,
0739,鼻屎当盐食。,,,,讥吝啬之人。,,鼓楼区,生活类,持家经营,96-97,海水江崖,2019-11-30,,
0740,“夹”字不好写。,,,,这个“夹”字解释为合伙。凡合办的事情免不了口舌。此谚主张凡事还是独营好。,,鼓楼区,生活类,持家经营,97,海水江崖,2019-11-30,,
0741,蚬壳掏得染缸干。,,,,蚬壳体质小，然而长久不断掏舀，也会把染缸中染料水舀干的。,,鼓楼区,生活类,持家经营,97,海水江崖,2019-11-30,,
0742,闲工补笊篱①。,,笊篱，方言，读zia lie。,①厨具，竹制漏瓢。,笊篱的功能在于漏水，把笊篱补密，讥浪费时间人力。,,鼓楼区,生活类,持家经营,97,海水江崖,2019-11-30,,
0743,常将有日思无日，莫将无时思有时。,,,,提倡积谷防饥，反对浪费。,,鼓楼区,生活类,持家经营,97,海水江崖,2019-11-30,,
0744,家上八口难当。,,,,,,鼓楼区,生活类,持家经营,97,海水江崖,2019-11-30,,
0745,前人种地，后人收成。,,,,,,鼓楼区,生活类,持家经营,97,海水江崖,2019-11-30,,
0746,讨姆①讨会着②，还胜吃补药。,,会着，方言，读è duò。,①娶老婆。②满意、理想。,,,福州市,生活类,恋爱婚姻,97,海水江崖,2019-11-30,,
0747,做花莫做夹竹桃，做人莫做人细婆①。,,细婆se bò。,①妾。,夹竹桃的花草只能栽在路旁与住宅的周围作为篱笆点缀，不为人们所重视。做人家的妾室偏房同样被人轻视。表明旧社会一夫多妻制的残酷性。,,福州市,生活类,恋爱婚姻,97-98,海水江崖,2019-11-30,,
0748,一夫一妻多合理，夫妻恩爱百年长。,,,,,,福州市,生活类,恋爱婚姻,98,海水江崖,2019-11-30,,
0749,一儿一女一枝花，多儿多女累死妈。,,,,喻计划生育的好处。,,福州市,生活类,恋爱婚姻,98,海水江崖,2019-11-30,,
0750,一夜夫妻百夜恩。,,,,颂扬崇高情义之人，就是做一夜夫妻，一生也不背弃。对于玩弄感情，把神圣的爱情当作逢场作戏者是一个鲜明的对照。,,福州市,生活类,恋爱婚姻,98,海水江崖,2019-11-30,,
0751,一个女儿领两家礼。,,,,一女两婿，在旧社会也是不允许的。讽刺贪财父母胡作非为。,,福州市,生活类,恋爱婚姻,98,海水江崖,2019-11-30,,
0752,一年嫁九婿，无婿中过年。,,,,一年嫁了九个丈夫，可没有一个能赖以过年的。讥某些妇女对待婚姻轻率的结果。,,福州市,生活类,恋爱婚姻,98,海水江崖,2019-11-30,,
0753,一朵花插在牛屎巴。,,,,,传说很久以前，福州西郊凤凰池地方出一对夫妻，男的是个走街串巷的卖布劳动者，品貌不扬。女的却是个多才多艺天姿国色的美娘子，缝制衣服巧夺天工，并且能写一手好字。无人不钦佩她的才、色、艺。邻村有个私塾老师见之生妒，以一朵鲜花插在牛屎巴上作为红包赠给她。此女知道这个老先生耻笑她嫁个不配对的丈夫，欲与其夫分离。私塾先生原意在于戏弄，不料却拆散人家姻缘，觉得过于缺德，遂在此女回娘家路上泼泥水不让过去，寓泼水难收之意，并用诗歌喻以红线系脚故事，使她顾及结发夫妻情义，回心转意，与原夫破镜重圆。,福州市,生活类,恋爱婚姻,98-99,海水江崖,2019-11-30,,
0754,卖菜看篮底，讨姆看丈奶①。,,姆，方言，读mǎ。丈奶，方言，读duǎng yiie（入）。,①丈母娘。,从丈母娘的为人，可以约略估测其女的性格与善恶。,,福州市,生活类,恋爱婚姻,99,海水江崖,2019-11-30,,
0755,爱的嫌不了，嫌的爱不进。,,,,,,福州市,生活类,恋爱婚姻,99,海水江崖,2019-11-30,,
0756,热饭损菜，热姆①损婿②。,,姆，方言，念mǒ。,①刚娶的老婆。②这里婿作为丈夫解释。,,,福州市,生活类,恋爱婚姻,99,海水江崖,2019-11-30,,
0757,圣朝天子文章贵，恩爱夫妻日月长。,,,,闽剧科班，以此二语，作为唱腔练音之用，久而久之，流传成谚。,,鼓楼区,生活类,恋爱婚姻,99,海水江崖,2019-11-30,,
0758,一刷刷①二落落②三该索③。,,刷，念shóu。落，念lōu。该索，念gài shóu。,①部队军官。②机关干部。③农民。,五十年代女子找对象，最理想找部队军官，其次找机关干部，最低标准才和农民结合。,,福州市,生活类,恋爱婚姻,99-100,海水江崖,2019-11-30,,
0759,头嫁不知嫁，二嫁拣选嫁，三嫁搭架嫁。,,,,讥某些妇女把爱情视为商品，挑三拣四找对象，均以金钱为目标。,,福州市,生活类,恋爱婚姻,100,海水江崖,2019-11-30,,
0760,拣而又拣，拣到没尾犬。,,,,讥某些女子选择对象不切实际，高不成，低不就，错过青春，到了大龄，自我降低条件，违心地与不理想者结合，遣恨终身。,,福州市,生活类,恋爱婚姻,100,海水江崖,2019-11-30,,
0761,一台胞、二港澳、三番客。,,,,某些拜金主义者，选择对象，谁最富把谁列在最前头，上述的选择便见端倪。,,福州市,生活类,恋爱婚姻,100,海水江崖,2019-11-30,,
0762,招姐做新妇。,,,,福州民间传说，古时福州有一姑娘名招姐，做事一贯慌慌张张，带有三分傻痴。婚姻高不成低不就，拖到三十岁那年，才跟一个冒充大家子弟的和尚结婚。办喜事当天，招姐忙里忙外，慌慌张张闹出许多笑话。所以闽人谓人们临事慌张的神态皆以“招姐做新妇”形容之。新妇即新娘的称谓。,,福州市,生活类,恋爱婚姻,100,海水江崖,2019-11-30,,
0763,贪财嫁老婿。,,,,因贪人钱财，小姑娘嫁给老年婿。,,鼓楼区,生活类,恋爱婚姻,100,海水江崖,2019-11-30,,
0764,三哥嫁一妹，满头珍珠穗。,,,,三哥者年岁较大也。岁数大的男子多已立业，手头有锁积余，妆奁必丰。,,鼓楼区,生活类,恋爱婚姻,100-101,海水江崖,2019-11-30,,
0765,腿伸别人桌下。,,,,婚姻变调，移爱他人。另一解释有吃别人饭替别人做事的意思。,,鼓楼区,生活类,恋爱婚姻,101,海水江崖,2019-11-30,,
0766,花对花，柳对柳，畚箕对扫帚。,,,,喻门当户对。,,鼓楼区,生活类,恋爱婚姻,101,海水江崖,2019-11-30,,
0767,琵琶弹别调。,,,,喻妇女改嫁，另觅知音。,,鼓楼区,生活类,恋爱婚姻,101,海水江崖,2019-11-30,,
0768,"容{仔,囝}①咬奶头。",,,①溺爱纵容儿子。,,福州民间传说，古时有个骄子，自幼母亲百般溺爱，纵容护短，小时偷鱼偷菜，母亲却认为儿子机智有本事，不责不骂，偷盗成性，长大后却沦为江洋大盗，遭了杀身之祸。临刑时母亲法场祭奠。儿子因恨母只养不教，刑前要求其母让他再吃最后一口奶，母亲溺爱成性，满足了儿子的要求，结果却被儿子咬断奶头，破口骂其母：“是你害死了我！”。动人的传说后被搬上闽剧舞台。《咬奶头》这本戏流行至今不衰，富有教育意义。,福州市,生活类,子女教育,101,海水江崖,2019-11-30,,
0769,无好大，害着细①。,,细，方言，读xà。,①幼辈或晚辈。,,,鼓楼区,生活类,子女教育,101-102,海水江崖,2019-11-30,,
0770,书包寄字纸炉。,,,,旧时有敬惜字纸之风，读书人见到字纸就要捡起来，集中放特设的字纸炉（多设在街头巷尾交通要道边）内焚化。此举是为尊重孔夫子，尊重创字始祖仓颉，自古以来便提倡不乱丢纸屑之风。儿童逃学，书包没地方寄存，便放在公共场所字纸炉内。现在虽然字纸炉不存在了，但是此谚还在流行中。,,鼓楼区,生活类,子女教育,102,海水江崖,2019-11-30,,
0771,大犬爬墙，小犬学样。,,,,,,鼓楼区,生活类,子女教育,102,海水江崖,2019-11-30,,
0772,"一个{仔,囝}伲①有饭吃，两个{仔,囝}伲轮换吃，三个{仔,囝}伲没饭吃。",,"{仔,囝}伲，方言，读giang lie。",①儿子。,独子赡养父母无法推辞，两个兄弟父母只好轮换到其家吃饭，三个儿子，便互相推诿，父母就没地方吃饭了。此谚辛辣讽刺“多子多福”。,,福州市,生活类,子女教育,102,海水江崖,2019-11-30,,
0773,"伲{仔,囝}糖①搬饭甑。",,"伲{仔,囝}糖，方言。",①十三四岁少年。,十三四岁的少年，正在发育期，食量很大，故谓“搬饭甑”。,,鼓楼区,生活类,子女教育,102,海水江崖,2019-11-30,,
0774,"伲{仔,囝}没假病。",,,,,,鼓楼区,生活类,子女教育,102,海水江崖,2019-11-30,,
0775,"伲{仔,囝}痞①大人灾。",,"伲{仔,囝}痞，方言。",①小孩吵架。,小孩子吵架，家长应当明理先管教自己孩子。否则双方互为指责，必然会导致大灾。,,,生活类,子女教育,102-103,海水江崖,2019-11-30,,
0911,做田没工夫，只知脚手粗。,,,,,,福州市,生产类,农,125,陈雨芬,2019-11-30,,
0912,播田播到夏，刈稻刈两下。,,,,错过栽种的季节，必然减产。,,福州市,生产类,农,125,陈雨芬,2019-11-30,,
0913,山里红，田里空。,,,,,荔枝逢旱增产，稻谷遭旱绝收。满山荔枝红，当然田里稻谷空。,福州市,生产类,农,125,陈雨芬,2019-11-30,,
0914,千年田地八百主。,,,,人事变化无常，富者不可能长期霸占田产。,,福州市,生产类,农,125,陈雨芬,2019-11-30,,
0915,人养人只是骨，天养人肥确确。,,,,靠天吃饭的人生观，社会进化中它的存在价值也逐渐在贬值中。,,鼓楼区,生产类,农,125,陈雨芬,2019-11-30,,
0916,水无一点不为用。,,,,闽多梯田，明代开始兴修水利，山渠自高而下，便于灌溉，此谚兴。,,鼓楼区,生产类,农,125,陈雨芬,2019-11-30,,
0917,雷打秋，晚无收。,,,,秋天响雷，气候反常，可能导致农业歉收。,,鼓楼区,生产类,农,125,陈雨芬,2019-11-30,,
0918,早稻看龙舟，晚稻看中秋。,,,,早稻丰收否，端午节时便见分晓。晚稻在中秋节时也能看出端倪。,,鼓楼区,生产类,农,126,陈雨芬,2019-11-30,,
0919,好水不流别人田。,,,,,,鼓楼区,生产类,农,126,陈雨芬,2019-11-30,,
0920,拣猪屎遇着猪病泻。,,病泻，方言，读bàn xia。,①拉稀。,机遇不好。,,鼓楼区,生产类,农,126,陈雨芬,2019-11-30,,
0921,二月十九关蛎门。,,,,,福建沿海所产的海蛎，有着极严格的时令，秋末上市至次年仲春为止。故有“九月十九开蛎门，二月十九关蛎门”之谚。,福州市,生产类,渔,126,陈雨芬,2019-11-30,,
0922,一头鱏得①搅翻一池鱼。,,鱏得，方言，读tan dái,①鲇鱼，性活泼善钻游，可搅翻一池鱼。,喻小人兴风作浪，成为害群之马。,,福州市,生产类,渔,126,陈雨芬,2019-11-30,,
0923,三月白力小鲥翅。,,,,暮春时的白力鱼肉味最腰美，不亚于高档海味鲥翅。,,鼓楼区,生产类,渔,126,陈雨芬,2019-11-30,,
0924,起风才识马祖婆婆。,,,,相传我省莆田妈祖庙供奉的妈祖婆婆是一位神奇的女海神，能平风息浪为渔民和船户造福。闽台两地极为崇奉。一年一度的妈祖诞，极尽观光。此渔谚流行已久，讥讽到危险时刻才认识到有所作用的人。,,鼓楼区,生产类,渔,127,陈雨芬,2019-11-30,,
0925,生鲟活鲎，未死先臭。,,,,鲟和鲎都是海产贝类，营养丰富，一旦死了，极易变质，戒吃。,,鼓楼区,生产类,渔,127,陈雨芬,2019-11-30,,
0926,挑盐盐海。,,,,喻某些人不切实际，爱干劳而无功多余之事。与“画蛇添足”同义。,,鼓楼区,生产类,渔,127,陈雨芬,2019-11-30,,
0927,科题请亲家，不是鱼就是虾。,,,,“科题”即船民的俗称。船民的主要职业是讨鱼，他们请客当然以海产为主菜。,,鼓楼区,生产类,渔,127,陈雨芬,2019-11-30,,
0928,当被单，买“横三”①。,,,①即黄瓜鱼。,此渔谚反映：旧时春季发海的黄瓜鱼价廉物美市丰，极受人们欢迎。就是穷人也要典当了被单来购买“横三”吃。今天黄瓜鱼却价昂市少（比旧时贵30多倍），一般人很难吃到。,,福州市,生产类,渔,127,陈雨芬,2019-11-30,,
0929,糊鲨藉皮厚。,,,,,,鼓楼区,生产类,渔,127,陈雨芬,2019-11-30,,
0930,琅岐蟳，好大交①。,,,①好大腿,闽江口琅岐岛产蟳，腿特大，故有此谚。,,福州市,生产类,渔,127,陈雨芬,2019-11-30,,
0931,茉莉花赶头水①。,,,①最先上市。,办事要果断，抢先不落后。,,鼓楼区,生产类,园艺,128,陈雨芬,2019-11-30,,
0932,三月枇杷出好世。,,,,福州盛产枇杷，并且早熟，三月登市，在诸果之先。喻人之得时者。,,鼓楼区,生产类,园艺,128,陈雨芬,2019-11-30,,
0933,大暑荔枝小暑鲎。,,,,鲎为闽海水产珍品，小暑发海。荔枝则盛熟于大暑季节。,,鼓楼区,生产类,园艺,128,陈雨芬,2019-11-30,,
0934,死蛇又臭命又长，兰花又香命又短。,,,,“死蛇”是一种花名，臭味难闻，然而寿命颇长。兰花幽香，易夭折。,,鼓楼区,生产类,园艺,128,陈雨芬,2019-11-30,,
0935,死蜂活针。,,,,蜂虽死，其屁股的尾尖尚能毒人。,,鼓楼区,生产类,园艺,128,陈雨芬,2019-11-30,,
0936,有钱难买六月蔗。,,,,盛夏爱吃甘蔗，季节已过，当然无处买。,,鼓楼区,生产类,园艺,128,陈雨芬,2019-11-30,,
0937,荔枝爱花不爱子，龙眼爱子不爱花。,,,,,,鼓楼区,生产类,园艺,129,陈雨芬,2019-11-30,,
0938,线面①未做架光排。,索面①昧做架光排。,昧，方言，读muei,①面粉拌少许盐研制而成的一种福州特有的面食，细如丝线，谓之线面。福州人祝寿均用之，取线面之长，祝福人们长寿。,因为此面须放在一种特质的木架上才能拉成面条，此架不可或缺。面未做而架先排，嘲笑某种人事未做架子先排的可笑行为。,,福州市,生产类,副业,129,陈雨芬,2019-11-30,,
0939,工夫全，家司①半,,家司，方言，读gā ní。,①工具。,工夫好坏，工具优劣占一半功劳。,,福州市,生产类,工,129,陈雨芬,2019-11-30,,
0940,本匠的门破了用篾匝。,都神，①门扇用篾箍②。,都神，方言，读nìng。箍，方言，读kū。,①木匠。,木匠天天为别人造房，就是没有时间修理自己的破门，只好用竹篾箍扎应付使用，说明旧社会的木工生活的艰苦。,,福州市,生产类,工,129,陈雨芬,2019-11-30,,
0941,没拜师傅的木匠，生产过程中经常出问题。,白捏白捏①，不豹②便折。,捏，方言（读lie）入声。豹，方言，读bǎo。便折，方言，读biàn xié（入声）,,无师的木匠，制作的木零件，不是凸出来，安装不进去，便是易于折断的。嘲笑不学技艺者的低能。,,福州市,生产类,工,130,陈雨芬,2019-11-30,,
0942,修补抵不上原样。,“台补①卖②铁③原痕。”,“台补卖铁”，方言，读bài buó muē tié。,①填补，整块紧密地填补。②不，不会。③抵，卖铁，抵不上。,从前，福州有修补缺碗，鼎锅的手工艺人，经常挑着担子，（补碗担）走街穿巷，兜揽生意，其修补方法，选用子钉、铁片，油灰等材料，将原有的裂缝碎块穿孔，加固、补牢。修后，虽不大美观，但依然耐用，很受平民的欢迎。该行业现已绝迹。此谚讽喻修补的再牢固，也比不上原来的东西。,,福州市,生产类,工,130,陈雨芬,2019-11-30,,
0943,一扛扛，二染缸，三当店，四钱庄。,,,,,清末民初，人民生活贫困，社会上四种行业流行。即“扛扛”指酒库，穷人没出路，只好饮酒混日子，所以酒肆林立。“染缸”指染坊，穷人衣服穿旧了，染色如新，再继续穿用。“钱庄”典当行均属放高利贷者。此谚可以再现当时社会原貌。,福州市,生产类,工,130,陈雨芬,2019-11-30,,
0944,斧头打凿凿打柴。,,,,"层层追究责任。与“郎罢使{仔,囝}{仔,囝}使孙”有某种相似性。",,福州市,生产类,工,131,陈雨芬,2019-11-30,,
0945,桶塌无下箍。,,,,喻一事物彻底瓦解。下箍没有了，当然整个桶都要塌散了。,,鼓楼区,生产类,工,131,陈雨芬,2019-11-30,,
0946,工字无凸透①。,,凸透，方言，读tū taó,①突出。,旧社会工人靠出卖劳动力收入，一般都不会突出发财。,,福州市,生产类,工,131,陈雨芬,2019-11-30,,
0947,"洪塘{仔,囝}{不识,儥仈}爹。",,,,历史上的福州市郊洪塘乡乡民，男性多在外做苦工，早出晚归，女性在乡务农，守在家中，造成孩子知娘不知爹的怪现象。,,鼓楼区,生产类,工,131,陈雨芬,2019-11-30,,
0948,三年卖一件，一件吃三年。,,,,旧时，福州古董店利润最厚，相传只要三年卖出一件东西，便可维持三年生活开支。,,鼓楼区,生产类,工,131,陈雨芬,2019-11-30,,
0949,无针不引线。,,,,,,鼓楼区,生产类,工,132,陈雨芬,2019-11-30,,
0950,干千年，湿千年，不干不湿只半年。,,,,杉木风干只须半年，浸在水中可长期保存。,,鼓楼区,生产类,工,132,陈雨芬,2019-11-30,,
0951,工半料半。,,,,谓各种工艺制成的成品，在旧时均以原料和工资各一半计算。,,鼓楼区,生产类,工,132,陈雨芬,2019-11-30,,
0952,无铁打破锅。,,,,破锅取铁原是笑话，然而在现实生活中却随处存在。,,鼓楼区,生产类,工,132,陈雨芬,2019-11-30,,
0953,光厅暗房。,,,,旧时居房建筑提倡厅堂光线明朗，卧室要求以幽暗为主。,,鼓楼区,生产类,工,132,陈雨芬,2019-11-30,,
0954,做别人是事，学自己工。,,,,,,鼓楼区,生产类,工,132,陈雨芬,2019-11-30,,
0955,"理发做光饼，一世不成{仔,囝}。",,,,旧时看轻理发行业和制饼师傅，讥其不成才。,,鼓楼区,生产类,工,132,陈雨芬,2019-11-30,,
0956,城里灯笼向下骨。,,,,,,鼓楼区,生产类,工,132,陈雨芬,2019-11-30,,
0957,看正凿歪。,,,,愿望与现实矛盾，同“事与愿违”同义。,,鼓楼区,生产类,工,132,陈雨芬,2019-11-30,,
0958,神仙难赚兴化钱。,,,,宋太平兴国四年（979年）改太平军置兴化军。所在兴化（福建莆田北）。后移莆田（今莆田市）。宋元时泉州对外贸易商货，多经转运内地。历史下兴化县人善于经商，精打细算，就是神仙也算不过他们。,,福州市,生产类,商,133,陈雨芬,2019-11-30,,
0959,千赊不如八百现。,,,,赊欠账目，偿还有待，拖了时日，货币贬值，千金有时还升不了八百。此谚表明，旧社会甚至远古封建社会早就存在着货币贬值问题。,,福州市,生产类,商,133,陈雨芬,2019-11-30,,
0960,海水无门限。,,,,形容大海是无边无岸的。福州人们习惯用此谚喻买卖上的漫天要价。,,鼓楼区,生产类,商,133,陈雨芬,2019-11-30,,
0961,店里有老板，寺里有主持。,,,,,,鼓楼区,生产类,商,133,陈雨芬,2019-11-30,,
0962,卖油诸娘水梳头。,,,,,,鼓楼区,生产类,商,133,陈雨芬,2019-11-30,,
0963,无兴不成镇。,,,,谓兴化（今福建莆田）人多旅外经商，许多集镇闹市均有兴化人。,,鼓楼区,生产类,商,133,陈雨芬,2019-11-30,,
0964,不怕不识货，只怕货比货。,,,,,,鼓楼区,生产类,商,133,陈雨芬,2019-11-30,,
0965,分明趁，暗中蚀。,,,,表面看来是挣钱的，实际上暗中却亏本了。,,鼓楼区,生产类,商,133,陈雨芬,2019-11-30,,
0966,酱𩸞挣钱补蔬菜。,,,,建国后，蔬菜与酱（鱼奇）行业合营为蔬酱公司，酱（鱼奇）行业挣的钱多半都贴补上蔬菜的亏本。,,福州市,生产类,商,134,陈雨芬,2019-11-30,,
0967,熟熟熟，卖贵肉。,,,,,,鼓楼区,生产类,商,134,陈雨芬,2019-11-30,,
0968,猪姆肉卖乡里。,,,,,,福州市,生产类,商,134,陈雨芬,2019-11-30,,
0969,篮里拣花，目看生花。,,,,花篮中拣花，说明花之多，当然要看得眼花缭乱。,,鼓楼区,生产类,商,134,陈雨芬,2019-11-30,,
0970,延平枕，宁德剪，沙县诸娘不用拣。,,,,延平即今福建南平市，过去产品名牌皮枕，本省宁德县生产的剪刀也是当时的名牌货。我省沙县地方出美女，故当地找对象不用挑选。,,鼓楼区,生产类,商,134,陈雨芬,2019-11-30,,
0971,摊上无摆，担上无卖。,,,,市上买不到的罕见东西喻怪物。,,鼓楼区,生产类,商,134,陈雨芬,2019-11-30,,
0972,当店的利会吃死人。,,,,旧时当店以盘剥利息为主，穷人经不起剥削。,,鼓楼区,生产类,商,134,陈雨芬,2019-11-30,,
0973,连江鸡筑该①。,,筑该，方言，读dē gaī。,①鸡项下食囊，塞满食物胀大如球。,连江产菜鸡，售市时，为了家中鸡的重量，以沙土塞满鸡食囊，谓之“筑该”。讥讽好商成性者经不起激将的。,,鼓楼区,生产类,商,134,陈雨芬,2019-11-30,,
0974,啼买笑卖。,,,,哭丧着脸买货，微笑着卖货，这是旧时做生意的诀窍。,,鼓楼区,生产类,商,135,陈雨芬,2019-11-30,,
0975,住了新饭店，才识旧主人。,,,,,,鼓楼区,生产类,商,135,陈雨芬,2019-11-30,,
0976,兴三败二。,,,,旧俗，不动产买卖的介绍人润金分成。买方为“兴”，出份三成，卖方为“败”，出份二成。,,福州市,生产类,商,135,陈雨芬,2019-11-30,,
0977,同行三分仇。,,,,,,福州市,生产类,其它行业,135,陈雨芬,2019-11-30,,
0978,隔行如隔山。,,,,,,福州市,生产类,其它行业,135,陈雨芬,2019-11-30,,
0979,一年起厝三年续。,,,,旧时闽人，特别是农村建房大部分均非一次性落成，第一年建了房屋的主体部分，然后几年慢慢续建，整座落成，大约前后须要三、四年时间，这是穷办法建房，可佐证旧时闽地贫穷状况。,,福州市,生产类,其它行业,135,陈雨芬,2019-11-30,,
0980,前门进，后门出。,,,,做见不得人的事，多是怕人看到，前门进屋不敢再从前门出来，只好以后门偷偷溜走。旧社会半开门的暗娼接客多属这类性质。,,鼓楼区,生产类,其它行业,135,陈雨芬,2019-11-30,,
0981,金生银旦。,,,,戏剧团体的角色，小生角色占主要位置，一生抵九旦，剧团知名度主要靠生来创造。,,鼓楼区,生产类,其它行业,136,LinSQ,2020-02-08,,
0982,金三银四。,,,,选新村住房，三层是最佳选择。不高不矮，采光好，空气又流通、楼梯又不要走得多。所以选择住房皆以金三银四为标准。,,福州市,生产类,其它行业,136,LinSQ,2020-02-08,,
0983,三分唱七分白。,,,,演戏的艺人，他的拨巧表现，唱腔唱三分，道白占七分。,,福州市,生产类,其它行业,136,LinSQ,2020-02-08,,
0984,状元船，莫乱驶。,,,,不要张冠李戴，念错台词。,,鼓楼区,生产类,其它行业,136,LinSQ,2020-02-08,,
0985,戏班无师伯，九十九向一百。,,,,,,鼓楼区,生产类,其它行业,136,LinSQ,2020-02-08,,
0986,有脚才有身段。,,,,,当代闽剧老艺人黄荫雾常用的戏谚。黄在闽剧现代《夜光杯》中饰余丽娜，第一次出场换花时，手捧花瓶亮相。就是把童年练的“跷功”脚步以及传统的花指手势运用到时装戏中，演出了人物的身份，博得热烈的掌声。此谚源穿闽剧界。,鼓楼区,生产类,其它行业,136,LinSQ,2020-02-08,,
0987,"做细癫疤①，看戏昂{仔,囝}②",,癫疤，方言，读diān bā,①疯子。②傻瓜。,演员深入角色，以真挚、逼真、生动的表演，才能把观众带到戏的意境中去，使之如醉如痴。具有高度概括的戏谚。,,鼓楼区,生产类,其它行业,136-137,LinSQ,2020-02-08,,
0988,虎头猪肚凤尾。,,,,戏谚。编剧要求：第一必须有象样的开头给观众以强烈的印象，引人入胜。第二内容必须丰富如猪肚。第三有凤尾一样艺术魅力结束，令人余味无穷。,,福州市,生产类,其它行业,137,LinSQ,2020-02-08,,
0989,拳不离手，曲不离口。,,,,,,福州市,生产类,其它行业,137,LinSQ,2020-02-08,,
0990,年年难过年年过，处处无家处处家。,,,,,,鼓楼区,生产类,其它行业,137,LinSQ,2020-02-08,,
0991,三花做皇帝为时不久。,,,,,,鼓楼区,生产类,其它行业,137,LinSQ,2020-02-08,,
0992,三花开饭甑，花且掏酒并。,,,,旧时，福州戏班，演员地位悬殊，丑角位重主持开饭，花旦位徽只有执壶位置。,,鼓楼区,生产类,其它行业,137,LinSQ,2020-02-08,,
0993,舞台是八卦地。,,,,舞台是锻炼人，考验人千变万化的阵地。在舞台实践中能出人才。,,鼓楼区,生产类,其它行业,137,LinSQ,2020-02-08,,
0994,一竹篙压倒一船人。,,,,,,鼓楼区,生产类,其它行业,137,LinSQ,2020-02-08,,
0995,水大怕蚺蛇，水小怕秤钩。,,,,岷江上游有蚺蛇，秤钩等险滩，大水小水不利于行船。此船户谚语今已罕闻。,,鼓楼区,生产类,其它行业,137,LinSQ,2020-02-08,,
0996,行船走马三分命。,,,,旧时搞运输的人或旅游者，路途中均有危险因素，告戒人们，不要大意。就是今天科学如此发达，旅游仍然摆脱不了“三分命”之险。,,鼓楼区,生产类,其它行业,137-138,LinSQ,2020-02-08,,
0997,抗棺材张式款①。,,款，方言，读kuǎn。,①装腔作势。,旧时，抬棺木者不管重量多少，抬者几人，抬在路上均要高声么喝“咳啊！咳啊！”，装腔作势，表示抬的棺木之沉重，替丧家虚张声势显其陪葬品之多。,,鼓楼区,生产类,其它行业,138,LinSQ,2020-02-08,,
0998,抗轿吹金鼓，不吃便赌。,,,,抬轿子和吹鼓手，均是底层社会的穷人，生活贫困，所挣无多的钱，除了维持基本生活外，些徽余钱只好拿去赌博，以求幸赢。,,鼓楼区,生产类,其它行业,138,LinSQ,2020-02-08,,
1010,未注生，先注死。,,,,宿命论者胡说八道。,,鼓楼区,偏见类,封建伦理,141-142,关彳山,2019-11-18,,
1011,上身长，坐公堂，下身长，走忙忙。,,,,迷信相法：身长主贵有官做，腿长主贱，一生奔走劳碌。,,鼓楼区,偏见类,封建伦理,142,关彳山,2019-11-18,,
1012,买臣妈十八败。,,,,,相传历史上朱买臣早年穷困潦倒，皆归咎其妻命苦。离异后，买臣出仕了，其妻连续改嫁十七次皆贫困不已，接连死夫死子，最后与高官显爵的朱买臣遭遇街头。要求与买臣复婚，买臣不依，却以怜恤为借口赐彩扛（礼物）三扛，让其挑选。买臣妈只挑到不值钱的文房四宝。自认命苦得不到好处。朱买臣最后让其马头泼水马尾收，当然收不来，买臣妈撞死马前。此谚是典型的宿命论观点。,福州市,偏见类,封建伦理,142,关彳山,2019-11-18,,
1013,鬼当神敬。,,,,,,鼓楼区,偏见类,封建伦理,142,关彳山,2019-11-18,,
1014,"三代不骂天，养{仔,囝}中状元。",,,,旧时农民靠天吃饭。自然灾害造成农民颠沛流离，所以农民不骂天的没有。三代不骂天的更是绝无仅有。不骂天，文盲的农家孩子也会中状元。此谚是尊天思想的反映，以另一角度也看出骂天是消极的反抗，并不能解决实际问题。,,鼓楼区,偏见类,封建伦理,142,关彳山,2019-11-18,,
1015,不戴荠荠菜，小鬼拖裙带。,,,,旧俗三月三上巳节，妇女要戴荠荠菜，迷信谓可避鬼邪。此谚今已不传。,,鼓楼区,偏见类,封建伦理,142,关彳山,2019-11-18,,
1016,道士收花彩①，多少都会使②。,,会使，读è sǎí,①小费。②都可以。,,,福州市,偏见类,宗教迷信,143,关彳山,2019-11-18,,
1017,道士摇铃铃，有嘴没心。,,,,道士摇着铃子念经，是漫不经心的。,,福州市,偏见类,宗教迷信,143,关彳山,2019-11-18,,
1018,阎王多放一年，事情多做多少。,,,,,,鼓楼区,偏见类,宗教迷信,143,关彳山,2019-11-18,,
1019,阎王注定三更死，定不留人到四更。,,,,,,鼓楼区,偏见类,宗教迷信,143,关彳山,2019-11-18,,
1020,阎罗王遗失传票。,,,,埋怨坏人不死，因阎王传票丢失了。,,鼓楼区,偏见类,宗教迷信,143,关彳山,2019-11-18,,
1021,东岳做普渡六十年一次。,,,,福州旧时盛行普渡赛会，所谓驱瘟赶魔。东郊康山有一东岳庙，专供阎王鬼神菩萨，六十年要做一次超度。这里所指“六十年一次”，谓机会难得，不可错过的意思。,,鼓楼区,偏见类,宗教迷信,143,关彳山,2019-11-18,,
1022,四月八，无闲和尚。,,,,旧历四月初八为浴佛节，寺庙僧众皆参加庆典，因而该日和尚无闲人。,,鼓楼区,偏见类,宗教迷信,143,关彳山,2019-11-18,,
1023,有棺材，无灵位。,,,,喻有名无实。,,鼓楼区,偏见类,宗教迷信,143-144,关彳山,2019-11-18,,
1024,老鸦叫，别人死。,,,,福州习俗都认为，闻到老鸦鸣声有生死不测之祸。,,福州市,偏见类,私利观念,144,关彳山,2019-11-18,,
1025,"自己{仔,囝}金{仔,囝}银{仔,囝}，别人{仔,囝}柴头椅{仔,囝}。",,,,喻有名无实。封建社会人们普遍存在的自私偏见。,,福州市,偏见类,私利观念,144,关彳山,2019-11-18,,
1026,光棍①天生，盘数②犬生。,,盘数，方言，读bàn shǒu。,①巧计多端的骗子。②按成规办事的老实人。,旧社会的一种人生观。新社会就是要做老实人。,,福州市,偏见类,私利观念,144,关彳山,2019-11-18,,
1027,横心横肠煮饭成甑，良心天理鼎里没米。,,,,旧社会的可怕世态。,,福州市,偏见类,私利观念,144,关彳山,2019-11-18,,
1028,"门{仔,囝}关紧自做人。",,,,旧社会明哲保身者的主张，蜗居斗室，独善其身。,,福州市,偏见类,私利观念,144,关彳山,2019-11-18,,
1029,妻不如妾，妾不如婢，婢不如妓，妓不如偷，偷不如想。,,,,勾勒旧社会好色之徒的一幅可耻可恨的嘴脸。,,鼓楼区,偏见类,私利观念,144-145,关彳山,2019-11-18,,
1030,人为财死，鸟为食亡。,,,,,,鼓楼区,偏见类,私利观念,145,"关彳山, 缪若佳",2019-11-18,,
1031,无情无义曲蹄婆。,,,,曲蹄婆泛指福州大桥下旧时疍民的船妓。谓妓女无情无义，虽有道理，却属偏见。,,鼓楼区,偏见类,私利观念,145,"关彳山, 缪若佳",2019-11-18,,
0936,鸟龟进门来，老板发大财。,,,,旧俗，腊月乞丐打扮为龟进门行乞，口呼此两语，以贺财旺，老板当然肯解囊相助。此乞丐行话却成谚。今已不存。,,鼓楼区,偏见类,私利观念,145,缪若佳,2019-11-18,,
1032,公众厅堂无人扫，多子父母无处“讨罩”①,,讨罩，方言，念dáo。,①中午饭。,多子的父母，赡养之责互相推诿，父母只好挨饿。,,鼓楼区,偏见类,私利观念,145,缪若佳,2019-11-18,,
0938,吃公众，挣私家。,,,,,,鼓楼区,偏见类,私利观念,145,缪若佳,2019-11-18,,
1033,宰①鸡做没名，反害鸡母命。,,宰，方言，读tài。,①杀。,宰鸡吃没份，反害了一条母鸡命，真不合算。,,鼓楼区,偏见类,私利观念,145,缪若佳,2019-11-18,,
1034,避雨当厝主。,,,,避雨原是借他人之屋，贪心的却占为己有。与“鸦占鹊巢”同义。,,鼓楼区,偏见类,私利观念,145-146,缪若佳,2019-11-18,,
1035,时至喝水成冰，运退煮水咖①鼎。,,咖，方言，读gà。,①粘住，焦巴。,时运旺盛时候喝一声水也会变成冰的。运退时衰的时候，烧水也会烧成焦巴。宿命论者的偏见。,,福州市,偏见类,反科学,146,缪若佳,2019-11-18,,
1036,肖蛇多心事。,,,,传说，蛇性多疑。转喻，凡事左思右想，犹豫不决的人性格，事实肖蛇的人不一定疑心重。上述只是一种不适当的比喻。,,福州市,偏见类,反科学,146,缪若佳,2019-11-18,,
1037,人心①翘鼻，卖活廿四。,,,①鼻子底下上唇间穴道叫做“人心”。,相术迷信者认为凡“人心”短的寿命夭。“人心”部位翘到鼻子底下，说明“人心”短促，必定是个活不到廿四岁的短命人。古代人认为男不上五十五岁，女不上五十岁均属短寿之流。毫无科学根据的迷信偏见。,,鼓楼区,偏见类,反科学,146,缪若佳,2019-11-18,,
1038,人无横财不富，马无夜草不肥。,,,,,,鼓楼区,偏见类,反科学,146,缪若佳,2019-11-18,,
1039,大祸不死必有后福。,,,,,,鼓楼区,偏见类,反科学,146,缪若佳,2019-11-18,,
1040,十女九焖①，十男九学②。,,焖，方言，读mê；学，方言，读hoù。,①头脑不清楚，迟钝，傻瓜。②好高骛远。,十女九傻；十男有九个好高。是旧社会的一种偏见，但也有所反映。,,福州市,偏见类,反科学,146-147,缪若佳,2019-11-18,,
1044,未注生，先注死。,,,,宿命论的观点。,,鼓楼区,偏见类,反科学,147,缪若佳,2019-11-18,,
1045,财主钱，乞食命。,,,,财主为钱忘命，乞食未命行乞。,,鼓楼区,偏见类,反科学,147,缪若佳,2019-11-18,,
1046,人算不如天算。,,,,天命论者的观点。,,鼓楼区,偏见类,反科学,147,缪若佳,2019-11-18,,
1047,虎咬七世愆。,,,,闽人旧时认为，人遭虎口，表明他前世罪孽深重。纯迷信。,,鼓楼区,偏见类,反科学,147,缪若佳,2019-11-18,,
1048,姻缘天注定。,,,,反动的唯心主义论点,,鼓楼区,偏见类,反科学,147,缪若佳,2019-11-18,,
1049,男大三，门前立旗杆；女大三，井水吊会干。,,,,男女婚配，男大女三岁，必然会当官，女大男三岁，要倒霉。纯宿命论，无科学根据。,,鼓楼区,偏见类,反科学,147,缪若佳,2019-11-18,,
1050,男儿难得三更生，女儿难得午时生。,,,,宿命论者怪说，毫无科学根据。上述所生之时，他们认为可以大富大贵。,,鼓楼区,偏见类,反科学,147-148,缪若佳,2019-11-18,,
1051,男型母相，不死也“破相”①。,,,①残疾。,可以反映一种性格，决不能定相，此谚是相者的无稽之谈。,,,偏见类,反科学,148,缪若佳,2019-11-18,,
1052,命里该吃粥，煮饭忘记鹿①。,,鹿，方言，读lel。,①用漏瓢掏干谓之鹿：,命上定的躲避不了，偏见的宿命论。,,鼓楼区,偏见类,反科学,148,缪若佳,2019-11-18,,
1053,无鬼死不了。,,,,喻事情败坏，必有人中作祟。,,鼓楼区,偏见类,反科学,148,缪若佳,2019-11-18,,
1054,脚肚象竹筒，不死也害人。,,,,相术的偏见，反科学的。,,鼓楼区,偏见类,反科学,148,缪若佳,2019-11-18,,
1055,婊子上门，家散人亡。,,,,,,鼓楼区,偏见类,反科学,148,缪若佳,2019-11-18,,
1056,五更叫喜，二更叫死。,,,,公鸡如果二更啼呜，家中主死人，这是无根据的迷信。,,鼓楼区,偏见类,反科学,148,缪若佳,2019-11-18,,
1057,命带桃花得人爱，命带苦刺多人嫌。,,,,,,,偏见类,反科学,148,缪若佳,2019-11-18,,
1058,六月六，犬洗汤。,,,,闽俗，旧历六月初六日，牵犬浴于溪河，谓不可生虫虱。没有什么科学根据。,,鼓楼区,偏见类,反科学,148,缪若佳,2019-11-18,,
1059,"有鸡有鸡米，有{仔,囝}有{仔,囝}粮。",,,,这是旧社会不搞计划生育的借口，应予批判。,,鼓楼区,偏见类,反科学,149,关彳山,2019-11-18,,
1060,敬神如神在。,,,,,,鼓楼区,偏见类,反科学,149,关彳山,2019-11-18,,
1061,"鸡角{仔,囝}①未大先叫更。",,"鸡角{仔,囝}，方言读géi Piē PiǎnP",①未成熟的小公鸡。,未成熟的小公鸡叫更一般不可能。讥讽年轻瞎闹者。,,鼓楼区,偏见类,反科学,149,关彳山,2019-11-18,,
1062,老鼠邀猫看元宵。,,,,,,鼓楼区,偏见类,反科学,149,关彳山,2019-11-18,,
1063,天上无云不下雨，地上无媒不成亲。,,,,封建包办婚姻的习俗，旧社会媒人的骗人术话。,,鼓楼区,偏见类,反科学,149,关彳山,2019-11-18,,
1064,男不看三国，女不看小说。,,,,男的看了三国易变奸诈，女的多看小说易于诲淫。,,鼓楼区,偏见类,反科学,149,关彳山,2019-11-18,,
1065,赌能发财，天下谋生第一；嫖不害命，人间乐事无双。,,,,,,鼓楼区,偏见类,反科学,149,关彳山,2019-11-18,,
1066,脸上无肉，不可相熟。,,,,诡计多端善于谋算，因费脑而伤体，脸上瘦削。与此类人打交道有危险。虽有一些道理，但不能一概而论。,,鼓楼区,偏见类,反科学,149,关彳山,2019-11-18,,
1067,相由心改。,,,,看命看相本有“定数”之说，此谚又破了这个“定数”。说明迷信这一套理论，很多不能自圆其说和自相矛盾的。,,鼓楼区,偏见类,反科学,149-150,关彳山,2019-11-18,,
1068,运筹帷幄，决胜千里外。,,,,,,福州市,军事类,战略战术,152,关彳山,2019-11-18,,
1069,高筑墙，广积粮，不称王。,,,,这是古代军事家刘邦的名谚。他要想战胜比他实力强大的项羽，必须加强防御工事，广积粮草，大量招兵买马，不断充实与扩大自己的军事实力，不要急于称王称帝，首先要收买军心民心。此谚流行全国，也流行福州地区。,,福州市,军事类,战略战术,152,关彳山,2019-11-18,,
1070,三十六计，走为上策。,,,,孙子兵法有三十六计，“走为上策”是最后一计。这里所指的“走”，不是逃走的走，而是毛主席所阐明的战略战术：“运动战”的“走”。,,福州市,军事类,战略战术,152,关彳山,2019-11-18,,
1071,知己知彼，百战百胜。,,,,,,福州市,军事类,战略战术,152,关彳山,2019-11-18,,
1072,韩信点兵，多多益善。,,,,韩信善于运行阵地战，他是讲实力的，以众胜寡，除讲究兵的质量外，他还强调兵的数量。,,福州市,军事类,战略战术,152,关彳山,2019-11-18,,
1073,穷寇莫追。,,,,,,福州市,军事类,战略战术,152,关彳山,2019-11-18,,
1074,兵不厌诈，声东击西。,,,,,,福州市,军事类,战略战术,152,关彳山,2019-11-18,,
1075,慈不掌兵，义不掌财。,,,,,,鼓楼区,军事类,战略战术,152,关彳山,2019-11-18,,
1076,先礼而后兵。,,,,待人先行礼义，解决不了问题方可动武。这是兵谚的泛用。,,福州市,军事类,战略战术,152,关彳山,2019-11-18,,
1077,先小人，后君子。,,,,,,鼓楼区,军事类,战略战术,153,关彳山,2019-11-18,,
1078,先下手为强，后下手遭殃。,,,,,,鼓楼区,军事类,战略战术,153,关彳山,2019-11-18,,
1079,救兵如救火。,,,,,,鼓楼区,军事类,战略战术,153,关彳山,2019-11-18,,
1080,宁可失城门，不可失狗洞。,,,,指夜间巡逻，城门有大兵把守，而狗洞是奸细阴谋之地。,,鼓楼区,军事类,战略战术,153,关彳山,2019-11-18,,
1081,一时之胜在于力，千古之胜在于理。,,,,凭武力只能取得一时一地之胜利，凭真理方能获得永远胜利。,,福州市,军事类,战略战术,153,关彳山,2019-11-18,,
1082,能管千军万马，不能管自己老婆。,,,,不少将军元帅，听了老婆不正确意见后，事业毁于一旦。,,福州市,军事类,战略战术,153,关彳山,2019-11-18,,
1083,先打后商量。,,,,不宣而战，偷袭战略。与“先礼后兵”不同。,,鼓楼区,军事类,战略战术,153,关彳山,2019-11-18,,
1084,挂彩光荣，轻伤不下火线。,,,,“新兵怕炮，老兵怕机枪”旧军队士兵的贪生怕死的观念与此谚正成反比。此谚闪耀着人民部队公战之勇的思想光华。,,福州市,军事类,英勇机智,153,关彳山,2019-11-18,,
1085,小米加步枪打败飞机加大炮。,,,,,,福州市,军事类,英勇机智,153,关彳山,2019-11-18,,
1086,强将手下无弱兵。,,,,,,鼓楼区,军事类,英勇机智,154,关彳山,2019-11-18,,
1087,重赏之下，必有勇夫。,,,,,,福州市,军事类,英勇机智,154,关彳山,2019-11-18,,
1088,一夫当关，万夫莫敌。,,,,,,福州市,军事类,英勇机智,154,关彳山,2019-11-18,,
1089,人民战争是汪洋大海。,,,,,,福州市,军事类,军民关系,154,关彳山,2019-11-18,,
1090,人民军队爱人民。,,,,,,福州市,军事类,军民关系,154,关彳山,2019-11-18,,
1091,保家卫国，人人有责。,,,,当了一名人民国防军，头脑中闪耀“保家卫国”的光荣感。与“国家兴亡，匹夫有责”成同义辞。,,福州市,军事类,军民关系,154,关彳山,2019-11-18,,
1092,军民鱼水情。,,,,,,福州市,军事类,军民关系,154,关彳山,2019-11-18,,
1093,兵民是胜利之本。,,,,,,福州市,军事类,军民关系,154,关彳山,2019-11-18,,
1094,帅在谋不在勇。,,,,,,福州市,军事类,其他,154,关彳山,2019-11-18,,
1095,胜败兵家常事。,,,,,,福州市,军事类,其他,154,关彳山,2019-11-18,,
1096,十个武将，九个没头。,,,,常年累月战斗在沙场上，死亡率高这是在所难免的。,,福州市,军事类,其他,154,关彳山,2019-11-18,,
1097,散兵游勇，毒过细菌。,,,,解放战争后期，击溃的国民党部队流散在各地的散兵游勇，祸害人民，毒过细菌，无孔不入。,,福州市,军事类,其他,154-155,关彳山,2019-11-18,,
1098,兵过篱笆破。,,,,,,福州市,军事类,其他,155,关彳山,2019-11-18,,
1099,千军易得，一将难求。,,,,,,福州市,军事类,其他,155,关彳山,2019-11-18,,
1100,强将手下无弱兵。,,,,,,福州市,军事类,其他,155,关彳山,2019-11-18,,
1101,人民军队是钢铁长城。,,,,,,福州市,军事类,其他,155,关彳山,2019-11-18,,
1102,一将功成万骨枯。,,,,,,福州市,军事类,其他,155,关彳山,2019-11-18,,
1103,"兵随将，{仔,囝}随娘。",,,,,,鼓楼区,军事类,其他,155,关彳山,2019-11-18,,
1104,"番{仔,囝}兵无队伍。",,,,,,鼓楼区,军事类,其他,155,关彳山,2019-11-18,,
0598,"斤夫两{仔,囝}。",,,,丈夫有一斤分量，儿子只有一两。丈夫是主要的依靠，儿子不一定靠得住。,,福州市,生活类,家庭伦常,81,肥羊在心里,2021-08-15,,
0599,"靠丈夫坐看吃,靠儿子跪着吃。",,,,,,福州市,生活类,家庭伦常,81,肥羊在心里,2021-08-15,,
0600,"{一,蜀}世欠{仔,囝}债。",,,,谓一生受儿子之累。,,福州市,生活类,家庭伦常,81,肥羊在心里,2021-08-15,,
0601,碰着没好婿①，一世受苦债。,,,①指丈夫。,遇着不好的丈夫，要一生受苦的。,,福州市,生活类,家庭伦常,81,肥羊在心里,2021-08-15,,
0602,"一代亲，二代表,三代掏门杓①。",,杓，方言，念diū,①拉动的门闩。,喻亲戚关系随着世代时间的推移而逐步淡化。,,福州市,生活类,家庭伦常,81,肥羊在心里,2021-08-15,,
0603,"一猪二女婿，三{仔,囝}四丈夫。",,,,"旧社会农村妇女，热爱劳动,地里生产，回到家里，第一件事先喂猪食，然后才顾及女婿、儿子、丈夫。另一解释谓有外遇的不良妇道，最疼爱的是“猪角”。福州人把男姘头称为“猪角”。",,福州市,生活类,家庭伦常,81,肥羊在心里,2021-08-15,,
0604,一罢①两奶②亲兄弟，一奶两罢是别人。,,罢，方言，念bǎ。,"①父亲。②{毋,母}亲。","旧社会劣俗:同父异{毋,母}之子为兄弟，同{毋,母}异父之子，则不认为亲属。男尊女卑又一表现。",,福州市,生活类,家庭伦常,82,肥羊在心里,2021-08-15,,
0605,"讨了媳妇死了{仔,囝}。",,,,"旧社会讲孝，实际上也有不少人是不孝的。儿子成亲后，喜欢听老婆不正确的话，自私自利，不顾父{毋,母}老人的利益。没找到媳妇，儿子还可以，成亲后便不孝，等于死了儿子，这多么令人伤心！",,福州市,生活类,家庭伦常,82,肥羊在心里,2021-08-15,,
0606,太阳从相反的方向出来，媳妇反管起婆婆。,日头单倒伡①媳妇管台家。,"单倒伡，念dōng dō。台家，念dài gō。",①从相反的方向出来。②婆婆。,媳妇管婆婆在旧社会是不孝之举，新社会不存在这个问题，谁有道理就听谁的。,,福州市,生活类,家庭伦常,82,肥羊在心里,2021-08-15,,
0607,"一鸡一鸡米，一{仔,囝}一{仔,囝}粮。",,,,旧社会倡导“儿孙自有儿孙福”的片面观，不讲计划生育。,,福州市,生活类,家庭伦常,82,肥羊在心里,2021-08-15,,
0608,一代只理一代人。,,,,,,福州市,生活类,家庭伦常,82,肥羊在心里,2021-08-15,,
0609,"一个{仔,囝}容①上天去。",,,①纵容。对独子女的过份溺爱。,,,福州市,生活类,家庭伦常,82,肥羊在心里,2021-08-15,,
0610,汤虽热还是水，泔①虽冷会粘牢②。,,泔，方言，读ang,①米汤。②粘稠。,谓血统关系的重要性。,,福州市,生活类,家庭伦常,82-83,肥羊在心里,2021-08-15,,
0611,"孝顺诸娘{仔,囝}在天边，不孝的媳妇在身边。",,,,"诸娘{仔,囝}，方言，即女孩，引伸为“女儿”。此谚说，女儿再亲，也已出嫁，不能随侍身旁;不顺眼的媳妇，却日日相见，有辛苦病痛，多少总会得到帮助扶持，劝喻婆媳和睦。",,福州市,生活类,家庭伦常,83,肥羊在心里,2021-08-15,,
0612,借债讨媳妇，嘴渴吃盐卤。,,,,旧社会要替孩子娶媳妇要花一大笔礼金。借债讨媳妇，急须用款。必然要吃高利贷的亏;媳妇再添个把孙子，旧债未还新债又添，越陷越深。人们口干吃盐卤，渴上加渴。这种苦味，旧社会借债讨媳妇的人体会最深。,,福州市,生活类,家庭伦常,83,肥羊在心里,2021-08-15,,
0613,丁香鲄越大越不值钱。,,丁香鲄，方言，念ding xing kǎ。,①闽海一种小鱼，晒干充馔，小者味美，大则味逊。,喻儿童幼时天真可爱，渐长，转觉顽皮难驯，惹人生厌。,,福州市,生活类,家庭伦常,83,肥羊在心里,2021-08-15,,
0614,麻衣挂壁非吾子，竹杖登山是我儿。,,,,不为父母披麻戴孝者不是儿子，手持孩儿杖为父母登山送葬的方算儿子.,,鼓楼区,生活类,家庭伦常,83,肥羊在心里,2021-08-15,,
0615,吃爸穿奶玩弄爹。,,,,,,鼓楼区,生活类,家庭伦常,83,肥羊在心里,2021-08-15,,
0616,家有长子，国有大臣。,,,,,,鼓楼区,生活类,家庭伦常,84,肥羊在心里,2021-08-17,,
0617,丈奶是恩人，佬马是爱人，爸妈是奴才，兄弟是仇人。,,,,现代社会家庭中出现的怪现状，虽然不合情理，但却大有在这样做着，不可取。,,鼓楼区,生活类,家庭伦常,84,肥羊在心里,2021-08-17,,
0628,亲兄弟，明算数。,,,,,,鼓楼区,生活类,家庭伦常,84,肥羊在心里,2021-08-17,,
0629,积谷防饥，积钱防老。,,,,过去是养子防老，现在养老不一定能起防老作用，积钱防老接近实际。,,福州市,生活类,家庭伦常,84,肥羊在心里,2021-08-17,,
0630,"先当鸡姆孵鸡{仔,囝}，再当牛马还仔债，后当老犬看门奴。",,,,勾勒一个女人命运，淋漓尽致，现实给家庭伦常当头一棒。,,福州市,生活类,家庭伦常,84,肥羊在心里,2021-08-17,,
0631,灶后不容三姓。,,,,灶后指家庭。一个家庭容纳不了三姓。喻旧时妯娌不和。揭穿封建大家族内部关系的不正常。,,鼓楼区,生活类,家庭伦常,84,肥羊在心里,2021-08-17,,
0632,女婿掏酒瓶。,,,,女婿有半子之谊，宴客时他有权代东执壶劝饮，尽半子之职。,,鼓楼区,生活类,家庭伦常,84,肥羊在心里,2021-08-17,,
0633,儿行千里母担忧，母行千里儿不愁。,,,,,,鼓楼区,生活类,家庭伦常,84,肥羊在心里,2021-08-17,,
0634,大人①有爱心，小人有孝心。,,,①指长辈。,长辈爱护晚辈，晚辈当然也会孝顺长辈的。,,鼓楼区,生活类,家庭伦常,84-85,肥羊在心里,2021-08-17,,
0635,"过山不见{仔,囝}啼嘛①。",,"{仔,囝}啼嘛，方言，读giang tie mà。",①儿子哭。,人既然去了，还顾儿子哭妈？既无可挽回，便置若罔闻。,,鼓楼区,生活类,家庭伦常,85,肥羊在心里,2021-08-17,,
0636,孝顺孝顺，易孝难顺。,,,,,,鼓楼区,生活类,家庭伦常,85,肥羊在心里,2021-08-17,,
0637,蛮妻恶子，天理不许。,,,,泼悍之妻与凶恶之子，不可救药，天理不相容。,,鼓楼区,生活类,家庭伦常,85,肥羊在心里,2021-08-17,,
0638,"上半世倚夫，下半世倚{仔,囝}。",,,,旧时妇女经济不能独立，只好年青时依靠丈夫，年老时依靠儿子。,,鼓楼区,生活类,家庭伦常,85,肥羊在心里,2021-08-17,,
0639,丈奶①爱妮婿②，猪肝炒韭菜。,,,①丈母娘。②女婿。,,,鼓楼区,生活类,家庭伦常,85,肥羊在心里,2021-08-17,,
0640,三岁孩儿人人爱，七十老人讨人嫌。,,,,,,鼓楼区,生活类,家庭伦常,85,肥羊在心里,2021-08-17,,
0641,无油无烛，点亮亮光。,,,,讥人虚饰浮夸华而不实。,,鼓楼区,生活类,家庭伦常,85,肥羊在心里,2021-08-17,,
0642,云里日头，后娘拳头。,,,,后娘打前婆娘的儿子，暗中下毒手。,,鼓楼区,生活类,家庭伦常,85,肥羊在心里,2021-08-17,,
0643,晚娘晚娘，六月太阳。,,,,晚娘心肠有如六月太阳一样炙毒。,,福州市,生活类,家庭伦常,86,肥羊在心里,2021-08-17,,
0644,长子无嗣次为嗣。,,,,长房无子者例以次房之子为嗣。,,鼓楼区,生活类,家庭伦常,86,肥羊在心里,2021-08-17,,
0645,长子长孙，家财双份分。,,,,长房所得祖上遗产，例必多于次房以下的一倍。,,鼓楼区,生活类,家庭伦常,86,肥羊在心里,2021-08-17,,
0646,长兄为父嫂为母。,,,,家庭中父母已故者，其兄与嫂的地位不逊父母。,,鼓楼区,生活类,家庭伦常,86,肥羊在心里,2021-08-17,,
0647,父欠债，子还钱。,,,,儿子有偿还其父生前所欠债务的责任。,,鼓楼区,生活类,家庭伦常,86,肥羊在心里,2021-08-17,,
0648,乌头叔，白头孙。,,,,在同宗中有的辈份倒挂，孙已白发苍苍，而叔叔却年轻发青。,,鼓楼区,生活类,家庭伦常,86,肥羊在心里,2021-08-17,,
0649,前杠未起，后杠先起。,,,,抬轿的杠一般先起然后起后杠。此谚喻婚姻，弟早于兄，故谓“后杠先起”，不合封建礼教的要求。今天不讲这些。,,鼓楼区,生活类,家庭伦常,86,肥羊在心里,2021-08-17,,
0650,不听全，也听半。,,,,谓妻谗于夫，其夫多少都会受到不良影响。,,鼓楼区,生活类,家庭伦常,86-87,肥羊在心里,2021-08-17,,
0651,耳边风吹散亲骨肉。,,,,妻之谗言谓之耳边风，这股软风不知不觉将亲骨肉吹散。,,福州市,生活类,家庭伦常,87,肥羊在心里,2021-08-17,,
0652,当家人，诸人嫌。,,,,当家人，精打细算，易使他人挟嫌。,,鼓楼区,生活类,家庭伦常,87,肥羊在心里,2021-08-17,,
0653,死郎罢①，苦一下；死娘奶，苦到底。,,郎罢，方言，读Yòng bà。,①父亲。,此谚讴歌了母爱的伟大。,,鼓楼区,生活类,家庭伦常,87,肥羊在心里,2021-08-17,,
0654,亲姨娘奶面。,,,,,,鼓楼区,生活类,家庭伦常,87,肥羊在心里,2021-08-17,,
0655,鲎圭①倒利术迷糊。,,鲎圭，方言，读hāo gie。,①舀水用的厨具。,用鲎圭盛术米糊，往往反被鲎圭沾了许多好处去。讥顾此失彼。,,鼓楼区,生活类,家庭伦常,87,肥羊在心里,2021-08-17,,
0656,"蜂王不在家，{峰,蜂}{仔,囝}大拍拉。①",,大拍拉，方言，读duài Pā lā。,把东西乱丢乱放，不按照原有状况。,头哥不在，儿孙乱来。,,鼓楼区,生活类,家庭伦常,87,肥羊在心里,2021-08-17,,
0657,老虎虽凶不咬子，床头那有杀儿刀。,,,,,,鼓楼区,生活类,家庭伦常,87,肥羊在心里,2021-08-17,,
0658,存嫁不怕生子。,,,,,,福州市,生活类,家庭伦常,88,肥羊在心里,2021-08-17,,
0659,热属公家，冷属私家。,,,,旧社会科学不发达，空调设备未发明。夏天炎热还可以说属公家，大家在程度不等上受炎热之苦。空调出来后，有钱有条件者可以不受此苦了。此谚由于时间的推移在不断演变着内容。,,福州市,生活类,家庭伦常,88,肥羊在心里,2021-08-17,,
0660,石板上宰鱼。,,,,石板上宰鱼，太轻宰不下，太重怕刀缺口。轻重都不是。,,福州市,生活类,家庭伦常,88,肥羊在心里,2021-08-17,,
0661,贼去关门。,,,,,,,生活类,家庭伦常,88,肥羊在心里,2021-08-17,,
0662,量力挑担，量腹吃水。,,,,,,鼓楼区,生活类,家庭伦常,88,肥羊在心里,2021-08-17,,
0663,管山吃山，管水吃水。,,,,,,鼓楼区,生活类,家庭伦常,88,肥羊在心里,2021-08-17,,
0664,舀不成瓢，夹不成箸。,,,,喻事物不成系统，有不伦不类之感。,,鼓楼区,生活类,家庭伦常,88,肥羊在心里,2021-08-17,,
0665,有花插头前。,,,,,,鼓楼区,生活类,家庭伦常,88,肥羊在心里,2021-08-17,,
0666,宁可一人饱，不要两人空。,,,,饭不多，宁可就一人吃饱，不要均分，两人都不饱。讥私利严重的人。,,鼓楼区,生活类,家庭伦常,88,肥羊在心里,2021-08-17,,
0667,有油人吃笋，无油笋吃人。,,,,煮笋要多用油，无油笋吃之于身体有害，吃越多，肚子越饿。,,鼓楼区,生活类,家庭伦常,88,肥羊在心里,2021-08-17,,
0668,和尚吃十方。,,,,佛经以东、西、南、北、东南、西南、东北、西北，上、下为十方。和尚到处化缘，所以说吃十方。,,鼓楼区,生活类,家庭伦常,88-89,肥羊在心里,2021-08-17,,
0669,唤你吃，没唤你赌。,,,,,,鼓楼区,生活类,家庭伦常,89,肥羊在心里,2021-08-17,,
0670,啼来的饼吃不香。,,,,,,鼓楼区,生活类,家庭伦常,89,肥羊在心里,2021-08-17,,
0671,早端午，晚中秋。,,,,福州人逢端午节，节宴均放在中午时间。中秋节宴均放在晚间进行。端午宴后观龙舟竞渡，中秋晚宴后便于赏月。,,鼓楼区,生活类,家庭伦常,89,肥羊在心里,2021-08-17,,
0672,茹汤合芋汁。,,,,番茄汤是甜的，芋汁带咸味，二者混在一起，很不是味道。讥两种不同味道的东西混合的坏处。,,,生活类,家庭伦常,89,肥羊在心里,2021-08-17,,
0673,橄榄核吞不下吐不出。,,,,此谚与“鸡肋食之无肉弃之有味”同义。福州盛产橄榄，此谚富有地方风味。,,福州市,生活类,家庭伦常,89,肥羊在心里,2021-08-17,,
0674,嘴渴食盐卤。,,,,嘴渴吃盐，越吃越渴，此谚喻渴不择饮的结局。,,鼓楼区,生活类,家庭伦常,89,肥羊在心里,2021-08-17,,
0675,念真方，卖假药。,,,,,,鼓楼区,生活类,家庭伦常,89,肥羊在心里,2021-08-17,,
0676,老虎又来，草鞋带又断。,,,,,,鼓楼区,生活类,家庭伦常,89,肥羊在心里,2021-08-17,,
0677,"年节排椅{仔,囝}做。",,,,谓穷人过节只能马虎应付。,,鼓楼区,生活类,家庭伦常,89,肥羊在心里,2021-08-17,,
0678,各人米煮各人饭。,,,,,,鼓楼区,生活类,家庭伦常,89,肥羊在心里,2021-08-17,,
0679,死了死远远，生的要吃饭。,,,,谓人死了无可奈何。但活着的人还是要吃饭的，要面临现实。,,鼓楼区,生活类,家庭伦常,90,肥羊在心里,2021-08-17,,
0680,有裙没裤。,,,,喻贫穷之甚。,,鼓楼区,生活类,家庭伦常,90,肥羊在心里,2021-08-17,,
0681,有脚行无路。,,,,喻没有出路。,,鼓楼区,生活类,家庭伦常,90,肥羊在心里,2021-08-17,,
0682,走远路，未拿伞欺天。,,,,喻有备无患。,,鼓楼区,生活类,家庭伦常,90,肥羊在心里,2021-08-17,,
0683,后浦奶迟出宫。,,,, 旧时，福州西郊后浦境，有女神称“后浦奶”，春社迎赛，至夜深抬出巡。喻妇女出门忙于梳扮，行动迟慢。,,鼓楼区,生活类,家庭伦常,90,肥羊在心里,2021-08-17,,
0684,竹竿下仙家。,,,,穷人缺衣，要想出门，须待仅有一套的旧衣，洗净晒干，穿着出门。坐在晒衣服竹竿下等衣穿的窘态讥为竹竿下“仙家”。,,鼓楼区,生活类,家庭伦常,90,肥羊在心里,2021-08-17,,
0685,吃南风。,,,,没饭可吃，只好吃南风。讥懒汉挨饿。,,鼓楼区,生活类,家庭伦常,90,肥羊在心里,2021-08-17,,
0686,好是好，无糟养猪母。,,,,自嘲之词，被人赞扬生活好，而家里连养猪的饲料都没有。,,鼓楼区,生活类,家庭伦常,90-91,肥羊在心里,2021-08-17,,
0687,烂桃烂李，好吃无比。,,,,水果烂熟，格外甜口，故有此谚。,,鼓楼区,生活类,家庭伦常,91,肥羊在心里,2021-08-17,,
0688,科题①穿靴蛮伯②。,夹一箸，咐一面前襟①。,蛮伯，读mān bá。,,①福州称闽江船上人曰“科题”，旧社会贬称，乃少数民族昼族。②难受，不自然。,,福州市,生活类,衣食住行,91,肥羊在心里,2021-08-17,,
0689,夹一箸，油渍满胸前。,,,①油渍抖落在胸前衣服上。,讥讽办事不利索者。,,福州市,生活类,衣食住行,91,肥羊在心里,2021-08-17,,
0690,钱胆衣裳威。,,,,出外谋事，金钱和仪表不可短缺。有“床头黄金尽，壮士无颜色”的意味。讽喻旧时世人不仅以貌取人，而且无钱不行。,,福州市,生活类,衣食住行,91,肥羊在心里,2021-08-17,,
0691,一年盼望一年好，汗衫补成破夹袄①。,,夹袄，方言，念gǎ wǒ。,①双重布料缝制成御寒内衣。,旧社会人们盼望好日子到来，结果一年不如一年。,,福州市,生活类,衣食住行,91,肥羊在心里,2021-08-17,,
0775,"伲{仔,囝}痞①大{人,侬}灾。",,"伲{仔,囝}痞，方言。",①小孩子吵架。,小孩子吵架，家长应当明理先管教自己孩子。否则双方互为指责，必然会导致大灾。,,,生活类,子女教育,102-103,肥羊在心里,2021-08-18,,
0776,"鸡上斤，{仔,囝}上十。",,,,鸡长到一斤，可吃。儿子长到十岁，非管教不可。,,鼓楼区,生活类,子女教育,103,肥羊在心里,2021-08-18,,
0777,严师出高徒，严父出孝子。,,,,,,鼓楼区,生活类,子女教育,103,肥羊在心里,2021-08-18,,
0778,宁可养贼子①，不可养𪴯奴②。,,"𪴯奴，方言，读nuòng lū。",①这里所指的贼子，指机智。②傻瓜。,养儿要养聪明的，千万不要养傻瓜。,,鼓楼区,生活类,子女教育,103,肥羊在心里,2021-08-18,,
0779,不知亲，只知爱。,,,,孩子只懂得爱，不懂谁亲谁疏。孩子是跟着感觉走。,,鼓楼区,生活类,子女教育,103,肥羊在心里,2021-08-18,,
0780,后生不听老人言，后悔时间长。,,,,,,鼓楼区,生活类,子女教育,103,肥羊在心里,2021-08-18,,
0781,"呆{仔,囝}①细心豢②。",,"呆{仔,囝}，方言。","①坏儿子{：,。}②培养{,。}",不好的孩子，要细心地长期地进行教育。,,鼓楼区,生活类,子女教育,103,肥羊在心里,2021-08-18,,
0782,甜药主温，苦药主寒。,,,,,,福州市,生活类,卫生保健,104,肥羊在心里,2021-08-18,,
0783,千金难买老来瘦。,,,,,,福州市,生活类,卫生保健,104,肥羊在心里,2021-08-18,,
0784,有钱难买六月泻①。,,,①拉肚子。,六月大夏炎热，闽人多结肠，能够得到拉肚子，十分难得。,,福州市,生活类,卫生保健,104,肥羊在心里,2021-08-18,,
0785,病从口入，祸从口出。,,,,,,福州市,生活类,卫生保健,104,肥羊在心里,2021-08-18,,
0786,拉渣①吃，拉渣肥。,,拉渣，方言，读nà zā。,①肮脏。,肮脏吃食也一样会胖。不卫生的偏见。,,福州市,生活类,卫生保健,104,肥羊在心里,2021-08-18,,
0787,平常吃素防胖，饭后百步助消化，找个丑媳妇保精神，长寿百岁三要诀。,,,,,,福州市,生活类,卫生保健,104,肥羊在心里,2021-08-18,,
0788,久病成郎中。,,,,喻实践经得多了，外行也成了内行。,,福州市,生活类,卫生保健,104,肥羊在心里,2021-08-18,,
0789,长病无孝子。,,,,又称“久病床头无孝子”。长病缠绵病榻，虽至亲骨肉侍奉汤药，也有倦怠疏忽之时。喻凡事不应求全责备。,,福州市,生活类,卫生保健,104,肥羊在心里,2021-08-18,,
0790,七成八败九成人。,,,,谓妇女怀孕，七个月出生者可活，八个月出生者多死亡，九个月出生者安全。有无科学根据，待查。,,福州市,生活类,卫生保健,104-105,肥羊在心里,2021-08-18,,
0791,病疳爱吃香。,,病疳，方言，念ban gan,,病疳病名，闽中医指为小儿血吸虫病，临床表现面黄肌瘦，腹部膨胀，这类病孩多喜欢吃香酥的糖饼。,,福州市,生活类,卫生保健,105,肥羊在心里,2021-08-18,,
0792,会胖胖身体，不胖胖面颊。,,,,,,鼓楼区,生活类,卫生保健,105,肥羊在心里,2021-08-18,,
0793,老人好象风前烛。,,,,,,鼓楼区,生活类,卫生保健,105,肥羊在心里,2021-08-18,,
0794,男怕穿靴，女怕戴帽。,,,,男怕脚肿，女怕脸肿，表明病已沉重。,,鼓楼区,生活类,卫生保健,105,肥羊在心里,2021-08-18,,
0795,葱补丹田麦补脾。,,,,这是宋朱熹，示女诗中的一句，后称为民谚。说明葱能通窍补体，麦补脾胃。,,鼓楼区,生活类,卫生保健,105,肥羊在心里,2021-08-18,,
0796,吃死皮包骨。,,,,虽然吃饱吃好，然而还是胖不了。讥得利不受益者。,,鼓楼区,生活类,卫生保健,105,肥羊在心里,2021-08-18,,
0797,嘴无三日疮。,,,,嘴里生东西过不了三天就会自愈的。有科学价值。,,鼓楼区,生活类,卫生保健,105,肥羊在心里,2021-08-18,,
0798,烂臁脚，碰门限。,,烂脚臁，方言，读lan ko lian。,①下肢脚前方因生东西而溃烂长期不愈。,脚疼又碰击了门限，疼上加疼。与“雪上加霜”同义。,,鼓楼区,生活类,卫生保健,105-106,肥羊在心里,2021-08-18,,
0799,珠①前疹②后。,,,①方言出珠即出天花。②即麻疹。,小儿病症。天花发病初期要及时治疗，误时就会导致麻脸，招来一生不幸。麻疹患者重在后期调理，养病时间长及一个月，福州多以荸荠磨汁熬汤当茶水天天饮用。,,鼓楼区,生活类,卫生保健,106,肥羊在心里,2021-08-18,,
0800,三日风，两日雨。,,,,喻儿童在养育过程中多病多疼。,,鼓楼区,生活类,卫生保健,106,肥羊在心里,2021-08-18,,
0801,三十如狼，四十如虎。,,,,一般来说女性三十岁至四十岁之间属于性功能亢进期。,,鼓楼区,生活类,卫生保健,106,肥羊在心里,2021-08-18,,
0802,人未老，腿先老。,,,,老年人衰老标志，首先步履蹒跚。,,鼓楼区,生活类,卫生保健,106,肥羊在心里,2021-08-18,,
0803,土地公流清汗，财多身弱。,,,,谓富者多病。,,鼓楼区,生活类,卫生保健,106,肥羊在心里,2021-08-18,,
0804,心宽出少年。,,,,谓心怀舒畅，不易衰老。,,鼓楼区,生活类,卫生保健,106,肥羊在心里,2021-08-18,,
0805,热药冷吃，凉药热吃，破药轻煎，补药浓熬。,,,,,,福州市,生活类,卫生保健,107,肥羊在心里,2021-08-18,,
0806,久廯成癞。,,,,患顽固性廯的皮肤病，不可轻视，久治不愈，会转化为廯更严重的病癞恶疾。,,福州市,生活类,卫生保健,107,肥羊在心里,2021-08-18,,
0807,头过参，二过茶。,,,,吃参要吃第一次泡的，味浓又滋补。喝茶要喝二过茶，茶香又爽口，喝出味道来。,,鼓楼区,生活类,卫生保健,107,肥羊在心里,2021-08-18,,
0808,头疼川芎，腰痛杜仲。,,,,川芎治头疼，杜仲治腰痛，是常用中草药。,,鼓楼区,生活类,卫生保健,107,肥羊在心里,2021-08-18,,
0809,儿童身上三笼火，老人身上三桶水。,,,,,,福州市,生活类,卫生保健,107,肥羊在心里,2021-08-18,,
0810,郎中自病不能医。,,,,,,鼓楼区,生活类,卫生保健,107,肥羊在心里,2021-08-18,,
0811,鱼弟肉妹。,,,,闽人俗传，妇女怀孕，喜食鱼类者生男，喜吃肉类者生女，有什么科学依据，待查。,,鼓楼区,生活类,卫生保健,107,肥羊在心里,2021-08-18,,
0812,千金难买心头愿。,,,,,,福州市,生活类,幸福观,107,肥羊在心里,2021-08-18,,
0813,一喜压千灾。,,,,,,福州市,生活类,幸福观,107,肥羊在心里,2021-08-18,,
0814,"宁作城里{狗,犬}，不作乡下{人,侬}。",,,,旧社会中国广大农村充斥着奴役、压迫与愚昧，绝大部份农民挣扎在死亡线上，生活过得不如狗。所以当时有这条流行时谚。如今广大农村，一片片欣欣向荣，农民生活大幅度提高，赶走饥荒，迎来拖拉机、三用机、电视机、洗衣机……等等。,,福州市,生活类,幸福观,107-108,肥羊在心里,2021-08-18,,
0815,"早{仔,囝}救得穷。",,,,旧时提倡早婚多子，故有此谚。不可取。,,鼓楼区,生活类,幸福观,108,肥羊在心里,2021-08-20,,
0816,福气福气，有福就有气。,,,,有福之人，家庭成员多，人多口杂，难免有气受。,,鼓楼区,生活类,幸福观,108,肥羊在心里,2021-08-20,,
0817,"育{仔,囝}易脱痞①，看孙看到死。",,脱痞，方言，读tòng Pi。,脱壳或释为脱手。,抚育儿子容易脱手，为孙子当保姆要很长时间。,,,生活类,幸福观,108,肥羊在心里,2021-08-20,,
0818,命长有奶奶做。,,,,此谚极为符合旧社会落后性，办事慢吞吞，不讲效率，生产建设被世界强国远远抛在后面。在当时，要想办一些事，非长寿不可。此谚另一解释与“只要青山在，不怕没柴烧”同义。,,福州市,生活类,幸福观,108,肥羊在心里,2021-08-20,,
0819,无柴乐，无米乐。,,,,谓苦中作乐。与“黄连树下弹琴”同义。,,鼓楼区,生活类,幸福观,108,肥羊在心里,2021-08-20,,
0820,风吹鸭蛋壳，财破人安乐。,,,,,,鼓楼区,生活类,幸福观,108,肥羊在心里,2021-08-20,,
0821,爹有奶有不如自己有。,,,,,,福州市,生活类,幸福观,109,肥羊在心里,2021-08-20,,
0822,天光眠，夹骨肉。,,,,黎明时节是人们最好睡的时刻。用“夹骨肉”来形容人们舍不得离开床第何等之贴切。,,福州市,生活类,幸福观,109,肥羊在心里,2021-08-20,,
0823,手术刀不如剃刀，教书不如养猪，工程师不如猪猪，教授不如买番茄，作家不如卖花。,,,,喻“脑体倒挂”的怪现状。,,福州市,生活类,幸福观,109,肥羊在心里,2021-08-20,,
0824,"{仔,囝}呀{仔,囝}，不如身边“一包{仔,囝}”。",,,,"这里的“一包{仔,囝}”指钱包。仔亲孙亲不如钱亲。表明旧社会早就流行拜金主义。",,鼓楼区,生活类,幸福观,109,肥羊在心里,2021-08-20,,
0825,一猪猪①，二医师，三厨师。,,,“猪猪”象声词，指开车司机。,七十年代社会上吃香的职业，是司机、医师、厨师。,,福州市,生活类,幸福观,109,肥羊在心里,2021-08-20,,
0826,爹亲娘亲没有人民币亲。,,,,有一定道理。过分了就与拜金主义同出一辙，不可取。,,福州市,生活类,幸福观,109,肥羊在心里,2021-08-20,,
0827,麻脸诸娘爱涂粉，癞头妇女爱戴花。,,,,,,鼓楼区,生活类,幸福观,109,肥羊在心里,2021-08-20,,
0828,辛苦不如艰苦。,,,,劳力者辛苦，劳心者艰苦，两者相比较，劳心者更苦。,,鼓楼区,生活类,幸福观,109,肥羊在心里,2021-08-20,,
0829,有福同享，有难同当。,,,,,,鼓楼区,生活类,幸福观,109,肥羊在心里,2021-08-20,,
0830,有福自然来。,,,,,,鼓楼区,生活类,幸福观,110,肥羊在心里,2021-08-20,,
0831,破财益命。,,,,,,鼓楼区,生活类,幸福观,110,肥羊在心里,2021-08-20,,
0832,破着不玩乐，死了硬核核①。,,核核，方言，读kōu kōu。,①僵硬。,提倡享乐主义，不可取。,,鼓楼区,生活类,幸福观,110,肥羊在心里,2021-08-20,,
0833,只能共患难，不能同富贵。,,,,,,鼓楼区,生活类,幸福观,110,肥羊在心里,2021-08-20,,
0834,"诸娘{仔,囝}十八变，上轿又一变。",,,,,,鼓楼区,生活类,幸福观,110,肥羊在心里,2021-08-20,,
0835,掏①箸遮鼻。（附记）,,掏，方言，读dōu。,①取、拿。,福州民间传说：古时有个缺鼻的男子，洞房花烛夜与新娘共饮合欢酒时，为了掩盖鼻子的毛病，临时用筷子遮掩。筷子体质小，无法掩盖，缺鼻的原形照样毕露。,,福州市,生活类,其它,110,肥羊在心里,2021-08-20,,
0836,一个钱买针也要看鼻①。,,,①针孔。,针价虽贱，也要经过挑选。,,福州市,生活类,其它,110,肥羊在心里,2021-08-20,,
0837,压鸡不成孵。,,,,强迫母鸡孵蛋是孵不了的。与“强扭的瓜不甜”同义。,,福州市,生活类,其它,110,肥羊在心里,2021-08-20,,
0838,偷捉鸡姆①不论重。,,,①母鸡。,偷的东西，出卖的时候不讲价钱的。刻画销赃者嘴脸。,,福州市,生活类,其它,111,肥羊在心里,2021-08-20,,
0839,男人三十一枝花，女子三十老人家。,,,,,,福州市,生活类,其它,111,肥羊在心里,2021-08-20,,
0840,"一世大人，两世{妮,伲}{仔,囝}①。",,"伲{仔,囝}，方言，读liē giǎng。",①儿童,到了老年，头脑糊涂，仿佛变成儿童一样天真。,,福州市,生活类,其它,111,肥羊在心里,2021-08-20,,
0841,圣公殿水两头涨。,,,,圣公殿过去设在福州南台上杭街与闽江毗邻，河水涨潮两头进庙。此谚喻发财如水涨之意。,,鼓楼区,生活类,其它,111,肥羊在心里,2021-08-20,,
0842,男人膝下有黄金。,,,,旧时，男人不能轻易向女人下跪的，表示男尊女卑。如今，男女平等，在求爱时男人多数拜倒石榴裙下。时代不同，习尚也不同了。,,福州市,生活类,其它,111,肥羊在心里,2021-08-20,,
0843,和尚寺借蓖梳。,,,,,,,生活类,其它,111,肥羊在心里,2021-08-20,,
0844,拍落身①，以为做喜事。,,，方言，念Pālō xin。,①打胎。,旧时，打胎原认为羞耻之事，值不得高兴，否则便会招人非议。,,鼓楼区,生活类,其它,111,肥羊在心里,2021-08-20,,
0845,大目看不见灶。,,,,,,鼓楼区,生活类,其它,112,肥羊在心里,2021-08-20,,
0846,金蝉叫荔枝红，蛤蟆叫提火笼。,阿姨①叫荔枝红，蛤蟆叫熏②火笼③,阿姨，方言，读āyi。,①金蝉。②提。③过去闽人贫困者冬天提在手上用来暖身的特别小火笼。,,,,自然类,时令,114,肥羊在心里,2021-08-20,,
0847,金蝉鸣夏天到，蛤蟆叫冬天至。,,,,,,福州市,自然类,时令,114,肥羊在心里,2021-08-20,,
0848,清明谷雨，寒死老鼠。,,,,福州地区一般情况下，春寒较为寒冷。,,福州市,自然类,时令,114,肥羊在心里,2021-08-20,,
0849,热不急脱衣，冷不急穿棉。,,,,与“凉九暖三”同义。,,福州市,自然类,时令,114,肥羊在心里,2021-08-20,,
0850,凉九暖三。,,,,闽人注意时令穿戴。农历九月已进入深秋季节，寒意袭人，际此时候不宜一下子多穿衣，要让暑气散尽，再多穿御寒之衣。福州另有时谚：“十二月中暑”可作佐证。农历三月福州已步入夏天，虽然天气一天比一天暖和起来，但不宜衣服穿太少了。这样容易着凉受寒染上流行性感冒。体温承受外界的气候变化有个过渡适应期，很有科学道理。,,福州市,自然类,时令,114,肥羊在心里,2021-08-20,,
0851,二八乱穿衣。,,,,,时谚。福州是海洋性气候、又处于亚热带，每年农历二月与八月前后，气候寒暖无常，人们体质适应性各不相同。因此，出现了同一节候中穿着各不相同，有的冬服，有的夏装，穿戴五花八门。,福州市,自然类,时令,114,肥羊在心里,2021-08-20,,
0852,"十二月{廾,廿} 五，老鼠做新妇。",,,,,传说，闽地是日老鼠嫁女，究竟根据什么，有待科学查考。,福州市,自然类,时令,114-115,肥羊在心里,2021-08-20,,
0853,七人八谷九玉皇。,,,,闽俗，正月初七为人的本命日，初八为五谷生日，初九为玉皇诞。,,福州市,自然类,时令,115,肥羊在心里,2021-08-20,,
0854,二月日子长，糟菜①垫腹肠。,,糟菜，方言，读zāo cai。,①闽地土特产，盐腌芥菜，数月而成，酸甜可口，可供佐餐。,,闽地旧社会穷人吃不了鱼肉，佐餐菜肴多是糟菜。到了农历二月昼长夜短，只好用此菜充饥度日。,福州市,自然类,时令,115,肥羊在心里,2021-08-20,,
0855,月完卯，日出辰。,,,,旧时以地支十二计时，卯为黎明之时辰为日出之时。古代所谓点卯就是黎明上班报到之意。说明古代爱惜光阴。,,福州市,自然类,时令,115,肥羊在心里,2021-08-20,,
0856,冬至寒，透年寒。,,,,冬至那天气候寒冷，整个冬春都是冷的。,,鼓楼区,自然类,时令,115,肥羊在心里,2021-08-20,,
0857,冬节盲①，夏至日。,,盲，方言，念mān。,①夜。,冬至那一天全年中的夜最长，夏至那一天全年中的日最长。,,鼓楼区,自然类,时令,115-116,肥羊在心里,2021-08-20,,
0858,关公磨刀水。,,,,旧历五月十三日相传关羽生日，此日前后，福州水汛高涨，易为洪患。,,鼓楼区,自然类,时令,116,肥羊在心里,2021-08-21,,
0859,春分秋分，日夜平分。,,,,福州节气，春分与秋分这一天，日夜时间一样长短。,,鼓楼区,自然类,时令,116,肥羊在心里,2021-08-21,,
0860,春无三日晴。,,,,福州气候，春天多雨。,,鼓楼区,自然类,时令,116,肥羊在心里,2021-08-21,,
0861,三月三，老婆婆掏扇换⿰纟齐衫。,,,,说明此时已开始转暖，甚至发生骤暖，老人家纷纷持扇换薄衫了。,,鼓楼区,自然类,时令,116,肥羊在心里,2021-08-21,,
0862,燕来三月三，燕去七月半。,,,,闽地气候季节谚语。旧历三月乃夏将至，旧历七月半秋季开端，燕子怕冷，暖来冷去。,,福州市,自然类,时令,116,肥羊在心里,2021-08-21,,
0863,八月日无晡，无用诸娘满灶摸。,,,,八月日短夜长，不会做事的妇人往往来不及煮晚饭。,,鼓楼区,自然类,时令,116,肥羊在心里,2021-08-21,,
0864,冬节是月尾，收起犁耙去烘火。,,,,十一月下旬冬至，主大寒，农村无法生产，过着冬闲烘火取暖的日子。,,鼓楼区,自然类,时令,116-117,肥羊在心里,2021-08-21,,
0865,冬节是月头，棉被盖过头。,,,,谓冬至在旧历十一月上旬，气候主寒。,,鼓楼区,自然类,时令,117,肥羊在心里,2021-08-21,,
0866,冬节是月中无雪又无霜。,,,,谓冬至在旧历十一月中旬，主暖。,,鼓楼区,自然类,时令,117,肥羊在心里,2021-08-21,,
0867,六月大夏，打狗不出门。,,,,,,鼓楼区,自然类,时令,117,肥羊在心里,2021-08-21,,
0868,未食五月粽，寒衣不可送。,,,,,,鼓楼区,自然类,时令,117,肥羊在心里,2021-08-21,,
0869,六月大暑晒不死，七月秋烘烘死人。,,,,福州气候，旧历七月秋老虎比六月大夏还热。,,鼓楼区,自然类,时令,117,肥羊在心里,2021-08-21,,
0870,寒暑不登楼。,,,,,,鼓楼区,自然类,时令,117,肥羊在心里,2021-08-21,,
0871,黝九①一寒抵九寒。,,黝九，方言，读ao goo。亦作拗九或后九。,①农历正月廿九日为黝九节，入春较冷的一天。此日寒，他日就不寒了。,,,鼓楼区,自然类,时令,117,肥羊在心里,2021-08-21,,
0872,破鼓可以救月，破屏风可以抵煞。,,,,闽人有这么一种民间传说，月蚀擂鼓，可以把月救活过来。厅堂排设的屏风不光是装饰品，同时还能抵煞作用。说明一件东西总有它的使用价值。,,福州市,自然类,天文,117,肥羊在心里,2021-08-21,,
0873,天不和生虹，人不和生事。,,,,旧说以虹为天地之淫光。所以说天之出虹与人之不和划等号，皆列为不详之兆。,,福州市,自然类,天文,117-118,肥羊在心里,2021-08-21,,
0874,七舐八舐①，没水过峡。,,舐，方言，读niá,①闪电之光。,光闪电，不打雷，气候主干旱。,,福州市,自然类,气象,118,肥羊在心里,2021-08-21,,
0875,鼓山戴帽，水缸穿裙，必然雨至。,,,,鼓山蒙上云雾，家中水缸潮湿主雨,,福州市,自然类,气象,118,肥羊在心里,2021-08-21,,
0876,日照罩①，雨就到。,,罩，方言，读dǎo。,①中午。,福州气候，凡是阴天，中午出太阳，必然午后下雨。,,福州市,自然类,气象,118,肥羊在心里,2021-08-21,,
0877,热过头，雹打头。,,,,福州气候处亚热带兼海洋性，一年四季树常青，气候暖和。如果发现突然燥热，特别是春夏之交，就会下冰雹。,,福州市,自然类,气象,118,肥羊在心里,2021-08-21,,
0878,一日南风三日暴。,,,,福州一刮起东南风，主晴天也气温骤高。特别在春天的时候，凡是刮南风，气温上升，主三日内必有雨。,,福州市,自然类,气象,118-119,肥羊在心里,2021-08-21,,
0879,江不和生浪，天不和生风，人不和生事。,,,,,,福州市,自然类,气象,119,肥羊在心里,2021-08-21,,
0880,久雨必有久晴，久晴必有久雨。,,,,,,福州市,自然类,气象,119,肥羊在心里,2021-08-21,,
0881,火烟缠厝，大雨就到。,,,,,,鼓楼区,自然类,气象,119,肥羊在心里,2021-08-21,,
0882,月晕晴，日晕雨。,,,,月周围有晕色主晴且旱。日有晕主雨且涝。,,鼓楼区,自然类,气象,119,肥羊在心里,2021-08-21,,
0883,月光照烂地，越下越有味。,,,,谓雨初晴忽而有月，主复有大雨。,,鼓楼区,自然类,气象,119,肥羊在心里,2021-08-21,,
0884,风台不大，回南倒大。,,,,福州台风起时均为西北风，将止转向南风，谓“回南”。此时南风往往大过西北风。此谚讥本末倒置。,,鼓楼区,自然类,气象,119,肥羊在心里,2021-08-21,,
0885,"六月风台生九{仔,囝}，七月风台无回南。",,,,,,鼓楼区,自然类,气象,119,肥羊在心里,2021-08-21,,
0886,六月防初，七月防半。,,,,福州台风多发生在旧历六月上旬和七月下旬。,,鼓楼区,自然类,气象,119-120,肥羊在心里,2021-08-21,,
0887,六月初三雨，七月多晡时。①。,,晡时，方言，读bō uì。,①阵雨。,福州气候，旧历六月初三如果有雨，主七月多阵雨。,,鼓楼区,自然类,气象,120,肥羊在心里,2021-08-21,,
0888,雷声大，雨点小。,,,,,,鼓楼区,自然类,气象,120,肥羊在心里,2021-08-22,,
0889,出日头拿伞老客。,,,,,,福州市,自然类,气象,120,肥羊在心里,2021-08-22,,
0890,芒种下雨火烧街，夏至下雨烂之戳①。,,烂之戳，方言，读uan zí zē。,①湿漉漉。,福州气候，芒种季节这天下雨主旱，夏至这天下雨主涝。,,鼓楼区,自然类,气象,120,肥羊在心里,2021-08-22,,
0891,初三十八大。,,,,初三和十八均涨潮时日，洪水特别大。,,鼓楼区,自然类,气象,120,肥羊在心里,2021-08-22,,
0892,重阳无雨一冬晴。,,,,福州气候，重阳节这天无雨，整个冬天少雨偏晴。,,鼓楼区,自然类,气象,120,肥羊在心里,2021-08-22,,
0893,南嘈风，北嘈雨。,,,,闽海波涛吼声谓之“嘈”。南向的嘈主风，北向的嘈主雨。,,鼓楼区,自然类,气象,120,肥羊在心里,2021-08-22,,
0894,六月出门带棉袄老客。,,,,闽地台风一来，六月大夏也会有冷空气南下也要穿冬衣。,,福州市,自然类,气象,120,肥羊在心里,2021-08-22,,
0895,南平水，鼓山平。,,,,闽江上游南平市的江河水可与福州东郊的胜地海拔969米。,,福州市,自然类,山川地理,121,肥羊在心里,2021-08-22,,
0896,一旗二鼓三白云。,,,,"竖立在福州东郊的三座名山：旗山，海拔1000米，{古,鼓}山，海拔969米，琅岐岛上的白云山，海拔500米。",,福州市,自然类,山川地理,121,肥羊在心里,2021-08-22,,
0897,流沙看江口，模模糊糊。,,,,流沙与江口都是闽侯县南屿乡的自然村的名字，两村相距，看得见，见不清。借以指人们对事物认识的模糊。,,福州市,自然类,山川地理,121,肥羊在心里,2021-08-22,,
0898,三山藏，三山现，三山看不见。,,,,此谚乃福州别称的典故。福州城内有九山。于山（五一广场北），乌山（环城路东）、屏山（华林路北）谓三山观；罗山（法海路）、玉尺山（光禄坊），冶山（中山路）谓三山藏；龙山（龙山巷）、芝山（经院巷）、钟山（大中寺巷）谓三山看不见。,,福州市,自然类,山川地理,121,肥羊在心里,2021-08-22,,
0899,福州好鼓楼，兴化好涵头。,,,,鼓楼是福州历代政治、文化中心。闽都（即省会）衙门所在地，涵头是福建兴化县的重镇。这两个地方有它自己特殊位置，故有此谚。,,鼓楼区,自然类,山川地理,121-122,肥羊在心里,2021-08-22,,
0900,兴鼓山，败西禅。,,,,福州的鼓山涌泉寺与西郊西禅寺均源于古田雪峰寺。先有西禅，到宋初兴建鼓山涌泉寺后，西禅烟火慢慢衰落。故有此谚。喻事物一兴一衰是自然规律。,,鼓楼区,自然类,山川地理,122,肥羊在心里,2021-08-22,,
0901,十二月灯马没脚都会跑。,,,,照明用的油灯，福州人称灯马，灯马与马谐音，它没有腿，可是到了年终的时候也会跑。说明旧社会穷人为了过年，人人都得为还债而奔忙。,,福州市,自然类,物候,122,肥羊在心里,2021-08-22,,
0902,猫投穷，犬投富。,,,,穷人家食物奇缺，老鼠无隔日粮，经常出洞觅食，故猫多往穷家走动，因为那里有鼠可抓。富人家为防盗贼，多养犬守户。富家的狗吃的好，所以其他地方的狗也多往那里钻。,,鼓楼区,自然类,物候,122,肥羊在心里,2021-08-22,,
0903,猫无盲①，犬无罩②。,,盲，方言，念màn。罩，方言，念dāo。,①晚餐。②午餐。,猫不备晚餐，吃了晚餐就不想抓老鼠。犬不备午餐，吃了午餐，桌下的骨头就不吃了，吃饱睡懒觉，将影响守户。,,鼓楼区,自然类,物候,122,肥羊在心里,2021-08-22,,
0904,四月八，一滴雨，一盆蚱。,,蚱，方言，念ta。,①海蜇皮,谓是日雨，主海蜇皮多产。,,鼓楼区,自然类,物候,123,肥羊在心里,2021-08-22,,
0905,老虎吃苍蝇有吃没吞。,,,,,,福州市,自然类,物候,123,肥羊在心里,2021-08-22,,
0906,老虎啣破粽衣有咬没吃。,,,,,,福州市,自然类,物候,123,肥羊在心里,2021-08-22,,
0907,死老虎好打，活老鼠难抓。,,,,,,鼓楼区,自然类,物候,123,肥羊在心里,2021-08-22,,
0908,老蛇走弯弯，老虎走下山。,,,,蛇直走迅速弯走慢，虎前脚短后脚长，登山快下山慢，要躲避蛇虎所害，应用此谚，有科学依据。,,鼓楼区,自然类,物候,123,肥羊在心里,2021-08-22,,
0909,天塌高人顶，地塌满江浮。,,,,谓某些事故发生，有人承担责任，而某些同样的事故发生，由于没人承担责任，便会造成广泛性的不良影响。,,福州市,自然类,其他,123,肥羊在心里,2021-08-22,,
0910,到来福地非为福，出得仙霞始是仙。,,,,旧时闽地穷困，外省人不喜欢到福建做官，来闽视为畏途，一旦离去走出闽浙隔界仙霞岭，便就觉得轻松飘飘欲仙了。此古谚说明当时福建的落后。,,鼓楼区,自然类,其他,123,肥羊在心里,2021-08-22,,
0999,老马老马①，三日不打变祖马②。,,"老马，方言，lào mǎ。祖马，方言，zúma。",①老婆。②祖母。,老婆三天不打便成了祖母。旧社会曲解妇女。,,,偏见类,封建迷信,140,肥羊在心里,2021-08-22,,
1000,听了老婆嘴，最终会后悔。,,,,旧社会曲解妇女。,,,偏见类,封建迷信,140,肥羊在心里,2021-08-22,,
1001,女子拉尿变成油，也须男子挑去卖。,,,,女子有本事也得靠男子，封建社会的一种严重偏见。,,,偏见类,封建迷信,140,肥羊在心里,2021-08-22,,
1002,女界①欲妆，没救天苍。,,,,凡是喜欢打扮的妇女都不好，这是旧社会男尊女卑的偏见。,,,偏见类,封建迷信,140,肥羊在心里,2021-08-22,,
1003,宁看男孩子屁股，不看女儿的脸面。,"宁看唐晡{仔,囝}①屁股，不看诸娘{仔,囝}②脸面。","唐晡仔，方言，念dúo bō giǎng。诸娘{仔,囝}，方言，念jū jūn giǎng。",①男孩。②女儿。,封建社会重男轻女的严重偏见。,,福州市,偏见类,封建迷信,140-141,肥羊在心里,2021-08-22,,
1004,天上雷公，地上舅公。,,,,福州旧俗对娘家的舅辈都十分尊重，舅父乃三父八母之一，舅公谓祖舅公，辈份更高，后辈当然要和害怕天上雷公一样害怕舅公。,,福州市,偏见类,封建迷信,141,肥羊在心里,2021-08-22,,
1005,一家千口，福在一人。,,,,此谚，反映闽地的一种宿命的思想观念。认为一个大家庭（族）的兴旺，有赖于家中出了大富大贵的好命人。,,福州市,偏见类,封建迷信,141,肥羊在心里,2021-08-22,,
1006,门风相对，鞋鼻相交。,,,,封建社会婚姻主张门当户对，穷与穷搭配，富与富攀亲。当时人们认为这是合情合理的鞋鼻相交。,,福州市,偏见类,封建迷信,141,肥羊在心里,2021-08-22,,
1007,"乞养{仔,囝}难进祠堂。",,,,封建社会宗法规定，非亲生的过继之子，宗族不予承认。,,福州市,偏见类,封建迷信,141,肥羊在心里,2021-08-22,,
1008,公婆坐得正。,,,,化险为夷，转危为安，旧俗认为这是祖先积德庇佑的结果。,,鼓楼区,偏见类,封建迷信,141,肥羊在心里,2021-08-22,,
1009,未生人，先生命。,,,,宿命论者持的反动观点。虽然不被人认可，然而此谚却十分流行，多为失意者的咏叹调。,,鼓楼区,偏见类,封建迷信,141,肥羊在心里,2021-08-22,,
1010,未注生，先注死。,,,,宿命论者胡说八道。,,鼓楼区,偏见类,封建迷信,141-142,肥羊在心里,2021-08-22,,